[0.000000] (-) TimerEvent: {}
[0.000145] (-) JobUnselected: {'identifier': 'alien_gazebo_resources'}
[0.000206] (-) JobUnselected: {'identifier': 'lvhr_controller'}
[0.000226] (-) JobUnselected: {'identifier': 'mrs_uav_px4_api'}
[0.000243] (-) JobUnselected: {'identifier': 'srt_controller'}
[0.000273] (px4) JobQueued: {'identifier': 'px4', 'dependencies': OrderedDict()}
[0.000297] (px4) JobStarted: {'identifier': 'px4'}
[0.005475] (px4) JobProgress: {'identifier': 'px4', 'progress': 'cmake'}
[0.005911] (px4) Command: {'cmd': ['/usr/bin/cmake', '/home/adamgb/phd/gazebo_ws/src/px4_firmware', '-DCMAKE_BUILD_TYPE=Release', '-DCMAKE_INSTALL_PREFIX=/home/adamgb/phd/gazebo_ws/install/px4'], 'cwd': '/home/adamgb/phd/gazebo_ws/build/px4', 'env': OrderedDict({'GZ_SIM_SYSTEM_PLUGIN_PATH': '/opt/ros/jazzy/lib/mrs_gazebo_common_resources', 'HYPRCURSOR_THEME': 'Bibata-Modern-Ice', 'QT_SCALE_FACTOR': '1', 'GZ_SIM_RESOURCE_PATH': '/opt/ros/jazzy/share', 'HYPRLAND_CMD': 'Hyprland --watchdog-fd 4', 'HYPRLAND_INSTANCE_SIGNATURE': 'efb50993780079460b0cbed1363e2166a2de1d9f_1790332321_1325343215', 'USER': 'adamgb', 'FONTCONFIG_PATH': '/etc/fonts', 'GIO_MODULE_DIR': '/home/adamgb/snap/code/common/.cache/gio-modules', 'GZ_CONFIG_PATH': '/opt/ros/jazzy/opt/gz_sim_vendor/share/gz:/opt/ros/jazzy/opt/sdformat_vendor/share/gz:/opt/ros/jazzy/opt/gz_gui_vendor/share/gz:/opt/ros/jazzy/opt/gz_transport_vendor/share/gz:/opt/ros/jazzy/opt/gz_rendering_vendor/share/gz:/opt/ros/jazzy/opt/gz_plugin_vendor/share/gz:/opt/ros/jazzy/opt/gz_fuel_tools_vendor/share/gz:/opt/ros/jazzy/opt/gz_msgs_vendor/share/gz:/opt/ros/jazzy/opt/gz_common_vendor/share/gz', 'XDG_SEAT': 'seat0', 'GTK_EXE_PREFIX_VSCODE_SNAP_ORIG': '', 'XDG_SESSION_TYPE': 'wayland', '__GLX_VENDOR_LIBRARY_NAME': 'nvidia', 'GIT_ASKPASS': '/snap/code/265/usr/share/code/resources/app/extensions/git/dist/askpass.sh', 'GDK_BACKEND_VSCODE_SNAP_ORIG': 'wayland,x11,*', 'LD_LIBRARY_PATH': '/home/adamgb/phd/gazebo_ws/install/srt_controller/lib:/home/adamgb/phd/gazebo_ws/install/lvhr_controller/lib:/opt/ros/jazzy/opt/zenoh_cpp_vendor/lib:/opt/ros/jazzy/opt/gz_sim_vendor/lib:/opt/ros/jazzy/opt/gz_sensors_vendor/lib:/opt/ros/jazzy/opt/gz_physics_vendor/lib:/opt/ros/jazzy/opt/sdformat_vendor/lib:/opt/ros/jazzy/opt/rviz_ogre_vendor/lib:/opt/ros/jazzy/lib/x86_64-linux-gnu:/opt/ros/jazzy/opt/gz_gui_vendor/lib:/opt/ros/jazzy/opt/gz_transport_vendor/lib:/opt/ros/jazzy/opt/gz_rendering_vendor/lib:/opt/ros/jazzy/opt/gz_plugin_vendor/lib:/opt/ros/jazzy/opt/gz_fuel_tools_vendor/lib:/opt/ros/jazzy/opt/gz_msgs_vendor/lib:/opt/ros/jazzy/opt/gz_common_vendor/lib:/opt/ros/jazzy/opt/gz_math_vendor/lib:/opt/ros/jazzy/opt/gz_utils_vendor/lib:/opt/ros/jazzy/opt/gz_tools_vendor/lib:/opt/ros/jazzy/opt/gz_ogre_next_vendor/lib:/opt/ros/jazzy/opt/gz_dartsim_vendor/lib:/opt/ros/jazzy/opt/gz_cmake_vendor/lib:/opt/ros/jazzy/lib', 'SHLVL': '2', 'CHROME_DESKTOP': 'code_code.desktop', 'CONDA_SHLVL': '0', 'HOME': '/home/adamgb', 'LESS': '-R', 'LOCPATH_VSCODE_SNAP_ORIG': '', 'MOZ_ENABLE_WAYLAND': '1', 'OLDPWD': '/home/adamgb/phd/gazebo_ws', 'TERMINFO': '/usr/lib/kitty/terminfo', 'DESKTOP_SESSION': 'hyprland', 'GTK_PATH': '/snap/code/265/usr/lib/x86_64-linux-gnu/gtk-3.0', 'KITTY_INSTALLATION_DIR': '/usr/lib/kitty', 'TERM_PROGRAM_VERSION': '1.139.0', 'GTK_IM_MODULE_FILE': '/home/adamgb/snap/code/common/.cache/immodules/immodules.cache', 'LSCOLORS': 'Gxfxcxdxbxegedabagacad', 'ZSH': '/home/adamgb/.oh-my-zsh', 'GSETTINGS_SCHEMA_DIR_VSCODE_SNAP_ORIG': '', 'GTK_MODULES': 'gail:atk-bridge', 'PAGER': 'less', 'ROS_PYTHON_VERSION': '3', 'VSCODE_GIT_ASKPASS_MAIN': '/snap/code/265/usr/share/code/resources/app/extensions/git/dist/askpass-main.js', 'KITTY_PID': '6739', 'VSCODE_GIT_ASKPASS_NODE': '/snap/code/265/usr/share/code/code', 'DBUS_SESSION_BUS_ADDRESS': 'unix:path=/run/user/1000/bus', 'GDK_SCALE': '1', 'GSM_SKIP_SSH_AGENT_WORKAROUND': 'true', 'VSCODE_PYTHON_AUTOACTIVATE_GUARD': '1', 'COLORTERM': 'truecolor', 'QT_WAYLAND_DISABLE_WINDOWDECORATION': '1', '_CE_M': '', '_CONDA_ROOT': '/home/adamgb/miniconda3', 'COLCON_PREFIX_PATH': '/home/adamgb/phd/gazebo_ws/install', 'QT_QPA_PLATFORMTHEME': 'qt6ct', 'ROS_DISTRO': 'jazzy', 'WAYLAND_DISPLAY': 'wayland-1', 'LOGNAME': 'adamgb', '__VK_LAYER_NV_optimus': 'NVIDIA_only', 'IGN_GAZEBO_MODEL_PATH': '/opt/ros/jazzy/share', 'QT_AUTO_SCREEN_SCALE_FACTOR': '1', '_': '/usr/bin/colcon', 'ROS_VERSION': '2', 'XDG_CONFIG_DIRS_VSCODE_SNAP_ORIG': '', 'XDG_DATA_DIRS_VSCODE_SNAP_ORIG': '/usr/local/share/:/usr/share/:/var/lib/snapd/desktop', 'XDG_SESSION_CLASS': 'user', 'CLAUDE_CODE_SSE_PORT': '20544', 'USER_ZDOTDIR': '/home/adamgb', 'CLUTTER_BACKEND': 'wayland', 'GAZEBO_MODEL_PATH': '/opt/ros/jazzy/share', 'KITTY_PUBLIC_KEY': '1:o0Gg<WNaLG!PSNPcz(c(-}K*hme%J?XG~d+=H-7b', 'TERM': 'xterm-256color', 'USERNAME': 'adamgb', 'XDG_SESSION_ID': '2', 'DOTS_VERSION': '2.3.20', 'FC_FONTATIONS': '1', '_CE_CONDA': '', 'PATH': '/home/adamgb/.local/bin:/home/adamgb/.config/Code/User/globalStorage/github.copilot-chat/debugCommand:/home/adamgb/.config/Code/User/globalStorage/github.copilot-chat/copilotCli:/opt/ros/jazzy/opt/gz_msgs_vendor/bin:/opt/ros/jazzy/opt/gz_tools_vendor/bin:/opt/ros/jazzy/opt/gz_ogre_next_vendor/bin:/opt/ros/jazzy/bin:/home/adamgb/miniconda3/condabin:/home/adamgb/.local/bin:/usr/local/sbin:/usr/local/bin:/usr/sbin:/usr/bin:/sbin:/bin:/usr/games:/usr/local/games:/snap/bin:/snap/bin', 'GTK_EXE_PREFIX': '/snap/code/265/usr', 'GDK_BACKEND': 'x11', 'XDG_RUNTIME_DIR': '/run/user/1000', 'DISPLAY': ':0', 'HYPRCURSOR_SIZE': '24', 'LOCPATH': '/snap/code/265/usr/lib/locale', 'LANG': 'en_US.UTF-8', 'XDG_CURRENT_DESKTOP': 'Hyprland', '__NV_PRIME_RENDER_OFFLOAD': '1', 'VSCODE_INJECTION': '1', 'GIO_MODULE_DIR_VSCODE_SNAP_ORIG': '', 'LIBVA_DRIVER_NAME': 'nvidia', 'LS_COLORS': 'rs=0:di=01;34:ln=01;36:mh=00:pi=40;33:so=01;35:do=01;35:bd=40;33;01:cd=40;33;01:or=40;31;01:mi=00:su=37;41:sg=30;43:ca=00:tw=30;42:ow=34;42:st=37;44:ex=01;32:*.tar=01;31:*.tgz=01;31:*.arc=01;31:*.arj=01;31:*.taz=01;31:*.lha=01;31:*.lz4=01;31:*.lzh=01;31:*.lzma=01;31:*.tlz=01;31:*.txz=01;31:*.tzo=01;31:*.t7z=01;31:*.zip=01;31:*.z=01;31:*.dz=01;31:*.gz=01;31:*.lrz=01;31:*.lz=01;31:*.lzo=01;31:*.xz=01;31:*.zst=01;31:*.tzst=01;31:*.bz2=01;31:*.bz=01;31:*.tbz=01;31:*.tbz2=01;31:*.tz=01;31:*.deb=01;31:*.rpm=01;31:*.jar=01;31:*.war=01;31:*.ear=01;31:*.sar=01;31:*.rar=01;31:*.alz=01;31:*.ace=01;31:*.zoo=01;31:*.cpio=01;31:*.7z=01;31:*.rz=01;31:*.cab=01;31:*.wim=01;31:*.swm=01;31:*.dwm=01;31:*.esd=01;31:*.avif=01;35:*.jpg=01;35:*.jpeg=01;35:*.mjpg=01;35:*.mjpeg=01;35:*.gif=01;35:*.bmp=01;35:*.pbm=01;35:*.pgm=01;35:*.ppm=01;35:*.tga=01;35:*.xbm=01;35:*.xpm=01;35:*.tif=01;35:*.tiff=01;35:*.png=01;35:*.svg=01;35:*.svgz=01;35:*.mng=01;35:*.pcx=01;35:*.mov=01;35:*.mpg=01;35:*.mpeg=01;35:*.m2v=01;35:*.mkv=01;35:*.webm=01;35:*.webp=01;35:*.ogm=01;35:*.mp4=01;35:*.m4v=01;35:*.mp4v=01;35:*.vob=01;35:*.qt=01;35:*.nuv=01;35:*.wmv=01;35:*.asf=01;35:*.rm=01;35:*.rmvb=01;35:*.flc=01;35:*.avi=01;35:*.fli=01;35:*.flv=01;35:*.gl=01;35:*.dl=01;35:*.xcf=01;35:*.xwd=01;35:*.yuv=01;35:*.cgm=01;35:*.emf=01;35:*.ogv=01;35:*.ogx=01;35:*.aac=00;36:*.au=00;36:*.flac=00;36:*.m4a=00;36:*.mid=00;36:*.midi=00;36:*.mka=00;36:*.mp3=00;36:*.mpc=00;36:*.ogg=00;36:*.ra=00;36:*.wav=00;36:*.oga=00;36:*.opus=00;36:*.spx=00;36:*.xspf=00;36:*~=00;90:*#=00;90:*.bak=00;90:*.crdownload=00;90:*.dpkg-dist=00;90:*.dpkg-new=00;90:*.dpkg-old=00;90:*.dpkg-tmp=00;90:*.old=00;90:*.orig=00;90:*.part=00;90:*.rej=00;90:*.rpmnew=00;90:*.rpmorig=00;90:*.rpmsave=00;90:*.swp=00;90:*.tmp=00;90:*.ucf-dist=00;90:*.ucf-new=00;90:*.ucf-old=00;90:', 'XDG_SESSION_DESKTOP': 'Hyprland', 'TERM_PROGRAM': 'vscode', 'VSCODE_GIT_IPC_HANDLE': '/run/user/1000/vscode-git-1fb221dda8.sock', 'AMENT_PREFIX_PATH': '/home/adamgb/phd/gazebo_ws/install/srt_controller:/home/adamgb/phd/gazebo_ws/install/lvhr_controller:/home/adamgb/phd/gazebo_ws/install/alien_gazebo_resources:/opt/ros/jazzy', 'CONDA_PYTHON_EXE': '/home/adamgb/miniconda3/bin/python', 'GSETTINGS_SCHEMA_DIR': '/home/adamgb/snap/code/265/.local/share/glib-2.0/schemas', 'SSH_AUTH_SOCK': '/run/user/1000/gnupg/S.gpg-agent.ssh', 'SHELL': '/usr/bin/zsh', 'GDMSESSION': 'hyprland', 'QT_ACCESSIBILITY': '1', 'NO_AT_BRIDGE': '1', 'FONTCONFIG_FILE': '/etc/fonts/fonts.conf', 'GTK_PATH_VSCODE_SNAP_ORIG': '', 'IGN_GAZEBO_RESOURCE_PATH': '/opt/ros/jazzy/share', 'KITTY_WINDOW_ID': '1', '_JAVA_AWT_WM_NONREPARENTING': '1', 'GTK_IM_MODULE_FILE_VSCODE_SNAP_ORIG': '', 'GAZEBO_RESOURCE_PATH': '/opt/ros/jazzy/share', 'GSK_RENDERER': 'ngl', '_CONDA_EXE': '/home/adamgb/miniconda3/bin/conda', 'ROS_AUTOMATIC_DISCOVERY_RANGE': 'SUBNET', 'XDG_VTNR': '2', 'VSCODE_GIT_ASKPASS_EXTRA_ARGS': '', 'PWD': '/home/adamgb/phd/gazebo_ws/build/px4', 'QT_QPA_PLATFORM': 'xcb', 'CONDA_EXE': '/home/adamgb/miniconda3/bin/conda', 'XDG_BACKEND': 'wayland', 'XDG_DATA_DIRS': '/home/adamgb/snap/code/265/.local/share:/home/adamgb/snap/code/265:/snap/code/265/usr/share:/usr/local/share/:/usr/share/:/var/lib/snapd/desktop', 'COPILOT_DEBUG_NONCE': '122ec61a4d926cff7e090c1816c9867a', 'ZDOTDIR': '/home/adamgb', 'NVD_BACKEND': 'direct', 'PYTHONPATH': '/opt/ros/jazzy/opt/gz_sim_vendor/lib/python:/opt/ros/jazzy/opt/sdformat_vendor/lib/python:/opt/ros/jazzy/opt/gz_transport_vendor/lib/python:/opt/ros/jazzy/opt/gz_msgs_vendor/lib/python:/opt/ros/jazzy/opt/gz_math_vendor/lib/python:/opt/ros/jazzy/lib/python3.12/site-packages', 'PYOPENGL_PLATFORM': 'glx', 'QT_QUICK_CONTROLS_STYLE': 'org.hyprland.style', 'COLCON': '1', 'CMAKE_PREFIX_PATH': '/home/adamgb/phd/gazebo_ws/install/srt_controller:/home/adamgb/phd/gazebo_ws/install/lvhr_controller:/home/adamgb/phd/gazebo_ws/install/alien_gazebo_resources:/opt/ros/jazzy:/opt/ros/jazzy/opt/gz_sim_vendor:/opt/ros/jazzy/opt/gz_sensors_vendor:/opt/ros/jazzy/opt/gz_physics_vendor:/opt/ros/jazzy/opt/sdformat_vendor:/opt/ros/jazzy/opt/gz_gui_vendor:/opt/ros/jazzy/opt/gz_transport_vendor:/opt/ros/jazzy/opt/gz_rendering_vendor:/opt/ros/jazzy/opt/gz_plugin_vendor:/opt/ros/jazzy/opt/gz_fuel_tools_vendor:/opt/ros/jazzy/opt/gz_msgs_vendor:/opt/ros/jazzy/opt/gz_common_vendor:/opt/ros/jazzy/opt/gz_math_vendor:/opt/ros/jazzy/opt/gz_utils_vendor:/opt/ros/jazzy/opt/gz_tools_vendor:/opt/ros/jazzy/opt/gz_ogre_next_vendor:/opt/ros/jazzy/opt/gz_dartsim_vendor:/opt/ros/jazzy/opt/gz_cmake_vendor'}), 'shell': False}
[0.018501] (px4) StdoutLine: {'line': b'-- PX4_GIT_TAG: v1.17.0-dev\n'}
[0.018847] (px4) StderrLine: {'line': b'\x1b[33mCMake Warning (dev) at CMakeLists.txt:176 (find_package):\n'}
[0.018937] (px4) StderrLine: {'line': b'  Policy CMP0148 is not set: The FindPythonInterp and FindPythonLibs modules\n'}
[0.019005] (px4) StderrLine: {'line': b'  are removed.  Run "cmake --help-policy CMP0148" for policy details.  Use\n'}
[0.019070] (px4) StderrLine: {'line': b'  the cmake_policy command to set the policy and suppress this warning.\n'}
[0.019132] (px4) StderrLine: {'line': b'\n'}
[0.019193] (px4) StderrLine: {'line': b'This warning is for project developers.  Use -Wno-dev to suppress it.\n'}
[0.019256] (px4) StderrLine: {'line': b'\x1b[0m\n'}
[0.034944] (px4) StdoutLine: {'line': b'-- PX4 config file: /home/adamgb/phd/gazebo_ws/src/px4_firmware/boards/px4/sitl/default.px4board\n'}
[0.099275] (-) TimerEvent: {}
[0.155370] (px4) StdoutLine: {'line': b'-- PLATFORM posix\n'}
[0.155679] (px4) StdoutLine: {'line': b'-- ROMFSROOT px4fmu_common\n'}
[0.155752] (px4) StdoutLine: {'line': b'-- TESTING y\n'}
[0.155818] (px4) StdoutLine: {'line': b'-- ETHERNET y\n'}
[0.156066] (px4) StdoutLine: {'line': b'-- ROOT_PATH .\n'}
[0.156159] (px4) StdoutLine: {'line': b'-- PARAM_FILE /fs/mtd_params\n'}
[0.167144] (px4) StdoutLine: {'line': b'-- PX4 config: px4_sitl_default\n'}
[0.167306] (px4) StdoutLine: {'line': b'-- PX4 platform: posix\n'}
[0.167381] (px4) StdoutLine: {'line': b'-- PX4 lockstep: enabled\n'}
[0.199678] (-) TimerEvent: {}
[0.212549] (px4) StdoutLine: {'line': b'-- The CXX compiler identification is GNU 13.3.0\n'}
[0.228269] (px4) StdoutLine: {'line': b'-- Detecting CXX compiler ABI info\n'}
[0.299909] (-) TimerEvent: {}
[0.307686] (px4) StdoutLine: {'line': b'-- Detecting CXX compiler ABI info - done\n'}
[0.313685] (px4) StdoutLine: {'line': b'-- Check for working CXX compiler: /usr/bin/c++ - skipped\n'}
[0.313861] (px4) StdoutLine: {'line': b'-- Detecting CXX compile features\n'}
[0.314064] (px4) StdoutLine: {'line': b'-- Detecting CXX compile features - done\n'}
[0.315395] (px4) StdoutLine: {'line': b'-- Found ament_cmake: 2.5.6 (/opt/ros/jazzy/share/ament_cmake/cmake)\n'}
[0.399996] (-) TimerEvent: {}
[0.413693] (px4) StdoutLine: {'line': b'-- Found Python3: /usr/bin/python3 (found version "3.12.3") found components: Interpreter \n'}
[0.472318] (px4) StdoutLine: {'line': b'-- Found rclcpp: 28.1.22 (/opt/ros/jazzy/share/rclcpp/cmake)\n'}
[0.495641] (px4) StdoutLine: {'line': b'-- Found rosidl_generator_c: 4.6.9 (/opt/ros/jazzy/share/rosidl_generator_c/cmake)\n'}
[0.500093] (-) TimerEvent: {}
[0.503011] (px4) StdoutLine: {'line': b'-- Found rosidl_generator_cpp: 4.6.9 (/opt/ros/jazzy/share/rosidl_generator_cpp/cmake)\n'}
[0.511779] (px4) StdoutLine: {'line': b'-- Using all available rosidl_typesupport_c: rosidl_typesupport_fastrtps_c;rosidl_typesupport_introspection_c\n'}
[0.522335] (px4) StdoutLine: {'line': b'-- Using all available rosidl_typesupport_cpp: rosidl_typesupport_fastrtps_cpp;rosidl_typesupport_introspection_cpp\n'}
[0.566802] (px4) StdoutLine: {'line': b'-- Found rmw_implementation_cmake: 7.3.3 (/opt/ros/jazzy/share/rmw_implementation_cmake/cmake)\n'}
[0.568241] (px4) StdoutLine: {'line': b'-- Found rmw_fastrtps_cpp: 8.4.4 (/opt/ros/jazzy/share/rmw_fastrtps_cpp/cmake)\n'}
[0.600216] (-) TimerEvent: {}
[0.640240] (px4) StdoutLine: {'line': b'-- Found OpenSSL: /usr/lib/x86_64-linux-gnu/libcrypto.so (found version "3.0.13")  \n'}
[0.668275] (px4) StdoutLine: {'line': b'-- Found FastRTPS: /opt/ros/jazzy/include (Required is at least version "2.13") \n'}
[0.700498] (-) TimerEvent: {}
[0.705760] (px4) StdoutLine: {'line': b"-- Using RMW implementation 'rmw_fastrtps_cpp' as default\n"}
[0.758674] (px4) StdoutLine: {'line': b'-- Found rosidl_default_generators: 1.6.1 (/opt/ros/jazzy/share/rosidl_default_generators/cmake)\n'}
[0.768560] (px4) StdoutLine: {'line': b'-- Found rosidl_adapter: 4.6.9 (/opt/ros/jazzy/share/rosidl_adapter/cmake)\n'}
[0.770100] (px4) StdoutLine: {'line': b'-- Found std_msgs: 5.3.8 (/opt/ros/jazzy/share/std_msgs/cmake)\n'}
[0.800590] (-) TimerEvent: {}
[0.806942] (px4) StdoutLine: {'line': b'-- The C compiler identification is GNU 13.3.0\n'}
[0.814627] (px4) StdoutLine: {'line': b'-- The ASM compiler identification is GNU\n'}
[0.815703] (px4) StdoutLine: {'line': b'-- Found assembler: /usr/bin/cc\n'}
[0.823567] (px4) StdoutLine: {'line': b'-- Detecting C compiler ABI info\n'}
[0.893838] (px4) StdoutLine: {'line': b'-- Detecting C compiler ABI info - done\n'}
[0.900676] (-) TimerEvent: {}
[0.902575] (px4) StdoutLine: {'line': b'-- Check for working C compiler: /usr/bin/cc - skipped\n'}
[0.902819] (px4) StdoutLine: {'line': b'-- Detecting C compile features\n'}
[0.903004] (px4) StdoutLine: {'line': b'-- Detecting C compile features - done\n'}
[0.908831] (px4) StdoutLine: {'line': b'-- cmake build type: Release\n'}
[0.948766] (px4) StdoutLine: {'line': b'-- Adding fuzztest\n'}
[1.000778] (-) TimerEvent: {}
[1.101031] (-) TimerEvent: {}
[1.201328] (-) TimerEvent: {}
[1.301574] (-) TimerEvent: {}
[1.401812] (-) TimerEvent: {}
[1.502073] (-) TimerEvent: {}
[1.602498] (-) TimerEvent: {}
[1.702751] (-) TimerEvent: {}
[1.803022] (-) TimerEvent: {}
[1.903254] (-) TimerEvent: {}
[2.003531] (-) TimerEvent: {}
[2.103761] (-) TimerEvent: {}
[2.204019] (-) TimerEvent: {}
[2.304367] (-) TimerEvent: {}
[2.404629] (-) TimerEvent: {}
[2.504861] (-) TimerEvent: {}
[2.605191] (-) TimerEvent: {}
[2.705566] (-) TimerEvent: {}
[2.806050] (-) TimerEvent: {}
[2.906319] (-) TimerEvent: {}
[3.006690] (-) TimerEvent: {}
[3.107018] (-) TimerEvent: {}
[3.207406] (-) TimerEvent: {}
[3.307740] (-) TimerEvent: {}
[3.408124] (-) TimerEvent: {}
[3.508431] (-) TimerEvent: {}
[3.570983] (px4) StdoutLine: {'line': b'-- Performing Test ABSL_INTERNAL_AT_LEAST_CXX17\n'}
[3.608587] (-) TimerEvent: {}
[3.643815] (px4) StdoutLine: {'line': b'-- Performing Test ABSL_INTERNAL_AT_LEAST_CXX17 - Success\n'}
[3.644002] (px4) StdoutLine: {'line': b'-- Performing Test ABSL_INTERNAL_AT_LEAST_CXX20\n'}
[3.676111] (px4) StdoutLine: {'line': b'-- Performing Test ABSL_INTERNAL_AT_LEAST_CXX20 - Failed\n'}
[3.678572] (px4) StdoutLine: {'line': b'-- Performing Test CMAKE_HAVE_LIBC_PTHREAD\n'}
[3.708685] (-) TimerEvent: {}
[3.751240] (px4) StdoutLine: {'line': b'-- Performing Test CMAKE_HAVE_LIBC_PTHREAD - Success\n'}
[3.752141] (px4) StdoutLine: {'line': b'-- Found Threads: TRUE  \n'}
[3.808834] (-) TimerEvent: {}
[3.909092] (-) TimerEvent: {}
[4.009376] (-) TimerEvent: {}
[4.109640] (-) TimerEvent: {}
[4.209938] (-) TimerEvent: {}
[4.310501] (-) TimerEvent: {}
[4.410942] (-) TimerEvent: {}
[4.511596] (-) TimerEvent: {}
[4.612071] (-) TimerEvent: {}
[4.712602] (-) TimerEvent: {}
[4.813162] (-) TimerEvent: {}
[4.913781] (-) TimerEvent: {}
[5.014274] (-) TimerEvent: {}
[5.114694] (-) TimerEvent: {}
[5.215079] (-) TimerEvent: {}
[5.315564] (-) TimerEvent: {}
[5.415818] (-) TimerEvent: {}
[5.516057] (-) TimerEvent: {}
[5.616294] (-) TimerEvent: {}
[5.716767] (-) TimerEvent: {}
[5.817015] (-) TimerEvent: {}
[5.917324] (-) TimerEvent: {}
[6.017580] (-) TimerEvent: {}
[6.117811] (-) TimerEvent: {}
[6.218124] (-) TimerEvent: {}
[6.318529] (-) TimerEvent: {}
[6.418813] (-) TimerEvent: {}
[6.519084] (-) TimerEvent: {}
[6.619514] (-) TimerEvent: {}
[6.720046] (-) TimerEvent: {}
[6.820689] (-) TimerEvent: {}
[6.921251] (-) TimerEvent: {}
[7.021816] (-) TimerEvent: {}
[7.122088] (-) TimerEvent: {}
[7.222501] (-) TimerEvent: {}
[7.322847] (-) TimerEvent: {}
[7.423086] (-) TimerEvent: {}
[7.523478] (-) TimerEvent: {}
[7.623898] (-) TimerEvent: {}
[7.724292] (-) TimerEvent: {}
[7.824557] (-) TimerEvent: {}
[7.924809] (-) TimerEvent: {}
[8.025042] (-) TimerEvent: {}
[8.125282] (-) TimerEvent: {}
[8.225653] (-) TimerEvent: {}
[8.326036] (-) TimerEvent: {}
[8.426497] (-) TimerEvent: {}
[8.526727] (-) TimerEvent: {}
[8.626996] (-) TimerEvent: {}
[8.727241] (px4) StdoutLine: {'line': b'-- Building without demo. To enable demo build use: -DWITH_DEMO=True\n'}
[8.727417] (-) TimerEvent: {}
[8.827613] (-) TimerEvent: {}
[8.872981] (px4) StderrLine: {'line': b'\x1b[0m-- ADDING TEST STUBS\x1b[0m\n'}
[8.927708] (-) TimerEvent: {}
[9.027987] (-) TimerEvent: {}
[9.044050] (px4) StdoutLine: {'line': b'-- Looking for gz-transport13 -- found version 13.6.0\n'}
[9.048788] (px4) StdoutLine: {'line': b'-- Searching for dependencies of gz-transport13\n'}
[9.070623] (px4) StdoutLine: {'line': b'-- Found Protobuf: /usr/lib/x86_64-linux-gnu/libprotobuf.so (found version "3.21.12") \n'}
[9.078803] (px4) StdoutLine: {'line': b'-- Config-file not installed for ZeroMQ -- checking for pkg-config\n'}
[9.083272] (px4) StdoutLine: {'line': b"-- Checking for module 'libzmq >= 4'\n"}
[9.107301] (px4) StdoutLine: {'line': b'--   Found libzmq, version 4.3.5\n'}
[9.128088] (-) TimerEvent: {}
[9.153040] (px4) StdoutLine: {'line': b'-- Found ZeroMQ: TRUE (Required is at least version "4") \n'}
[9.159763] (px4) StdoutLine: {'line': b"-- Checking for module 'uuid'\n"}
[9.179884] (px4) StdoutLine: {'line': b'--   Found uuid, version 2.39.3\n'}
[9.228312] (px4) StdoutLine: {'line': b'-- Found UUID: TRUE  \n'}
[9.228601] (-) TimerEvent: {}
[9.231493] (px4) StdoutLine: {'line': b'-- Looking for gz-utils2 -- found version 2.2.1\n'}
[9.231975] (px4) StdoutLine: {'line': b'-- Searching for dependencies of gz-utils2\n'}
[9.232220] (px4) StdoutLine: {'line': b'-- Searching for <gz-utils2> component [cli]\n'}
[9.236161] (px4) StdoutLine: {'line': b'-- Looking for gz-utils2-cli -- found version 2.2.1\n'}
[9.236743] (px4) StdoutLine: {'line': b'-- Searching for dependencies of gz-utils2-cli\n'}
[9.240691] (px4) StdoutLine: {'line': b'-- Looking for gz-msgs10 -- found version 10.4.0\n'}
[9.240999] (px4) StdoutLine: {'line': b'-- Searching for dependencies of gz-msgs10\n'}
[9.257319] (px4) StdoutLine: {'line': b'-- Looking for gz-utils2 -- found version 2.2.1\n'}
[9.259927] (px4) StdoutLine: {'line': b'-- Looking for gz-math7 -- found version 7.7.0\n'}
[9.260183] (px4) StdoutLine: {'line': b'-- Searching for dependencies of gz-math7\n'}
[9.260409] (px4) StdoutLine: {'line': b'-- Looking for gz-utils2 -- found version 2.2.1\n'}
[9.268977] (px4) StdoutLine: {'line': b"-- Checking for module 'tinyxml2'\n"}
[9.303924] (px4) StdoutLine: {'line': b'--   Found tinyxml2, version 10.0.0\n'}
[9.328703] (-) TimerEvent: {}
[9.428971] (-) TimerEvent: {}
[9.455751] (px4) StdoutLine: {'line': b'-- Looking for gz-transport13 -- found version 13.6.0\n'}
[9.463822] (px4) StdoutLine: {'line': b'-- Searching for dependencies of gz-transport13\n'}
[9.490590] (px4) StdoutLine: {'line': b'-- Config-file not installed for ZeroMQ -- checking for pkg-config\n'}
[9.497254] (px4) StdoutLine: {'line': b"-- Checking for module 'libzmq >= 4'\n"}
[9.529096] (-) TimerEvent: {}
[9.536127] (px4) StdoutLine: {'line': b'--   Found libzmq, version 4.3.5\n'}
[9.629320] (-) TimerEvent: {}
[9.651216] (px4) StdoutLine: {'line': b"-- Checking for module 'uuid'\n"}
[9.670737] (px4) StdoutLine: {'line': b'--   Found uuid, version 2.39.3\n'}
[9.716705] (px4) StdoutLine: {'line': b'-- Looking for gz-utils2 -- found version 2.2.1\n'}
[9.716890] (px4) StdoutLine: {'line': b'-- Searching for dependencies of gz-utils2\n'}
[9.717102] (px4) StdoutLine: {'line': b'-- Searching for <gz-utils2> component [cli]\n'}
[9.717367] (px4) StdoutLine: {'line': b'-- Looking for gz-utils2-cli -- found version 2.2.1\n'}
[9.717616] (px4) StdoutLine: {'line': b'-- Searching for dependencies of gz-utils2-cli\n'}
[9.718371] (px4) StdoutLine: {'line': b'-- Looking for gz-msgs10 -- found version 10.4.0\n'}
[9.718493] (px4) StdoutLine: {'line': b'-- Searching for dependencies of gz-msgs10\n'}
[9.729469] (-) TimerEvent: {}
[9.741035] (px4) StdoutLine: {'line': b'-- Looking for gz-utils2 -- found version 2.2.1\n'}
[9.741246] (px4) StdoutLine: {'line': b'-- Looking for gz-math7 -- found version 7.7.0\n'}
[9.741434] (px4) StdoutLine: {'line': b'-- Searching for dependencies of gz-math7\n'}
[9.741745] (px4) StdoutLine: {'line': b'-- Looking for gz-utils2 -- found version 2.2.1\n'}
[9.749585] (px4) StdoutLine: {'line': b"-- Checking for module 'tinyxml2'\n"}
[9.767808] (px4) StdoutLine: {'line': b'--   Found tinyxml2, version 10.0.0\n'}
[9.829614] (-) TimerEvent: {}
[9.843216] (px4) StdoutLine: {'line': b'-- Looking for gz-sim8 -- found version 8.15.0\n'}
[9.843784] (px4) StdoutLine: {'line': b'-- Searching for dependencies of gz-sim8\n'}
[9.847546] (px4) StdoutLine: {'line': b'-- Looking for sdformat14 -- found version 14.9.0\n'}
[9.848047] (px4) StdoutLine: {'line': b'-- Searching for dependencies of sdformat14\n'}
[9.860457] (px4) StdoutLine: {'line': b'-- Looking for gz-math7 -- found version 7.7.0\n'}
[9.860831] (px4) StdoutLine: {'line': b'-- Looking for gz-utils2 -- found version 2.2.1\n'}
[9.864306] (px4) StdoutLine: {'line': b'-- Looking for gz-plugin2 -- found version 2.0.4\n'}
[9.864522] (px4) StdoutLine: {'line': b'-- Searching for dependencies of gz-plugin2\n'}
[9.864739] (px4) StdoutLine: {'line': b'-- Looking for gz-utils2 -- found version 2.2.1\n'}
[9.865027] (px4) StdoutLine: {'line': b'-- Searching for <gz-plugin2> component [loader]\n'}
[9.866583] (px4) StdoutLine: {'line': b'-- Looking for gz-plugin2-loader -- found version 2.0.4\n'}
[9.866678] (px4) StdoutLine: {'line': b'-- Searching for dependencies of gz-plugin2-loader\n'}
[9.866866] (px4) StdoutLine: {'line': b'-- Searching for <gz-plugin2> component [register]\n'}
[9.868274] (px4) StdoutLine: {'line': b'-- Looking for gz-plugin2-register -- found version 2.0.4\n'}
[9.868369] (px4) StdoutLine: {'line': b'-- Searching for dependencies of gz-plugin2-register\n'}
[9.870003] (px4) StdoutLine: {'line': b'-- Looking for gz-transport13 -- found version 13.6.0\n'}
[9.870100] (px4) StdoutLine: {'line': b'-- Searching for dependencies of gz-transport13\n'}
[9.891076] (px4) StdoutLine: {'line': b'-- Config-file not installed for ZeroMQ -- checking for pkg-config\n'}
[9.897129] (px4) StdoutLine: {'line': b"-- Checking for module 'libzmq >= 4'\n"}
[9.929727] (-) TimerEvent: {}
[9.938752] (px4) StdoutLine: {'line': b'--   Found libzmq, version 4.3.5\n'}
[10.029892] (-) TimerEvent: {}
[10.063973] (px4) StdoutLine: {'line': b'-- Looking for gz-utils2 -- found version 2.2.1\n'}
[10.064388] (px4) StdoutLine: {'line': b'-- Looking for gz-msgs10 -- found version 10.4.0\n'}
[10.064582] (px4) StdoutLine: {'line': b'-- Searching for <gz-transport13> component [log]\n'}
[10.066934] (px4) StdoutLine: {'line': b'-- Looking for gz-transport13-log -- found version 13.6.0\n'}
[10.067165] (px4) StdoutLine: {'line': b'-- Searching for dependencies of gz-transport13-log\n'}
[10.067475] (px4) StdoutLine: {'line': b'-- Searching for <gz-transport13> component [parameters]\n'}
[10.068983] (px4) StdoutLine: {'line': b'-- Looking for gz-transport13-parameters -- found version 13.6.0\n'}
[10.069106] (px4) StdoutLine: {'line': b'-- Searching for dependencies of gz-transport13-parameters\n'}
[10.069680] (px4) StdoutLine: {'line': b'-- Looking for gz-msgs10 -- found version 10.4.0\n'}
[10.071216] (px4) StdoutLine: {'line': b'-- Looking for gz-common5 -- found version 5.9.0\n'}
[10.071309] (px4) StdoutLine: {'line': b'-- Searching for dependencies of gz-common5\n'}
[10.071531] (px4) StdoutLine: {'line': b'-- Looking for gz-utils2 -- found version 2.2.1\n'}
[10.071725] (px4) StdoutLine: {'line': b'-- Looking for dlfcn.h - found\n'}
[10.072668] (px4) StdoutLine: {'line': b'-- Looking for libdl - found\n'}
[10.073580] (px4) StdoutLine: {'line': b'-- Found DL: TRUE  \n'}
[10.080853] (px4) StdoutLine: {'line': b'-- Searching for <gz-common5> component [av]\n'}
[10.083455] (px4) StdoutLine: {'line': b'-- Looking for gz-common5-av -- found version 5.9.0\n'}
[10.083558] (px4) StdoutLine: {'line': b'-- Searching for dependencies of gz-common5-av\n'}
[10.090225] (px4) StdoutLine: {'line': b"-- Checking for module 'libswscale'\n"}
[10.126981] (px4) StdoutLine: {'line': b'--   Found libswscale, version 7.5.100\n'}
[10.130021] (-) TimerEvent: {}
[10.200366] (px4) StdoutLine: {'line': b'-- Found SWSCALE: TRUE  \n'}
[10.212240] (px4) StdoutLine: {'line': b"-- Checking for module 'libavdevice >= 56.4.100'\n"}
[10.230418] (-) TimerEvent: {}
[10.256240] (px4) StdoutLine: {'line': b'--   Found libavdevice, version 60.3.100\n'}
[10.330664] (-) TimerEvent: {}
[10.370853] (px4) StdoutLine: {'line': b'-- Found AVDEVICE: TRUE (Required is at least version "56.4.100") \n'}
[10.380582] (px4) StdoutLine: {'line': b"-- Checking for module 'libavformat'\n"}
[10.422960] (px4) StdoutLine: {'line': b'--   Found libavformat, version 60.16.100\n'}
[10.430776] (-) TimerEvent: {}
[10.519541] (px4) StdoutLine: {'line': b'-- Found AVFORMAT: TRUE  \n'}
[10.524894] (px4) StdoutLine: {'line': b"-- Checking for module 'libavcodec'\n"}
[10.530833] (-) TimerEvent: {}
[10.544948] (px4) StdoutLine: {'line': b'--   Found libavcodec, version 60.31.102\n'}
[10.630986] (-) TimerEvent: {}
[10.647967] (px4) StdoutLine: {'line': b'-- Found AVCODEC: TRUE  \n'}
[10.658804] (px4) StdoutLine: {'line': b"-- Checking for module 'libavutil'\n"}
[10.689170] (px4) StdoutLine: {'line': b'--   Found libavutil, version 58.29.100\n'}
[10.731199] (-) TimerEvent: {}
[10.774651] (px4) StdoutLine: {'line': b'-- Found AVUTIL: TRUE  \n'}
[10.775942] (px4) StdoutLine: {'line': b'-- Searching for <gz-common5> component [events]\n'}
[10.780514] (px4) StdoutLine: {'line': b'-- Looking for gz-common5-events -- found version 5.9.0\n'}
[10.780865] (px4) StdoutLine: {'line': b'-- Searching for dependencies of gz-common5-events\n'}
[10.781282] (px4) StdoutLine: {'line': b'-- Looking for gz-math7 -- found version 7.7.0\n'}
[10.781911] (px4) StdoutLine: {'line': b'-- Searching for <gz-common5> component [graphics]\n'}
[10.785357] (px4) StdoutLine: {'line': b'-- Looking for gz-common5-graphics -- found version 5.9.0\n'}
[10.785534] (px4) StdoutLine: {'line': b'-- Searching for dependencies of gz-common5-graphics\n'}
[10.785847] (px4) StdoutLine: {'line': b'-- Looking for gz-math7 -- found version 7.7.0\n'}
[10.790852] (px4) StdoutLine: {'line': b'-- Found GzAssimp: TRUE (found version "5.3.0") \n'}
[10.791585] (px4) StdoutLine: {'line': b'-- Searching for <gz-common5> component [io]\n'}
[10.795590] (px4) StdoutLine: {'line': b'-- Looking for gz-common5-io -- found version 5.9.0\n'}
[10.795915] (px4) StdoutLine: {'line': b'-- Searching for dependencies of gz-common5-io\n'}
[10.796336] (px4) StdoutLine: {'line': b'-- Searching for <gz-common5> component [profiler]\n'}
[10.799304] (px4) StdoutLine: {'line': b'-- Looking for gz-common5-profiler -- found version 5.9.0\n'}
[10.799449] (px4) StdoutLine: {'line': b'-- Searching for dependencies of gz-common5-profiler\n'}
[10.801993] (px4) StdoutLine: {'line': b'-- Looking for gz-fuel_tools9 -- found version 9.1.1\n'}
[10.802122] (px4) StdoutLine: {'line': b'-- Searching for dependencies of gz-fuel_tools9\n'}
[10.831359] (-) TimerEvent: {}
[10.931676] (-) TimerEvent: {}
[10.957666] (px4) StdoutLine: {'line': b'-- Found CURL: /usr/lib/x86_64-linux-gnu/libcurl.so (found version "8.5.0")  \n'}
[10.968497] (px4) StdoutLine: {'line': b"-- Checking for module 'jsoncpp'\n"}
[10.988099] (px4) StdoutLine: {'line': b'--   Found jsoncpp, version 1.9.5\n'}
[11.031742] (-) TimerEvent: {}
[11.033390] (px4) StdoutLine: {'line': b'-- Found JSONCPP: TRUE  \n'}
[11.045366] (px4) StdoutLine: {'line': b"-- Checking for module 'yaml-0.1'\n"}
[11.074749] (px4) StdoutLine: {'line': b'--   Found yaml-0.1, version 0.2.5\n'}
[11.131869] (-) TimerEvent: {}
[11.176318] (px4) StdoutLine: {'line': b'-- Found YAML: TRUE  \n'}
[11.189649] (px4) StdoutLine: {'line': b"-- Checking for module 'libzip'\n"}
[11.224281] (px4) StdoutLine: {'line': b'--   Found libzip, version 1.7.3\n'}
[11.231993] (-) TimerEvent: {}
[11.328401] (px4) StdoutLine: {'line': b'-- Found ZIP: TRUE  \n'}
[11.329239] (px4) StdoutLine: {'line': b'-- Looking for gz-utils2 -- found version 2.2.1\n'}
[11.330321] (px4) StdoutLine: {'line': b'-- Looking for gz-common5 -- found version 5.9.0\n'}
[11.330785] (px4) StdoutLine: {'line': b'-- Searching for dependencies of gz-common5\n'}
[11.331478] (px4) StdoutLine: {'line': b'-- Looking for gz-utils2 -- found version 2.2.1\n'}
[11.331785] (px4) StdoutLine: {'line': b'-- Looking for dlfcn.h - found\n'}
[11.331940] (px4) StdoutLine: {'line': b'-- Looking for libdl - found\n'}
[11.332057] (-) TimerEvent: {}
[11.348955] (px4) StdoutLine: {'line': b'-- Searching for <gz-common5> component [testing]\n'}
[11.353661] (px4) StdoutLine: {'line': b'-- Looking for gz-common5-testing -- found version 5.9.0\n'}
[11.354013] (px4) StdoutLine: {'line': b'-- Searching for dependencies of gz-common5-testing\n'}
[11.355621] (px4) StdoutLine: {'line': b'-- Looking for gz-math7 -- found version 7.7.0\n'}
[11.356189] (px4) StdoutLine: {'line': b'-- Looking for gz-msgs10 -- found version 10.4.0\n'}
[11.360114] (px4) StdoutLine: {'line': b'-- Looking for gz-gui8 -- found version 8.4.0\n'}
[11.360307] (px4) StdoutLine: {'line': b'-- Searching for dependencies of gz-gui8\n'}
[11.385230] (px4) StdoutLine: {'line': b'-- Looking for gz-utils2 -- found version 2.2.1\n'}
[11.385666] (px4) StdoutLine: {'line': b'-- Looking for gz-math7 -- found version 7.7.0\n'}
[11.386138] (px4) StdoutLine: {'line': b'-- Looking for gz-common5 -- found version 5.9.0\n'}
[11.386435] (px4) StdoutLine: {'line': b'-- Looking for gz-plugin2 -- found version 2.0.4\n'}
[11.386933] (px4) StdoutLine: {'line': b'-- Looking for gz-transport13 -- found version 13.6.0\n'}
[11.389899] (px4) StdoutLine: {'line': b'-- Looking for gz-rendering8 -- found version 8.2.3\n'}
[11.390148] (px4) StdoutLine: {'line': b'-- Searching for dependencies of gz-rendering8\n'}
[11.390337] (px4) StdoutLine: {'line': b'-- Looking for gz-math7 -- found version 7.7.0\n'}
[11.390693] (px4) StdoutLine: {'line': b'-- Searching for dependencies of gz-math7\n'}
[11.390941] (px4) StdoutLine: {'line': b'-- Looking for gz-utils2 -- found version 2.2.1\n'}
[11.391049] (px4) StdoutLine: {'line': b'-- Searching for <gz-math7> component [eigen3]\n'}
[11.393386] (px4) StdoutLine: {'line': b'-- Looking for gz-math7-eigen3 -- found version 7.7.0\n'}
[11.393511] (px4) StdoutLine: {'line': b'-- Searching for dependencies of gz-math7-eigen3\n'}
[11.400233] (px4) StdoutLine: {'line': b'-- Looking for gz-common5 -- found version 5.9.0\n'}
[11.400370] (px4) StdoutLine: {'line': b'-- Searching for dependencies of gz-common5\n'}
[11.400556] (px4) StdoutLine: {'line': b'-- Looking for gz-utils2 -- found version 2.2.1\n'}
[11.400789] (px4) StdoutLine: {'line': b'-- Looking for dlfcn.h - found\n'}
[11.400844] (px4) StdoutLine: {'line': b'-- Looking for libdl - found\n'}
[11.409795] (px4) StdoutLine: {'line': b'-- Searching for <gz-common5> component [graphics]\n'}
[11.409903] (px4) StdoutLine: {'line': b'-- Searching for <gz-common5> component [events]\n'}
[11.409941] (px4) StdoutLine: {'line': b'-- Searching for <gz-common5> component [geospatial]\n'}
[11.413984] (px4) StdoutLine: {'line': b'-- Looking for gz-common5-geospatial -- found version 5.9.0\n'}
[11.414118] (px4) StdoutLine: {'line': b'-- Searching for dependencies of gz-common5-geospatial\n'}
[11.414722] (px4) StdoutLine: {'line': b'-- Looking for gz-math7 -- found version 7.7.0\n'}
[11.414849] (px4) StdoutLine: {'line': b'-- Looking for gz-common5 -- found version 5.9.0\n'}
[11.415694] (px4) StdoutLine: {'line': b'-- Looking for gz-plugin2 -- found version 2.0.4\n'}
[11.415827] (px4) StdoutLine: {'line': b'-- Searching for dependencies of gz-plugin2\n'}
[11.416065] (px4) StdoutLine: {'line': b'-- Looking for gz-utils2 -- found version 2.2.1\n'}
[11.416624] (px4) StdoutLine: {'line': b'-- Searching for <gz-plugin2> component [all]\n'}
[11.418714] (px4) StdoutLine: {'line': b'-- Looking for all libraries of gz-plugin2 -- found version 2.0.4\n'}
[11.419331] (px4) StdoutLine: {'line': b'-- Looking for gz-plugin2 -- found version 2.0.4\n'}
[11.419836] (px4) StdoutLine: {'line': b'-- Looking for gz-utils2 -- found version 2.2.1\n'}
[11.431525] (px4) StdoutLine: {'line': b'-- Found OpenGL: /usr/lib/x86_64-linux-gnu/libOpenGL.so  found components: OpenGL \n'}
[11.432149] (-) TimerEvent: {}
[11.432647] (px4) StdoutLine: {'line': b'-- Looking for gz-msgs10 -- found version 10.4.0\n'}
[11.453685] (px4) StdoutLine: {'line': b'-- Looking for gz-physics7 -- found version 7.8.0\n'}
[11.453858] (px4) StdoutLine: {'line': b'-- Searching for dependencies of gz-physics7\n'}
[11.453933] (px4) StdoutLine: {'line': b'-- Looking for gz-common5 -- found version 5.9.0\n'}
[11.454113] (px4) StdoutLine: {'line': b'-- Looking for gz-math7 -- found version 7.7.0\n'}
[11.454328] (px4) StdoutLine: {'line': b'-- Looking for gz-plugin2 -- found version 2.0.4\n'}
[11.454452] (px4) StdoutLine: {'line': b'-- Looking for gz-utils2 -- found version 2.2.1\n'}
[11.455229] (px4) StdoutLine: {'line': b'-- Searching for <gz-physics7> component [heightmap]\n'}
[11.456412] (px4) StdoutLine: {'line': b'-- Looking for gz-physics7-heightmap -- found version 7.8.0\n'}
[11.456524] (px4) StdoutLine: {'line': b'-- Searching for dependencies of gz-physics7-heightmap\n'}
[11.456602] (px4) StdoutLine: {'line': b'-- Looking for gz-common5 -- found version 5.9.0\n'}
[11.456862] (px4) StdoutLine: {'line': b'-- Searching for <gz-physics7> component [mesh]\n'}
[11.458143] (px4) StdoutLine: {'line': b'-- Looking for gz-physics7-mesh -- found version 7.8.0\n'}
[11.458266] (px4) StdoutLine: {'line': b'-- Searching for dependencies of gz-physics7-mesh\n'}
[11.458371] (px4) StdoutLine: {'line': b'-- Looking for gz-common5 -- found version 5.9.0\n'}
[11.458678] (px4) StdoutLine: {'line': b'-- Searching for <gz-physics7> component [sdf]\n'}
[11.460174] (px4) StdoutLine: {'line': b'-- Looking for gz-physics7-sdf -- found version 7.8.0\n'}
[11.460270] (px4) StdoutLine: {'line': b'-- Searching for dependencies of gz-physics7-sdf\n'}
[11.460382] (px4) StdoutLine: {'line': b'-- Looking for sdformat14 -- found version 14.9.0\n'}
[11.462133] (px4) StdoutLine: {'line': b'-- Looking for gz-sensors8 -- found version 8.2.2\n'}
[11.462241] (px4) StdoutLine: {'line': b'-- Searching for dependencies of gz-sensors8\n'}
[11.476830] (px4) StdoutLine: {'line': b'-- Looking for gz-math7 -- found version 7.7.0\n'}
[11.477093] (px4) StdoutLine: {'line': b'-- Looking for gz-common5 -- found version 5.9.0\n'}
[11.477208] (px4) StdoutLine: {'line': b'-- Looking for gz-transport13 -- found version 13.6.0\n'}
[11.477670] (px4) StdoutLine: {'line': b'-- Looking for gz-rendering8 -- found version 8.2.3\n'}
[11.477978] (px4) StdoutLine: {'line': b'-- Looking for gz-msgs10 -- found version 10.4.0\n'}
[11.478211] (px4) StdoutLine: {'line': b'-- Looking for sdformat14 -- found version 14.9.0\n'}
[11.478914] (px4) StdoutLine: {'line': b'-- Searching for <gz-sensors8> component [air_pressure]\n'}
[11.480944] (px4) StdoutLine: {'line': b'-- Looking for gz-sensors8-air_pressure -- found version 8.2.2\n'}
[11.481149] (px4) StdoutLine: {'line': b'-- Searching for dependencies of gz-sensors8-air_pressure\n'}
[11.481334] (px4) StdoutLine: {'line': b'-- Searching for <gz-sensors8> component [air_speed]\n'}
[11.483606] (px4) StdoutLine: {'line': b'-- Looking for gz-sensors8-air_speed -- found version 8.2.2\n'}
[11.483888] (px4) StdoutLine: {'line': b'-- Searching for dependencies of gz-sensors8-air_speed\n'}
[11.484305] (px4) StdoutLine: {'line': b'-- Searching for <gz-sensors8> component [altimeter]\n'}
[11.486660] (px4) StdoutLine: {'line': b'-- Looking for gz-sensors8-altimeter -- found version 8.2.2\n'}
[11.486888] (px4) StdoutLine: {'line': b'-- Searching for dependencies of gz-sensors8-altimeter\n'}
[11.487121] (px4) StdoutLine: {'line': b'-- Searching for <gz-sensors8> component [imu]\n'}
[11.489214] (px4) StdoutLine: {'line': b'-- Looking for gz-sensors8-imu -- found version 8.2.2\n'}
[11.489328] (px4) StdoutLine: {'line': b'-- Searching for dependencies of gz-sensors8-imu\n'}
[11.489542] (px4) StdoutLine: {'line': b'-- Searching for <gz-sensors8> component [force_torque]\n'}
[11.490786] (px4) StdoutLine: {'line': b'-- Looking for gz-sensors8-force_torque -- found version 8.2.2\n'}
[11.490852] (px4) StdoutLine: {'line': b'-- Searching for dependencies of gz-sensors8-force_torque\n'}
[11.490989] (px4) StdoutLine: {'line': b'-- Searching for <gz-sensors8> component [logical_camera]\n'}
[11.492203] (px4) StdoutLine: {'line': b'-- Looking for gz-sensors8-logical_camera -- found version 8.2.2\n'}
[11.492284] (px4) StdoutLine: {'line': b'-- Searching for dependencies of gz-sensors8-logical_camera\n'}
[11.492401] (px4) StdoutLine: {'line': b'-- Searching for <gz-sensors8> component [magnetometer]\n'}
[11.494114] (px4) StdoutLine: {'line': b'-- Looking for gz-sensors8-magnetometer -- found version 8.2.2\n'}
[11.494217] (px4) StdoutLine: {'line': b'-- Searching for dependencies of gz-sensors8-magnetometer\n'}
[11.494474] (px4) StdoutLine: {'line': b'-- Searching for <gz-sensors8> component [navsat]\n'}
[11.496123] (px4) StdoutLine: {'line': b'-- Looking for gz-sensors8-navsat -- found version 8.2.2\n'}
[11.496247] (px4) StdoutLine: {'line': b'-- Searching for dependencies of gz-sensors8-navsat\n'}
[11.496547] (px4) StdoutLine: {'line': b'-- Searching for <gz-sensors8> component [dvl]\n'}
[11.498424] (px4) StdoutLine: {'line': b'-- Looking for gz-sensors8-dvl -- found version 8.2.2\n'}
[11.498688] (px4) StdoutLine: {'line': b'-- Searching for dependencies of gz-sensors8-dvl\n'}
[11.499007] (px4) StdoutLine: {'line': b'-- Looking for gz-sensors8 -- found version 8.2.2\n'}
[11.499111] (px4) StdoutLine: {'line': b'-- Searching for dependencies of gz-sensors8\n'}
[11.516843] (px4) StdoutLine: {'line': b'-- Looking for gz-math7 -- found version 7.7.0\n'}
[11.516940] (px4) StdoutLine: {'line': b'-- Looking for gz-common5 -- found version 5.9.0\n'}
[11.516994] (px4) StdoutLine: {'line': b'-- Looking for gz-transport13 -- found version 13.6.0\n'}
[11.517121] (px4) StdoutLine: {'line': b'-- Looking for gz-rendering8 -- found version 8.2.3\n'}
[11.517347] (px4) StdoutLine: {'line': b'-- Looking for gz-msgs10 -- found version 10.4.0\n'}
[11.517550] (px4) StdoutLine: {'line': b'-- Looking for sdformat14 -- found version 14.9.0\n'}
[11.517710] (px4) StdoutLine: {'line': b'-- Searching for <gz-sensors8> component [rendering]\n'}
[11.518913] (px4) StdoutLine: {'line': b'-- Looking for gz-sensors8-rendering -- found version 8.2.2\n'}
[11.518973] (px4) StdoutLine: {'line': b'-- Searching for dependencies of gz-sensors8-rendering\n'}
[11.519539] (px4) StdoutLine: {'line': b'-- Searching for <gz-sensors8> component [rendering]\n'}
[11.519571] (px4) StdoutLine: {'line': b'-- Searching for <gz-sensors8> component [lidar]\n'}
[11.520769] (px4) StdoutLine: {'line': b'-- Looking for gz-sensors8-lidar -- found version 8.2.2\n'}
[11.520826] (px4) StdoutLine: {'line': b'-- Searching for dependencies of gz-sensors8-lidar\n'}
[11.520973] (px4) StdoutLine: {'line': b'-- Looking for gz-sensors8 -- found version 8.2.2\n'}
[11.521277] (px4) StdoutLine: {'line': b'-- Searching for <gz-sensors8> component [gpu_lidar]\n'}
[11.522459] (px4) StdoutLine: {'line': b'-- Looking for gz-sensors8-gpu_lidar -- found version 8.2.2\n'}
[11.522513] (px4) StdoutLine: {'line': b'-- Searching for dependencies of gz-sensors8-gpu_lidar\n'}
[11.522662] (px4) StdoutLine: {'line': b'-- Looking for gz-sensors8 -- found version 8.2.2\n'}
[11.523139] (px4) StdoutLine: {'line': b'-- Searching for <gz-sensors8> component [camera]\n'}
[11.524232] (px4) StdoutLine: {'line': b'-- Looking for gz-sensors8-camera -- found version 8.2.2\n'}
[11.524258] (px4) StdoutLine: {'line': b'-- Searching for dependencies of gz-sensors8-camera\n'}
[11.524411] (px4) StdoutLine: {'line': b'-- Looking for gz-sensors8 -- found version 8.2.2\n'}
[11.524809] (px4) StdoutLine: {'line': b'-- Searching for <gz-sensors8> component [boundingbox_camera]\n'}
[11.525880] (px4) StdoutLine: {'line': b'-- Looking for gz-sensors8-boundingbox_camera -- found version 8.2.2\n'}
[11.525955] (px4) StdoutLine: {'line': b'-- Searching for dependencies of gz-sensors8-boundingbox_camera\n'}
[11.526208] (px4) StdoutLine: {'line': b'-- Searching for <gz-sensors8> component [segmentation_camera]\n'}
[11.527370] (px4) StdoutLine: {'line': b'-- Looking for gz-sensors8-segmentation_camera -- found version 8.2.2\n'}
[11.527424] (px4) StdoutLine: {'line': b'-- Searching for dependencies of gz-sensors8-segmentation_camera\n'}
[11.527653] (px4) StdoutLine: {'line': b'-- Searching for <gz-sensors8> component [depth_camera]\n'}
[11.528778] (px4) StdoutLine: {'line': b'-- Looking for gz-sensors8-depth_camera -- found version 8.2.2\n'}
[11.528865] (px4) StdoutLine: {'line': b'-- Searching for dependencies of gz-sensors8-depth_camera\n'}
[11.529031] (px4) StdoutLine: {'line': b'-- Looking for gz-sensors8 -- found version 8.2.2\n'}
[11.529336] (px4) StdoutLine: {'line': b'-- Searching for <gz-sensors8> component [rgbd_camera]\n'}
[11.530482] (px4) StdoutLine: {'line': b'-- Looking for gz-sensors8-rgbd_camera -- found version 8.2.2\n'}
[11.530562] (px4) StdoutLine: {'line': b'-- Searching for dependencies of gz-sensors8-rgbd_camera\n'}
[11.530704] (px4) StdoutLine: {'line': b'-- Looking for gz-sensors8 -- found version 8.2.2\n'}
[11.531001] (px4) StdoutLine: {'line': b'-- Searching for <gz-sensors8> component [thermal_camera]\n'}
[11.532138] (px4) StdoutLine: {'line': b'-- Looking for gz-sensors8-thermal_camera -- found version 8.2.2\n'}
[11.532208] (-) TimerEvent: {}
[11.532255] (px4) StdoutLine: {'line': b'-- Searching for dependencies of gz-sensors8-thermal_camera\n'}
[11.532331] (px4) StdoutLine: {'line': b'-- Looking for gz-sensors8 -- found version 8.2.2\n'}
[11.532673] (px4) StdoutLine: {'line': b'-- Searching for <gz-sensors8> component [wide_angle_camera]\n'}
[11.533915] (px4) StdoutLine: {'line': b'-- Looking for gz-sensors8-wide_angle_camera -- found version 8.2.2\n'}
[11.533988] (px4) StdoutLine: {'line': b'-- Searching for dependencies of gz-sensors8-wide_angle_camera\n'}
[11.534412] (px4) StdoutLine: {'line': b'-- Looking for gz-rendering8 -- found version 8.2.3\n'}
[11.534670] (px4) StdoutLine: {'line': b'-- Looking for gz-math7 -- found version 7.7.0\n'}
[11.534831] (px4) StdoutLine: {'line': b'-- Looking for gz-utils2 -- found version 2.2.1\n'}
[11.549871] (px4) StdoutLine: {'line': b'-- Looking for gz-sensors8 -- found version 8.2.2\n'}
[11.551346] (px4) StdoutLine: {'line': b'-- Looking for gz-plugin2 -- found version 2.0.4\n'}
[11.559099] (px4) StdoutLine: {'line': b'-- Found PkgConfig: /usr/bin/pkg-config (found version "1.8.1") \n'}
[11.559466] (px4) StdoutLine: {'line': b"-- Checking for module 'gstreamer-1.0'\n"}
[11.573532] (px4) StdoutLine: {'line': b"--   Package 'gstreamer-1.0', required by 'virtual:world', not found\n"}
[11.574150] (px4) StdoutLine: {'line': b"-- Checking for module 'gstreamer-app-1.0'\n"}
[11.587835] (px4) StdoutLine: {'line': b"--   Package 'gstreamer-app-1.0', required by 'virtual:world', not found\n"}
[11.587971] (px4) StderrLine: {'line': b'\x1b[33mCMake Warning at src/modules/simulation/gz_plugins/gstreamer/CMakeLists.txt:42 (message):\n'}
[11.588007] (px4) StderrLine: {'line': b'  GStreamer and Gstreamer App are required to build this plugin.\n'}
[11.588035] (px4) StderrLine: {'line': b'\n'}
[11.588061] (px4) StderrLine: {'line': b'\x1b[0m\n'}
[11.632322] (-) TimerEvent: {}
[11.637748] (px4) StdoutLine: {'line': b'-- Found Java: /usr/bin/java (found version "21.0.12") \n'}
[11.732491] (-) TimerEvent: {}
[11.832693] (-) TimerEvent: {}
[11.912462] (px4) StdoutLine: {'line': b'-- ROMFS: ROMFS/px4fmu_common\n'}
[11.932874] (-) TimerEvent: {}
[11.972920] (px4) StderrLine: {'line': b'\x1b[0mArchitecture:  amd64\x1b[0m\n'}
[11.973037] (px4) StderrLine: {'line': b'\x1b[0m==> CPACK_INSTALL_PREFIX = @DEB_INSTALL_PREFIX@\x1b[0m\n'}
[12.033053] (-) TimerEvent: {}
[12.067176] (px4) StdoutLine: {'line': b'-- Configuring done (12.1s)\n'}
[12.133157] (-) TimerEvent: {}
[12.233562] (-) TimerEvent: {}
[12.333804] (-) TimerEvent: {}
[12.434159] (-) TimerEvent: {}
[12.534431] (-) TimerEvent: {}
[12.634798] (-) TimerEvent: {}
[12.735104] (-) TimerEvent: {}
[12.835396] (-) TimerEvent: {}
[12.935645] (-) TimerEvent: {}
[13.035851] (-) TimerEvent: {}
[13.136073] (-) TimerEvent: {}
[13.175903] (px4) StdoutLine: {'line': b'-- Generating done (0.9s)\n'}
[13.236203] (-) TimerEvent: {}
[13.336563] (-) TimerEvent: {}
[13.436788] (-) TimerEvent: {}
[13.537111] (-) TimerEvent: {}
[13.633193] (px4) StdoutLine: {'line': b'-- Build files have been written to: /home/adamgb/phd/gazebo_ws/build/px4\n'}
[13.637267] (-) TimerEvent: {}
[13.726410] (px4) CommandEnded: {'returncode': 0}
[13.726773] (px4) JobProgress: {'identifier': 'px4', 'progress': 'build'}
[13.727751] (px4) Command: {'cmd': ['/usr/bin/cmake', '--build', '/home/adamgb/phd/gazebo_ws/build/px4', '--', '-j32', '-l32'], 'cwd': '/home/adamgb/phd/gazebo_ws/build/px4', 'env': OrderedDict({'GZ_SIM_SYSTEM_PLUGIN_PATH': '/opt/ros/jazzy/lib/mrs_gazebo_common_resources', 'HYPRCURSOR_THEME': 'Bibata-Modern-Ice', 'QT_SCALE_FACTOR': '1', 'GZ_SIM_RESOURCE_PATH': '/opt/ros/jazzy/share', 'HYPRLAND_CMD': 'Hyprland --watchdog-fd 4', 'HYPRLAND_INSTANCE_SIGNATURE': 'efb50993780079460b0cbed1363e2166a2de1d9f_1790332321_1325343215', 'USER': 'adamgb', 'FONTCONFIG_PATH': '/etc/fonts', 'GIO_MODULE_DIR': '/home/adamgb/snap/code/common/.cache/gio-modules', 'GZ_CONFIG_PATH': '/opt/ros/jazzy/opt/gz_sim_vendor/share/gz:/opt/ros/jazzy/opt/sdformat_vendor/share/gz:/opt/ros/jazzy/opt/gz_gui_vendor/share/gz:/opt/ros/jazzy/opt/gz_transport_vendor/share/gz:/opt/ros/jazzy/opt/gz_rendering_vendor/share/gz:/opt/ros/jazzy/opt/gz_plugin_vendor/share/gz:/opt/ros/jazzy/opt/gz_fuel_tools_vendor/share/gz:/opt/ros/jazzy/opt/gz_msgs_vendor/share/gz:/opt/ros/jazzy/opt/gz_common_vendor/share/gz', 'XDG_SEAT': 'seat0', 'GTK_EXE_PREFIX_VSCODE_SNAP_ORIG': '', 'XDG_SESSION_TYPE': 'wayland', '__GLX_VENDOR_LIBRARY_NAME': 'nvidia', 'GIT_ASKPASS': '/snap/code/265/usr/share/code/resources/app/extensions/git/dist/askpass.sh', 'GDK_BACKEND_VSCODE_SNAP_ORIG': 'wayland,x11,*', 'LD_LIBRARY_PATH': '/home/adamgb/phd/gazebo_ws/install/srt_controller/lib:/home/adamgb/phd/gazebo_ws/install/lvhr_controller/lib:/opt/ros/jazzy/opt/zenoh_cpp_vendor/lib:/opt/ros/jazzy/opt/gz_sim_vendor/lib:/opt/ros/jazzy/opt/gz_sensors_vendor/lib:/opt/ros/jazzy/opt/gz_physics_vendor/lib:/opt/ros/jazzy/opt/sdformat_vendor/lib:/opt/ros/jazzy/opt/rviz_ogre_vendor/lib:/opt/ros/jazzy/lib/x86_64-linux-gnu:/opt/ros/jazzy/opt/gz_gui_vendor/lib:/opt/ros/jazzy/opt/gz_transport_vendor/lib:/opt/ros/jazzy/opt/gz_rendering_vendor/lib:/opt/ros/jazzy/opt/gz_plugin_vendor/lib:/opt/ros/jazzy/opt/gz_fuel_tools_vendor/lib:/opt/ros/jazzy/opt/gz_msgs_vendor/lib:/opt/ros/jazzy/opt/gz_common_vendor/lib:/opt/ros/jazzy/opt/gz_math_vendor/lib:/opt/ros/jazzy/opt/gz_utils_vendor/lib:/opt/ros/jazzy/opt/gz_tools_vendor/lib:/opt/ros/jazzy/opt/gz_ogre_next_vendor/lib:/opt/ros/jazzy/opt/gz_dartsim_vendor/lib:/opt/ros/jazzy/opt/gz_cmake_vendor/lib:/opt/ros/jazzy/lib', 'SHLVL': '2', 'CHROME_DESKTOP': 'code_code.desktop', 'CONDA_SHLVL': '0', 'HOME': '/home/adamgb', 'LESS': '-R', 'LOCPATH_VSCODE_SNAP_ORIG': '', 'MOZ_ENABLE_WAYLAND': '1', 'OLDPWD': '/home/adamgb/phd/gazebo_ws', 'TERMINFO': '/usr/lib/kitty/terminfo', 'DESKTOP_SESSION': 'hyprland', 'GTK_PATH': '/snap/code/265/usr/lib/x86_64-linux-gnu/gtk-3.0', 'KITTY_INSTALLATION_DIR': '/usr/lib/kitty', 'TERM_PROGRAM_VERSION': '1.139.0', 'GTK_IM_MODULE_FILE': '/home/adamgb/snap/code/common/.cache/immodules/immodules.cache', 'LSCOLORS': 'Gxfxcxdxbxegedabagacad', 'ZSH': '/home/adamgb/.oh-my-zsh', 'GSETTINGS_SCHEMA_DIR_VSCODE_SNAP_ORIG': '', 'GTK_MODULES': 'gail:atk-bridge', 'PAGER': 'less', 'ROS_PYTHON_VERSION': '3', 'VSCODE_GIT_ASKPASS_MAIN': '/snap/code/265/usr/share/code/resources/app/extensions/git/dist/askpass-main.js', 'KITTY_PID': '6739', 'VSCODE_GIT_ASKPASS_NODE': '/snap/code/265/usr/share/code/code', 'DBUS_SESSION_BUS_ADDRESS': 'unix:path=/run/user/1000/bus', 'GDK_SCALE': '1', 'GSM_SKIP_SSH_AGENT_WORKAROUND': 'true', 'VSCODE_PYTHON_AUTOACTIVATE_GUARD': '1', 'COLORTERM': 'truecolor', 'QT_WAYLAND_DISABLE_WINDOWDECORATION': '1', '_CE_M': '', '_CONDA_ROOT': '/home/adamgb/miniconda3', 'COLCON_PREFIX_PATH': '/home/adamgb/phd/gazebo_ws/install', 'QT_QPA_PLATFORMTHEME': 'qt6ct', 'ROS_DISTRO': 'jazzy', 'WAYLAND_DISPLAY': 'wayland-1', 'LOGNAME': 'adamgb', '__VK_LAYER_NV_optimus': 'NVIDIA_only', 'IGN_GAZEBO_MODEL_PATH': '/opt/ros/jazzy/share', 'QT_AUTO_SCREEN_SCALE_FACTOR': '1', '_': '/usr/bin/colcon', 'ROS_VERSION': '2', 'XDG_CONFIG_DIRS_VSCODE_SNAP_ORIG': '', 'XDG_DATA_DIRS_VSCODE_SNAP_ORIG': '/usr/local/share/:/usr/share/:/var/lib/snapd/desktop', 'XDG_SESSION_CLASS': 'user', 'CLAUDE_CODE_SSE_PORT': '20544', 'USER_ZDOTDIR': '/home/adamgb', 'CLUTTER_BACKEND': 'wayland', 'GAZEBO_MODEL_PATH': '/opt/ros/jazzy/share', 'KITTY_PUBLIC_KEY': '1:o0Gg<WNaLG!PSNPcz(c(-}K*hme%J?XG~d+=H-7b', 'TERM': 'xterm-256color', 'USERNAME': 'adamgb', 'XDG_SESSION_ID': '2', 'DOTS_VERSION': '2.3.20', 'FC_FONTATIONS': '1', '_CE_CONDA': '', 'PATH': '/home/adamgb/.local/bin:/home/adamgb/.config/Code/User/globalStorage/github.copilot-chat/debugCommand:/home/adamgb/.config/Code/User/globalStorage/github.copilot-chat/copilotCli:/opt/ros/jazzy/opt/gz_msgs_vendor/bin:/opt/ros/jazzy/opt/gz_tools_vendor/bin:/opt/ros/jazzy/opt/gz_ogre_next_vendor/bin:/opt/ros/jazzy/bin:/home/adamgb/miniconda3/condabin:/home/adamgb/.local/bin:/usr/local/sbin:/usr/local/bin:/usr/sbin:/usr/bin:/sbin:/bin:/usr/games:/usr/local/games:/snap/bin:/snap/bin', 'GTK_EXE_PREFIX': '/snap/code/265/usr', 'GDK_BACKEND': 'x11', 'XDG_RUNTIME_DIR': '/run/user/1000', 'DISPLAY': ':0', 'HYPRCURSOR_SIZE': '24', 'LOCPATH': '/snap/code/265/usr/lib/locale', 'LANG': 'en_US.UTF-8', 'XDG_CURRENT_DESKTOP': 'Hyprland', '__NV_PRIME_RENDER_OFFLOAD': '1', 'VSCODE_INJECTION': '1', 'GIO_MODULE_DIR_VSCODE_SNAP_ORIG': '', 'LIBVA_DRIVER_NAME': 'nvidia', 'LS_COLORS': 'rs=0:di=01;34:ln=01;36:mh=00:pi=40;33:so=01;35:do=01;35:bd=40;33;01:cd=40;33;01:or=40;31;01:mi=00:su=37;41:sg=30;43:ca=00:tw=30;42:ow=34;42:st=37;44:ex=01;32:*.tar=01;31:*.tgz=01;31:*.arc=01;31:*.arj=01;31:*.taz=01;31:*.lha=01;31:*.lz4=01;31:*.lzh=01;31:*.lzma=01;31:*.tlz=01;31:*.txz=01;31:*.tzo=01;31:*.t7z=01;31:*.zip=01;31:*.z=01;31:*.dz=01;31:*.gz=01;31:*.lrz=01;31:*.lz=01;31:*.lzo=01;31:*.xz=01;31:*.zst=01;31:*.tzst=01;31:*.bz2=01;31:*.bz=01;31:*.tbz=01;31:*.tbz2=01;31:*.tz=01;31:*.deb=01;31:*.rpm=01;31:*.jar=01;31:*.war=01;31:*.ear=01;31:*.sar=01;31:*.rar=01;31:*.alz=01;31:*.ace=01;31:*.zoo=01;31:*.cpio=01;31:*.7z=01;31:*.rz=01;31:*.cab=01;31:*.wim=01;31:*.swm=01;31:*.dwm=01;31:*.esd=01;31:*.avif=01;35:*.jpg=01;35:*.jpeg=01;35:*.mjpg=01;35:*.mjpeg=01;35:*.gif=01;35:*.bmp=01;35:*.pbm=01;35:*.pgm=01;35:*.ppm=01;35:*.tga=01;35:*.xbm=01;35:*.xpm=01;35:*.tif=01;35:*.tiff=01;35:*.png=01;35:*.svg=01;35:*.svgz=01;35:*.mng=01;35:*.pcx=01;35:*.mov=01;35:*.mpg=01;35:*.mpeg=01;35:*.m2v=01;35:*.mkv=01;35:*.webm=01;35:*.webp=01;35:*.ogm=01;35:*.mp4=01;35:*.m4v=01;35:*.mp4v=01;35:*.vob=01;35:*.qt=01;35:*.nuv=01;35:*.wmv=01;35:*.asf=01;35:*.rm=01;35:*.rmvb=01;35:*.flc=01;35:*.avi=01;35:*.fli=01;35:*.flv=01;35:*.gl=01;35:*.dl=01;35:*.xcf=01;35:*.xwd=01;35:*.yuv=01;35:*.cgm=01;35:*.emf=01;35:*.ogv=01;35:*.ogx=01;35:*.aac=00;36:*.au=00;36:*.flac=00;36:*.m4a=00;36:*.mid=00;36:*.midi=00;36:*.mka=00;36:*.mp3=00;36:*.mpc=00;36:*.ogg=00;36:*.ra=00;36:*.wav=00;36:*.oga=00;36:*.opus=00;36:*.spx=00;36:*.xspf=00;36:*~=00;90:*#=00;90:*.bak=00;90:*.crdownload=00;90:*.dpkg-dist=00;90:*.dpkg-new=00;90:*.dpkg-old=00;90:*.dpkg-tmp=00;90:*.old=00;90:*.orig=00;90:*.part=00;90:*.rej=00;90:*.rpmnew=00;90:*.rpmorig=00;90:*.rpmsave=00;90:*.swp=00;90:*.tmp=00;90:*.ucf-dist=00;90:*.ucf-new=00;90:*.ucf-old=00;90:', 'XDG_SESSION_DESKTOP': 'Hyprland', 'TERM_PROGRAM': 'vscode', 'VSCODE_GIT_IPC_HANDLE': '/run/user/1000/vscode-git-1fb221dda8.sock', 'AMENT_PREFIX_PATH': '/home/adamgb/phd/gazebo_ws/install/srt_controller:/home/adamgb/phd/gazebo_ws/install/lvhr_controller:/home/adamgb/phd/gazebo_ws/install/alien_gazebo_resources:/opt/ros/jazzy', 'CONDA_PYTHON_EXE': '/home/adamgb/miniconda3/bin/python', 'GSETTINGS_SCHEMA_DIR': '/home/adamgb/snap/code/265/.local/share/glib-2.0/schemas', 'SSH_AUTH_SOCK': '/run/user/1000/gnupg/S.gpg-agent.ssh', 'SHELL': '/usr/bin/zsh', 'GDMSESSION': 'hyprland', 'QT_ACCESSIBILITY': '1', 'NO_AT_BRIDGE': '1', 'FONTCONFIG_FILE': '/etc/fonts/fonts.conf', 'GTK_PATH_VSCODE_SNAP_ORIG': '', 'IGN_GAZEBO_RESOURCE_PATH': '/opt/ros/jazzy/share', 'KITTY_WINDOW_ID': '1', '_JAVA_AWT_WM_NONREPARENTING': '1', 'GTK_IM_MODULE_FILE_VSCODE_SNAP_ORIG': '', 'GAZEBO_RESOURCE_PATH': '/opt/ros/jazzy/share', 'GSK_RENDERER': 'ngl', '_CONDA_EXE': '/home/adamgb/miniconda3/bin/conda', 'ROS_AUTOMATIC_DISCOVERY_RANGE': 'SUBNET', 'XDG_VTNR': '2', 'VSCODE_GIT_ASKPASS_EXTRA_ARGS': '', 'PWD': '/home/adamgb/phd/gazebo_ws/build/px4', 'QT_QPA_PLATFORM': 'xcb', 'CONDA_EXE': '/home/adamgb/miniconda3/bin/conda', 'XDG_BACKEND': 'wayland', 'XDG_DATA_DIRS': '/home/adamgb/snap/code/265/.local/share:/home/adamgb/snap/code/265:/snap/code/265/usr/share:/usr/local/share/:/usr/share/:/var/lib/snapd/desktop', 'COPILOT_DEBUG_NONCE': '122ec61a4d926cff7e090c1816c9867a', 'ZDOTDIR': '/home/adamgb', 'NVD_BACKEND': 'direct', 'PYTHONPATH': '/opt/ros/jazzy/opt/gz_sim_vendor/lib/python:/opt/ros/jazzy/opt/sdformat_vendor/lib/python:/opt/ros/jazzy/opt/gz_transport_vendor/lib/python:/opt/ros/jazzy/opt/gz_msgs_vendor/lib/python:/opt/ros/jazzy/opt/gz_math_vendor/lib/python:/opt/ros/jazzy/lib/python3.12/site-packages', 'PYOPENGL_PLATFORM': 'glx', 'QT_QUICK_CONTROLS_STYLE': 'org.hyprland.style', 'COLCON': '1', 'CMAKE_PREFIX_PATH': '/home/adamgb/phd/gazebo_ws/install/srt_controller:/home/adamgb/phd/gazebo_ws/install/lvhr_controller:/home/adamgb/phd/gazebo_ws/install/alien_gazebo_resources:/opt/ros/jazzy:/opt/ros/jazzy/opt/gz_sim_vendor:/opt/ros/jazzy/opt/gz_sensors_vendor:/opt/ros/jazzy/opt/gz_physics_vendor:/opt/ros/jazzy/opt/sdformat_vendor:/opt/ros/jazzy/opt/gz_gui_vendor:/opt/ros/jazzy/opt/gz_transport_vendor:/opt/ros/jazzy/opt/gz_rendering_vendor:/opt/ros/jazzy/opt/gz_plugin_vendor:/opt/ros/jazzy/opt/gz_fuel_tools_vendor:/opt/ros/jazzy/opt/gz_msgs_vendor:/opt/ros/jazzy/opt/gz_common_vendor:/opt/ros/jazzy/opt/gz_math_vendor:/opt/ros/jazzy/opt/gz_utils_vendor:/opt/ros/jazzy/opt/gz_tools_vendor:/opt/ros/jazzy/opt/gz_ogre_next_vendor:/opt/ros/jazzy/opt/gz_dartsim_vendor:/opt/ros/jazzy/opt/gz_cmake_vendor'}), 'shell': False}
[13.737421] (-) TimerEvent: {}
[13.837672] (-) TimerEvent: {}
[13.863854] (px4) StdoutLine: {'line': b'[  0%] \x1b[34m\x1b[1mRunning cpp protocol buffer compiler on /home/adamgb/phd/gazebo_ws/src/px4_firmware/src/modules/simulation/gz_msgs/opticalflow.proto\x1b[0m\n'}
[13.868969] (px4) StdoutLine: {'line': b'[  0%] \x1b[34m\x1b[1mGenerating XRCE-DDS topic bridge\x1b[0m\n'}
[13.869277] (px4) StdoutLine: {'line': b'[  0%] \x1b[34m\x1b[1mGenerating git version header\x1b[0m\n'}
[13.869406] (px4) StdoutLine: {'line': b'[  0%] \x1b[34m\x1b[1mGenerating Flight Tasks\x1b[0m\n'}
[13.870499] (px4) StdoutLine: {'line': b'[  1%] \x1b[34m\x1b[1mGenerating output_functions.hpp\x1b[0m\n'}
[13.870659] (px4) StdoutLine: {'line': b'[  1%] \x1b[34m\x1b[1mGenerating actuators.json\x1b[0m\n'}
[13.870751] (px4) StdoutLine: {'line': b'[  1%] \x1b[34m\x1b[1mgit submodule src/drivers/gps/devices\x1b[0m\n'}
[13.871031] (px4) StdoutLine: {'line': b'[  1%] \x1b[34m\x1b[1mgit submodule src/modules/mavlink/mavlink\x1b[0m\n'}
[13.871616] (px4) StdoutLine: {'line': b'[  1%] \x1b[32mBuilding C object boards/px4/sitl/src/CMakeFiles/drivers_board.dir/sitl_led.c.o\x1b[0m\n'}
[13.872294] (px4) StdoutLine: {'line': b'[  1%] \x1b[34m\x1b[1mGenerating combined event json file\x1b[0m\n'}
[13.872726] (px4) StdoutLine: {'line': b'[  1%] \x1b[34m\x1b[1mGenerating uORB topic headers\x1b[0m\n'}
[13.872829] (px4) StdoutLine: {'line': b'[  1%] \x1b[32mBuilding CXX object boards/px4/sitl/src/CMakeFiles/drivers_board.dir/board_shutdown.cpp.o\x1b[0m\n'}
[13.873049] (px4) StdoutLine: {'line': b'[  1%] \x1b[34m\x1b[1mgit submodule src/modules/uxrce_dds_client/Micro-XRCE-DDS-Client\x1b[0m\n'}
[13.873196] (px4) StdoutLine: {'line': b'[  1%] \x1b[34m\x1b[1mGenerating serial_params.c\x1b[0m\n'}
[13.876991] (px4) StdoutLine: {'line': b'[  1%] \x1b[34m\x1b[1mGenerating uORB topic ucdr headers\x1b[0m\n'}
[13.899359] (px4) StdoutLine: {'line': b'[  1%] \x1b[32mBuilding CXX object src/modules/simulation/gz_msgs/CMakeFiles/px4_gz_msgs.dir/opticalflow.pb.cc.o\x1b[0m\n'}
[13.905583] (px4) StdoutLine: {'line': b'[  1%] Built target git_mavlink_v2\n'}
[13.906180] (px4) StdoutLine: {'line': b'[  1%] Built target git_micro_xrce_dds_client\n'}
[13.912839] (px4) StdoutLine: {'line': b'[  1%] Built target git_gps_devices\n'}
[13.916031] (px4) StdoutLine: {'line': b'[  1%] Built target flighttasks_generated\n'}
[13.920282] (px4) StdoutLine: {'line': b'[  1%] Built target ver_gen\n'}
[13.920760] (px4) StdoutLine: {'line': b'[  1%] \x1b[34m\x1b[1mGenerating Mavlink uAvionix: src/modules/mavlink/mavlink/message_definitions/v1.0/uAvionix.xml\x1b[0m\n'}
[13.927590] (px4) StdoutLine: {'line': b'[  1%] \x1b[34m\x1b[1mGenerating px4 event header file\x1b[0m\n'}
[13.928702] (px4) StdoutLine: {'line': b'[  1%] \x1b[32m\x1b[1mLinking CXX static library libdrivers_board.a\x1b[0m\n'}
[13.929886] (px4) StdoutLine: {'line': b'[  1%] Built target output_functions_header\n'}
[13.937735] (-) TimerEvent: {}
[13.960902] (px4) StdoutLine: {'line': b'[  1%] Built target drivers_board\n'}
[13.968414] (px4) StdoutLine: {'line': b'[  1%] Built target topic_bridge_files\n'}
[14.029159] (px4) StdoutLine: {'line': b'[  1%] Built target events_header\n'}
[14.037836] (-) TimerEvent: {}
[14.138066] (-) TimerEvent: {}
[14.209521] (px4) StdoutLine: {'line': b'[  1%] Built target actuators_json\n'}
[14.238163] (-) TimerEvent: {}
[14.338402] (-) TimerEvent: {}
[14.363634] (px4) StdoutLine: {'line': b'[  1%] Built target mavlink_c_generate_uavionix\n'}
[14.385138] (px4) StdoutLine: {'line': b'[  1%] \x1b[34m\x1b[1mGenerating Mavlink development: src/modules/mavlink/mavlink/message_definitions/v1.0/development.xml\x1b[0m\n'}
[14.425918] (px4) StdoutLine: {'line': b'[  1%] \x1b[34m\x1b[1mGenerating parameters.xml\x1b[0m\n'}
[14.438530] (-) TimerEvent: {}
[14.538746] (-) TimerEvent: {}
[14.550705] (px4) StdoutLine: {'line': b'[  1%] \x1b[32m\x1b[1mLinking CXX static library libpx4_gz_msgs.a\x1b[0m\n'}
[14.584148] (px4) StdoutLine: {'line': b'[  1%] Built target px4_gz_msgs\n'}
[14.603222] (px4) StdoutLine: {'line': b'[  1%] \x1b[32mBuilding CXX object src/modules/simulation/gz_plugins/template_plugin/CMakeFiles/TemplatePlugin.dir/TemplateSystem.cpp.o\x1b[0m\n'}
[14.603429] (px4) StdoutLine: {'line': b'[  1%] \x1b[32mBuilding CXX object src/modules/simulation/gz_plugins/moving_platform_controller/CMakeFiles/MovingPlatformController.dir/MovingPlatformController.cpp.o\x1b[0m\n'}
[14.603540] (px4) StdoutLine: {'line': b'[  1%] \x1b[32mBuilding CXX object src/modules/simulation/gz_plugins/generic_motor/CMakeFiles/GenericMotorModelPlugin.dir/GenericMotorModel.cpp.o\x1b[0m\n'}
[14.610496] (px4) StdoutLine: {'line': b'[  1%] \x1b[32mBuilding CXX object src/modules/simulation/gz_plugins/spacecraft_thruster/CMakeFiles/SpacecraftThrusterModelPlugin.dir/SpacecraftThrusterModel.cpp.o\x1b[0m\n'}
[14.610714] (px4) StdoutLine: {'line': b'[  1%] \x1b[32mBuilding CXX object src/modules/simulation/gz_plugins/buoyancy/CMakeFiles/BuoyancySystemPlugin.dir/BuoyancySystem.cpp.o\x1b[0m\n'}
[14.638841] (-) TimerEvent: {}
[14.739083] (-) TimerEvent: {}
[14.745693] (px4) StdoutLine: {'line': b'[  1%] Built target uorb_headers\n'}
[14.766556] (px4) StdoutLine: {'line': b'[  3%] \x1b[32mBuilding C object platforms/common/work_queue/CMakeFiles/work_queue.dir/hrt_queue.c.o\x1b[0m\n'}
[14.766807] (px4) StdoutLine: {'line': b'[  3%] \x1b[32mBuilding C object platforms/common/work_queue/CMakeFiles/work_queue.dir/hrt_thread.c.o\x1b[0m\n'}
[14.766917] (px4) StdoutLine: {'line': b'[  3%] \x1b[32mBuilding C object platforms/common/work_queue/CMakeFiles/work_queue.dir/dq_remfirst.c.o\x1b[0m\n'}
[14.767022] (px4) StdoutLine: {'line': b"[  3%] \x1b[34m\x1b[1mCreating directories for 'libmicroxrceddsclient_project'\x1b[0m\n"}
[14.767118] (px4) StdoutLine: {'line': b'[  3%] \x1b[32mBuilding C object platforms/common/work_queue/CMakeFiles/work_queue.dir/queue.c.o\x1b[0m\n'}
[14.767210] (px4) StdoutLine: {'line': b'[  3%] \x1b[32mBuilding CXX object src/lib/lat_lon_alt/CMakeFiles/lat_lon_alt.dir/lat_lon_alt.cpp.o\x1b[0m\n'}
[14.767306] (px4) StdoutLine: {'line': b'[  3%] \x1b[32mBuilding CXX object src/lib/tinybson/CMakeFiles/tinybson.dir/tinybson.cpp.o\x1b[0m\n'}
[14.767394] (px4) StdoutLine: {'line': b'[  3%] \x1b[32mBuilding CXX object src/lib/perf/CMakeFiles/perf.dir/perf_counter.cpp.o\x1b[0m\n'}
[14.767497] (px4) StdoutLine: {'line': b'[  3%] \x1b[32mBuilding C object src/lib/version/CMakeFiles/version.dir/version.c.o\x1b[0m\n'}
[14.767593] (px4) StdoutLine: {'line': b'[  3%] \x1b[32mBuilding C object platforms/common/work_queue/CMakeFiles/work_queue.dir/hrt_work_cancel.c.o\x1b[0m\n'}
[14.767739] (px4) StdoutLine: {'line': b'[  3%] \x1b[34m\x1b[1mGenerating uORB json files\x1b[0m\n'}
[14.767837] (px4) StdoutLine: {'line': b'[  3%] \x1b[32mBuilding CXX object src/lib/world_magnetic_model/CMakeFiles/world_magnetic_model.dir/geo_mag_declination.cpp.o\x1b[0m\n'}
[14.767924] (px4) StdoutLine: {'line': b'[  3%] \x1b[32mBuilding C object platforms/common/work_queue/CMakeFiles/work_queue.dir/dq_addlast.c.o\x1b[0m\n'}
[14.768023] (px4) StdoutLine: {'line': b'[  3%] \x1b[32mBuilding CXX object src/lib/geo/CMakeFiles/geo.dir/geo.cpp.o\x1b[0m\n'}
[14.768112] (px4) StdoutLine: {'line': b'[  3%] \x1b[32mBuilding CXX object src/lib/wind_estimator/CMakeFiles/wind_estimator.dir/WindEstimator.cpp.o\x1b[0m\n'}
[14.769008] (px4) StdoutLine: {'line': b'[  3%] \x1b[32mBuilding CXX object src/modules/commander/ModeUtil/CMakeFiles/mode_util.dir/control_mode.cpp.o\x1b[0m\n'}
[14.769167] (px4) StdoutLine: {'line': b'[  3%] \x1b[32mBuilding CXX object src/modules/ekf2/EKF/bias_estimator/CMakeFiles/bias_estimator.dir/bias_estimator.cpp.o\x1b[0m\n'}
[14.769411] (px4) StdoutLine: {'line': b'[  3%] \x1b[32mBuilding CXX object src/modules/ekf2/EKF/yaw_estimator/CMakeFiles/yaw_estimator.dir/EKFGSF_yaw.cpp.o\x1b[0m\n'}
[14.772519] (px4) StdoutLine: {'line': b'[  3%] \x1b[34m\x1b[1mGenerating uORB topic sources\x1b[0m\n'}
[14.772756] (px4) StdoutLine: {'line': b'[  3%] \x1b[32mBuilding C object platforms/common/work_queue/CMakeFiles/work_queue.dir/sq_addafter.c.o\x1b[0m\n'}
[14.776570] (px4) StdoutLine: {'line': b'[  3%] \x1b[32mBuilding C object platforms/common/work_queue/CMakeFiles/work_queue.dir/sq_addlast.c.o\x1b[0m\n'}
[14.776793] (px4) StdoutLine: {'line': b'[  3%] \x1b[32mBuilding CXX object src/modules/commander/ModeUtil/CMakeFiles/mode_util.dir/mode_requirements.cpp.o\x1b[0m\n'}
[14.776897] (px4) StdoutLine: {'line': b'[  3%] \x1b[32mBuilding C object platforms/common/work_queue/CMakeFiles/work_queue.dir/dq_rem.c.o\x1b[0m\n'}
[14.785552] (px4) StdoutLine: {'line': b'[  3%] \x1b[34m\x1b[1mGenerating px4 event json file from source\x1b[0m\n'}
[14.799601] (px4) StdoutLine: {'line': b"[  3%] \x1b[34m\x1b[1mNo download step for 'libmicroxrceddsclient_project'\x1b[0m\n"}
[14.817663] (px4) StdoutLine: {'line': b'[  3%] \x1b[32mBuilding C object platforms/common/work_queue/CMakeFiles/work_queue.dir/sq_remfirst.c.o\x1b[0m\n'}
[14.819305] (px4) StdoutLine: {'line': b'[  3%] \x1b[32mBuilding C object platforms/common/work_queue/CMakeFiles/work_queue.dir/work_cancel.c.o\x1b[0m\n'}
[14.826550] (px4) StdoutLine: {'line': b'[  3%] \x1b[32mBuilding C object platforms/common/work_queue/CMakeFiles/work_queue.dir/work_queue.c.o\x1b[0m\n'}
[14.826766] (px4) StdoutLine: {'line': b'[  3%] \x1b[32mBuilding C object platforms/common/work_queue/CMakeFiles/work_queue.dir/work_lock.c.o\x1b[0m\n'}
[14.828519] (px4) StdoutLine: {'line': b"[  3%] \x1b[34m\x1b[1mNo update step for 'libmicroxrceddsclient_project'\x1b[0m\n"}
[14.831561] (px4) StdoutLine: {'line': b'[  3%] \x1b[32mBuilding C object platforms/common/work_queue/CMakeFiles/work_queue.dir/work_thread.c.o\x1b[0m\n'}
[14.839508] (-) TimerEvent: {}
[14.845593] (px4) StdoutLine: {'line': b'[  3%] Built target mavlink_c_generate\n'}
[14.855422] (px4) StdoutLine: {'line': b"[  3%] \x1b[34m\x1b[1mNo patch step for 'libmicroxrceddsclient_project'\x1b[0m\n"}
[14.868884] (px4) StdoutLine: {'line': b'[  3%] \x1b[32m\x1b[1mLinking CXX static library libmode_util.a\x1b[0m\n'}
[14.884614] (px4) StdoutLine: {'line': b"[  3%] \x1b[34m\x1b[1mPerforming configure step for 'libmicroxrceddsclient_project'\x1b[0m\n"}
[14.902195] (px4) StdoutLine: {'line': b'[  3%] Built target mode_util\n'}
[14.906132] (px4) StdoutLine: {'line': b'[  3%] \x1b[32m\x1b[1mLinking C static library libversion.a\x1b[0m\n'}
[14.926732] (px4) StdoutLine: {'line': b'[  3%] \x1b[32m\x1b[1mLinking C static library libwork_queue.a\x1b[0m\n'}
[14.939597] (-) TimerEvent: {}
[14.941698] (px4) StdoutLine: {'line': b'[  3%] Built target version\n'}
[14.966034] (px4) StdoutLine: {'line': b'[  3%] Built target work_queue\n'}
[14.969072] (px4) StdoutLine: {'line': b'[  3%] \x1b[32m\x1b[1mLinking CXX static library libworld_magnetic_model.a\x1b[0m\n'}
[14.974587] (px4) StdoutLine: {'line': b'[  3%] \x1b[32m\x1b[1mLinking CXX static library libbias_estimator.a\x1b[0m\n'}
[14.996812] (px4) StdoutLine: {'line': b'[  3%] Built target world_magnetic_model\n'}
[14.997442] (px4) StdoutLine: {'line': b'[  3%] \x1b[32m\x1b[1mLinking CXX static library libperf.a\x1b[0m\n'}
[15.003361] (px4) StdoutLine: {'line': b'[  3%] Built target bias_estimator\n'}
[15.026216] (px4) StdoutLine: {'line': b'[  3%] Built target perf\n'}
[15.031426] (px4) StdoutLine: {'line': b'[  3%] \x1b[32m\x1b[1mLinking CXX static library libgeo.a\x1b[0m\n'}
[15.036172] (px4) StdoutLine: {'line': b'[  3%] \x1b[32m\x1b[1mLinking CXX static library liblat_lon_alt.a\x1b[0m\n'}
[15.039689] (-) TimerEvent: {}
[15.060866] (px4) StdoutLine: {'line': b'[  3%] Built target geo\n'}
[15.063518] (px4) StdoutLine: {'line': b'[  3%] Built target lat_lon_alt\n'}
[15.079879] (px4) StdoutLine: {'line': b'[  3%] \x1b[32mBuilding CXX object src/modules/ekf2/EKF/output_predictor/CMakeFiles/output_predictor.dir/output_predictor.cpp.o\x1b[0m\n'}
[15.088755] (px4) StdoutLine: {'line': b'[  3%] \x1b[32m\x1b[1mLinking CXX static library libtinybson.a\x1b[0m\n'}
[15.115914] (px4) StdoutLine: {'line': b'[  3%] Built target tinybson\n'}
[15.129773] (px4) StdoutLine: {'line': b'[  3%] \x1b[34m\x1b[1mGenerating parameters.xml\x1b[0m\n'}
[15.139774] (-) TimerEvent: {}
[15.171203] (px4) StdoutLine: {'line': b'[  3%] \x1b[32m\x1b[1mLinking CXX static library libwind_estimator.a\x1b[0m\n'}
[15.187217] (px4) StdoutLine: {'line': b'[  3%] \x1b[34m\x1b[1mGenerating combined event json file\x1b[0m\n'}
[15.203373] (px4) StdoutLine: {'line': b'[  3%] Built target wind_estimator\n'}
[15.239860] (-) TimerEvent: {}
[15.282670] (px4) StdoutLine: {'line': b'-- libmicroxrceddsclient_project configure command succeeded.  See also /home/adamgb/phd/gazebo_ws/build/px4/src/modules/uxrce_dds_client/src/libmicroxrceddsclient_project-stamp/libmicroxrceddsclient_project-configure-*.log\n'}
[15.301938] (px4) StdoutLine: {'line': b"[  3%] \x1b[34m\x1b[1mPerforming build step for 'libmicroxrceddsclient_project'\x1b[0m\n"}
[15.339947] (-) TimerEvent: {}
[15.440157] (-) TimerEvent: {}
[15.467485] (px4) StdoutLine: {'line': b'[  3%] Built target events_json\n'}
[15.540263] (-) TimerEvent: {}
[15.640511] (-) TimerEvent: {}
[15.661421] (px4) StdoutLine: {'line': b'[  3%] \x1b[32m\x1b[1mLinking CXX static library liboutput_predictor.a\x1b[0m\n'}
[15.673543] (px4) StdoutLine: {'line': b'[  5%] \x1b[34m\x1b[1mGenerating uORB compressed fields\x1b[0m\n'}
[15.689242] (px4) StdoutLine: {'line': b'[  5%] Built target output_predictor\n'}
[15.704699] (px4) StdoutLine: {'line': b'[  5%] \x1b[32m\x1b[1mLinking CXX static library libyaw_estimator.a\x1b[0m\n'}
[15.740288] (px4) StdoutLine: {'line': b'[  5%] Built target yaw_estimator\n'}
[15.740570] (-) TimerEvent: {}
[15.761849] (px4) StdoutLine: {'line': b'[  5%] \x1b[32mBuilding CXX object src/modules/ekf2/EKF/CMakeFiles/ecl_EKF.dir/estimator_interface.cpp.o\x1b[0m\n'}
[15.762094] (px4) StdoutLine: {'line': b'[  5%] \x1b[32mBuilding CXX object src/modules/ekf2/EKF/CMakeFiles/ecl_EKF.dir/covariance.cpp.o\x1b[0m\n'}
[15.762758] (px4) StdoutLine: {'line': b'[  5%] \x1b[32mBuilding CXX object src/modules/ekf2/EKF/CMakeFiles/ecl_EKF.dir/control.cpp.o\x1b[0m\n'}
[15.763858] (px4) StdoutLine: {'line': b'[  5%] \x1b[32mBuilding CXX object src/modules/ekf2/EKF/CMakeFiles/ecl_EKF.dir/ekf.cpp.o\x1b[0m\n'}
[15.764097] (px4) StdoutLine: {'line': b'[  5%] \x1b[32mBuilding CXX object src/modules/ekf2/EKF/CMakeFiles/ecl_EKF.dir/ekf_helper.cpp.o\x1b[0m\n'}
[15.764247] (px4) StdoutLine: {'line': b'[  5%] \x1b[32mBuilding CXX object src/modules/ekf2/EKF/CMakeFiles/ecl_EKF.dir/height_control.cpp.o\x1b[0m\n'}
[15.764390] (px4) StdoutLine: {'line': b'[  5%] \x1b[32mBuilding CXX object src/modules/ekf2/EKF/CMakeFiles/ecl_EKF.dir/yaw_fusion.cpp.o\x1b[0m\n'}
[15.764624] (px4) StdoutLine: {'line': b'[  5%] \x1b[32mBuilding CXX object src/modules/ekf2/EKF/CMakeFiles/ecl_EKF.dir/velocity_fusion.cpp.o\x1b[0m\n'}
[15.764845] (px4) StdoutLine: {'line': b'[  5%] \x1b[32mBuilding CXX object src/modules/ekf2/EKF/CMakeFiles/ecl_EKF.dir/aid_sources/fake_height_control.cpp.o\x1b[0m\n'}
[15.764972] (px4) StdoutLine: {'line': b'[  5%] \x1b[32mBuilding CXX object src/modules/ekf2/EKF/CMakeFiles/ecl_EKF.dir/aid_sources/ZeroGyroUpdate.cpp.o\x1b[0m\n'}
[15.765087] (px4) StdoutLine: {'line': b'[  7%] \x1b[32mBuilding CXX object src/modules/ekf2/EKF/CMakeFiles/ecl_EKF.dir/position_fusion.cpp.o\x1b[0m\n'}
[15.765184] (px4) StdoutLine: {'line': b'[  7%] \x1b[32mBuilding CXX object src/modules/ekf2/EKF/CMakeFiles/ecl_EKF.dir/aid_sources/fake_pos_control.cpp.o\x1b[0m\n'}
[15.765275] (px4) StdoutLine: {'line': b'[  7%] \x1b[32mBuilding CXX object src/modules/ekf2/EKF/CMakeFiles/ecl_EKF.dir/imu_down_sampler/imu_down_sampler.cpp.o\x1b[0m\n'}
[15.765362] (px4) StdoutLine: {'line': b'[  7%] \x1b[32mBuilding CXX object src/modules/ekf2/EKF/CMakeFiles/ecl_EKF.dir/aid_sources/zero_innovation_heading_update.cpp.o\x1b[0m\n'}
[15.765597] (px4) StdoutLine: {'line': b'[  7%] \x1b[32mBuilding CXX object src/modules/ekf2/EKF/CMakeFiles/ecl_EKF.dir/aid_sources/ZeroVelocityUpdate.cpp.o\x1b[0m\n'}
[15.766523] (px4) StdoutLine: {'line': b'[  7%] \x1b[32mBuilding CXX object src/modules/ekf2/EKF/CMakeFiles/ecl_EKF.dir/aid_sources/airspeed/airspeed_fusion.cpp.o\x1b[0m\n'}
[15.767190] (px4) StdoutLine: {'line': b'[  7%] \x1b[32mBuilding CXX object src/modules/ekf2/EKF/CMakeFiles/ecl_EKF.dir/aid_sources/aux_global_position/aux_global_position.cpp.o\x1b[0m\n'}
[15.767332] (px4) StdoutLine: {'line': b'[  7%] \x1b[32mBuilding CXX object src/modules/ekf2/EKF/CMakeFiles/ecl_EKF.dir/aid_sources/auxvel/auxvel_fusion.cpp.o\x1b[0m\n'}
[15.770605] (px4) StdoutLine: {'line': b'[  7%] \x1b[32mBuilding CXX object src/modules/ekf2/EKF/CMakeFiles/ecl_EKF.dir/aid_sources/barometer/baro_height_control.cpp.o\x1b[0m\n'}
[15.771682] (px4) StdoutLine: {'line': b'[  7%] \x1b[32mBuilding CXX object src/modules/ekf2/EKF/CMakeFiles/ecl_EKF.dir/aid_sources/drag/drag_fusion.cpp.o\x1b[0m\n'}
[15.775244] (px4) StdoutLine: {'line': b'[  7%] \x1b[32mBuilding CXX object src/modules/ekf2/EKF/CMakeFiles/ecl_EKF.dir/aid_sources/external_vision/ev_height_control.cpp.o\x1b[0m\n'}
[15.778243] (px4) StdoutLine: {'line': b'[  7%] \x1b[32mBuilding CXX object src/modules/ekf2/EKF/CMakeFiles/ecl_EKF.dir/aid_sources/external_vision/ev_control.cpp.o\x1b[0m\n'}
[15.840677] (-) TimerEvent: {}
[15.940980] (-) TimerEvent: {}
[15.987328] (px4) StdoutLine: {'line': b'[  7%] \x1b[32mBuilding CXX object src/modules/ekf2/EKF/CMakeFiles/ecl_EKF.dir/aid_sources/external_vision/ev_pos_control.cpp.o\x1b[0m\n'}
[16.026714] (px4) StdoutLine: {'line': b'[  7%] \x1b[32mBuilding CXX object src/modules/ekf2/EKF/CMakeFiles/ecl_EKF.dir/aid_sources/external_vision/ev_vel_control.cpp.o\x1b[0m\n'}
[16.041492] (-) TimerEvent: {}
[16.046289] (px4) StdoutLine: {'line': b'[  7%] \x1b[32mBuilding CXX object src/modules/ekf2/EKF/CMakeFiles/ecl_EKF.dir/aid_sources/gnss/gnss_checks.cpp.o\x1b[0m\n'}
[16.046489] (px4) StdoutLine: {'line': b'[  7%] \x1b[32mBuilding CXX object src/modules/ekf2/EKF/CMakeFiles/ecl_EKF.dir/aid_sources/gnss/gnss_height_control.cpp.o\x1b[0m\n'}
[16.049226] (px4) StdoutLine: {'line': b'[  7%] \x1b[32mBuilding CXX object src/modules/ekf2/EKF/CMakeFiles/ecl_EKF.dir/aid_sources/external_vision/ev_yaw_control.cpp.o\x1b[0m\n'}
[16.075124] (px4) StdoutLine: {'line': b'[  7%] \x1b[32mBuilding CXX object src/modules/ekf2/EKF/CMakeFiles/ecl_EKF.dir/aid_sources/gnss/gps_control.cpp.o\x1b[0m\n'}
[16.090072] (px4) StdoutLine: {'line': b'[  8%] \x1b[32mBuilding CXX object src/modules/ekf2/EKF/CMakeFiles/ecl_EKF.dir/aid_sources/gnss/gnss_yaw_control.cpp.o\x1b[0m\n'}
[16.109326] (px4) StdoutLine: {'line': b'[  8%] \x1b[32mBuilding CXX object src/modules/ekf2/EKF/CMakeFiles/ecl_EKF.dir/aid_sources/gravity/gravity_fusion.cpp.o\x1b[0m\n'}
[16.114711] (px4) StdoutLine: {'line': b'[  8%] \x1b[32mBuilding CXX object src/modules/ekf2/EKF/CMakeFiles/ecl_EKF.dir/aid_sources/magnetometer/mag_control.cpp.o\x1b[0m\n'}
[16.121968] (px4) StdoutLine: {'line': b'[  8%] \x1b[32mBuilding CXX object src/modules/ekf2/EKF/CMakeFiles/ecl_EKF.dir/aid_sources/magnetometer/mag_fusion.cpp.o\x1b[0m\n'}
[16.129923] (px4) StdoutLine: {'line': b'[  8%] \x1b[32mBuilding CXX object src/modules/ekf2/EKF/CMakeFiles/ecl_EKF.dir/aid_sources/optical_flow/optical_flow_control.cpp.o\x1b[0m\n'}
[16.141591] (-) TimerEvent: {}
[16.155256] (px4) StdoutLine: {'line': b'[  8%] \x1b[32mBuilding CXX object src/modules/ekf2/EKF/CMakeFiles/ecl_EKF.dir/aid_sources/optical_flow/optical_flow_fusion.cpp.o\x1b[0m\n'}
[16.180539] (px4) StdoutLine: {'line': b'[  8%] \x1b[32mBuilding CXX object src/modules/ekf2/EKF/CMakeFiles/ecl_EKF.dir/aid_sources/range_finder/range_finder_consistency_check.cpp.o\x1b[0m\n'}
[16.184343] (px4) StdoutLine: {'line': b'[  8%] Built target parameters_xml\n'}
[16.186067] (px4) StdoutLine: {'line': b'[  8%] \x1b[32mBuilding CXX object src/modules/ekf2/EKF/CMakeFiles/ecl_EKF.dir/aid_sources/range_finder/range_height_control.cpp.o\x1b[0m\n'}
[16.209162] (px4) StdoutLine: {'line': b'[  8%] \x1b[32mBuilding CXX object src/modules/ekf2/EKF/CMakeFiles/ecl_EKF.dir/aid_sources/range_finder/range_height_fusion.cpp.o\x1b[0m\n'}
[16.241689] (-) TimerEvent: {}
[16.254730] (px4) StdoutLine: {'line': b'[  8%] \x1b[32mBuilding CXX object src/modules/ekf2/EKF/CMakeFiles/ecl_EKF.dir/aid_sources/range_finder/sensor_range_finder.cpp.o\x1b[0m\n'}
[16.267569] (px4) StdoutLine: {'line': b'[  8%] \x1b[32mBuilding CXX object src/modules/ekf2/EKF/CMakeFiles/ecl_EKF.dir/aid_sources/sideslip/sideslip_fusion.cpp.o\x1b[0m\n'}
[16.342560] (-) TimerEvent: {}
[16.382398] (px4) StdoutLine: {'line': b'[  8%] \x1b[32mBuilding CXX object src/modules/ekf2/EKF/CMakeFiles/ecl_EKF.dir/terrain_control.cpp.o\x1b[0m\n'}
[16.401816] (px4) StdoutLine: {'line': b'[  8%] \x1b[34m\x1b[1mGenerating component_general.json and checksums.h\x1b[0m\n'}
[16.422525] (px4) StdoutLine: {'line': b'[  8%] \x1b[32mBuilding CXX object src/modules/ekf2/EKF/CMakeFiles/ecl_EKF.dir/wind.cpp.o\x1b[0m\n'}
[16.442670] (-) TimerEvent: {}
[16.543084] (-) TimerEvent: {}
[16.575872] (px4) StdoutLine: {'line': b'[  8%] Built target component_general_json\n'}
[16.593784] (px4) StdoutLine: {'line': b'[  8%] \x1b[34m\x1b[1mGenerating ../romfs_files.tar\x1b[0m\n'}
[16.610480] (px4) StdoutLine: {'line': b'[  8%] \x1b[34m\x1b[1mROMFS: copying, generating airframes\x1b[0m\n'}
[16.643174] (-) TimerEvent: {}
[16.738751] (px4) StdoutLine: {'line': b'[  8%] \x1b[34m\x1b[1mGenerating px4_parameters.hpp\x1b[0m\n'}
[16.743254] (-) TimerEvent: {}
[16.841744] (px4) StdoutLine: {'line': b'[  8%] \x1b[32mBuilding CXX object src/lib/parameters/CMakeFiles/parameters.dir/param_translation_unit_tests.cpp.o\x1b[0m\n'}
[16.841992] (px4) StdoutLine: {'line': b'[  8%] \x1b[32mBuilding CXX object src/lib/parameters/CMakeFiles/parameters.dir/parameters.cpp.o\x1b[0m\n'}
[16.842110] (px4) StdoutLine: {'line': b'[  8%] \x1b[32mBuilding CXX object src/lib/parameters/CMakeFiles/parameters.dir/atomic_transaction.cpp.o\x1b[0m\n'}
[16.843333] (-) TimerEvent: {}
[16.843916] (px4) StdoutLine: {'line': b'[  8%] \x1b[32mBuilding CXX object src/lib/parameters/CMakeFiles/parameters.dir/autosave.cpp.o\x1b[0m\n'}
[16.943442] (-) TimerEvent: {}
[17.035524] (px4) StdoutLine: {'line': b'[  8%] \x1b[34m\x1b[1mROMFS: copying extras\x1b[0m\n'}
[17.043507] (-) TimerEvent: {}
[17.080097] (px4) StdoutLine: {'line': b'[  8%] Built target romfs_gen_files_target\n'}
[17.138431] (px4) StdoutLine: {'line': b'[  8%] \x1b[32m\x1b[1mLinking CXX static library libecl_EKF.a\x1b[0m\n'}
[17.143577] (-) TimerEvent: {}
[17.198627] (px4) StdoutLine: {'line': b'[  8%] Built target ecl_EKF\n'}
[17.220696] (px4) StdoutLine: {'line': b'[  8%] \x1b[32mBuilding CXX object src/modules/ekf2/test/test_helper/CMakeFiles/ecl_test_helper.dir/comparison_helper.cpp.o\x1b[0m\n'}
[17.220891] (px4) StdoutLine: {'line': b'[  8%] \x1b[32mBuilding CXX object src/modules/ekf2/test/test_helper/CMakeFiles/ecl_test_helper.dir/reset_logging_checker.cpp.o\x1b[0m\n'}
[17.243673] (-) TimerEvent: {}
[17.343934] (-) TimerEvent: {}
[17.410780] (px4) StdoutLine: {'line': b'[  8%] \x1b[32m\x1b[1mLinking CXX static library libparameters.a\x1b[0m\n'}
[17.444067] (-) TimerEvent: {}
[17.450691] (px4) StdoutLine: {'line': b'[  8%] Built target parameters\n'}
[17.471299] (px4) StdoutLine: {'line': b'[  8%] \x1b[32mBuilding CXX object platforms/common/px4_work_queue/CMakeFiles/px4_work_queue.dir/ScheduledWorkItem.cpp.o\x1b[0m\n'}
[17.471640] (px4) StdoutLine: {'line': b'[  8%] \x1b[32mBuilding CXX object platforms/common/px4_work_queue/CMakeFiles/px4_work_queue.dir/WorkQueueManager.cpp.o\x1b[0m\n'}
[17.474271] (px4) StdoutLine: {'line': b'[  8%] \x1b[32mBuilding CXX object platforms/common/px4_work_queue/CMakeFiles/px4_work_queue.dir/WorkItemSingleShot.cpp.o\x1b[0m\n'}
[17.474660] (px4) StdoutLine: {'line': b'[  8%] \x1b[32mBuilding CXX object platforms/common/px4_work_queue/CMakeFiles/px4_work_queue.dir/WorkItem.cpp.o\x1b[0m\n'}
[17.474772] (px4) StdoutLine: {'line': b'[  8%] \x1b[32mBuilding CXX object platforms/common/px4_work_queue/CMakeFiles/px4_work_queue.dir/WorkQueue.cpp.o\x1b[0m\n'}
[17.476000] (px4) StdoutLine: {'line': b'[  8%] \x1b[32m\x1b[1mLinking CXX static library libecl_test_helper.a\x1b[0m\n'}
[17.507837] (px4) StdoutLine: {'line': b'[  8%] Built target ecl_test_helper\n'}
[17.544170] (-) TimerEvent: {}
[17.644430] (-) TimerEvent: {}
[17.713990] (px4) StdoutLine: {'line': b'[  8%] \x1b[32m\x1b[1mLinking CXX static library libpx4_work_queue.a\x1b[0m\n'}
[17.744553] (-) TimerEvent: {}
[17.751785] (px4) StdoutLine: {'line': b'[  8%] Built target px4_work_queue\n'}
[17.772092] (px4) StdoutLine: {'line': b'[  8%] \x1b[32mBuilding C object platforms/common/CMakeFiles/px4_platform.dir/board_identity.c.o\x1b[0m\n'}
[17.772388] (px4) StdoutLine: {'line': b'[  8%] \x1b[32mBuilding CXX object platforms/common/CMakeFiles/px4_platform.dir/px4_cli.cpp.o\x1b[0m\n'}
[17.772525] (px4) StdoutLine: {'line': b'[  8%] \x1b[32mBuilding C object platforms/common/CMakeFiles/px4_platform.dir/board_common.c.o\x1b[0m\n'}
[17.772637] (px4) StdoutLine: {'line': b'[  8%] \x1b[32mBuilding CXX object platforms/common/CMakeFiles/px4_platform.dir/external_reset_lockout.cpp.o\x1b[0m\n'}
[17.773494] (px4) StdoutLine: {'line': b'[  8%] \x1b[32mBuilding CXX object platforms/common/CMakeFiles/px4_platform.dir/i2c.cpp.o\x1b[0m\n'}
[17.773682] (px4) StdoutLine: {'line': b'[  8%] \x1b[32mBuilding C object platforms/common/CMakeFiles/px4_platform.dir/pab_manifest.c.o\x1b[0m\n'}
[17.773771] (px4) StdoutLine: {'line': b'[  8%] \x1b[32mBuilding CXX object platforms/common/CMakeFiles/px4_platform.dir/i2c_spi_buses.cpp.o\x1b[0m\n'}
[17.773850] (px4) StdoutLine: {'line': b'[  8%] \x1b[32mBuilding CXX object platforms/common/CMakeFiles/px4_platform.dir/module.cpp.o\x1b[0m\n'}
[17.773969] (px4) StdoutLine: {'line': b'[  8%] \x1b[32mBuilding CXX object platforms/common/CMakeFiles/px4_platform.dir/shutdown.cpp.o\x1b[0m\n'}
[17.774038] (px4) StdoutLine: {'line': b'[  8%] \x1b[32mBuilding C object platforms/common/CMakeFiles/px4_platform.dir/px4_getopt.c.o\x1b[0m\n'}
[17.774387] (px4) StdoutLine: {'line': b'[  8%] \x1b[32mBuilding CXX object platforms/common/CMakeFiles/px4_platform.dir/Serial.cpp.o\x1b[0m\n'}
[17.774782] (px4) StdoutLine: {'line': b'[  8%] \x1b[32mBuilding CXX object platforms/common/CMakeFiles/px4_platform.dir/spi.cpp.o\x1b[0m\n'}
[17.775359] (px4) StdoutLine: {'line': b'[ 10%] \x1b[32mBuilding CXX object platforms/common/CMakeFiles/px4_platform.dir/px4_log.cpp.o\x1b[0m\n'}
[17.775578] (px4) StdoutLine: {'line': b'[ 10%] \x1b[32mBuilding CXX object platforms/common/CMakeFiles/px4_platform.dir/px4_log_history.cpp.o\x1b[0m\n'}
[17.811093] (px4) StdoutLine: {'line': b'[ 10%] \x1b[32mBuilding CXX object msg/CMakeFiles/uorb_msgs.dir/topics_sources/actuator_controls_status.cpp.o\x1b[0m\n'}
[17.811612] (px4) StdoutLine: {'line': b'[ 10%] \x1b[32mBuilding CXX object msg/CMakeFiles/uorb_msgs.dir/topics_sources/actuator_outputs.cpp.o\x1b[0m\n'}
[17.811701] (px4) StdoutLine: {'line': b'[ 10%] \x1b[32mBuilding CXX object msg/CMakeFiles/uorb_msgs.dir/topics_sources/actuator_servos_trim.cpp.o\x1b[0m\n'}
[17.812056] (px4) StdoutLine: {'line': b'[ 10%] \x1b[32mBuilding CXX object msg/CMakeFiles/uorb_msgs.dir/topics_sources/actuator_armed.cpp.o\x1b[0m\n'}
[17.812177] (px4) StdoutLine: {'line': b'[ 10%] \x1b[32mBuilding CXX object msg/CMakeFiles/uorb_msgs.dir/topics_sources/action_request.cpp.o\x1b[0m\n'}
[17.812237] (px4) StdoutLine: {'line': b'[ 10%] \x1b[32mBuilding CXX object msg/CMakeFiles/uorb_msgs.dir/topics_sources/actuator_test.cpp.o\x1b[0m\n'}
[17.812294] (px4) StdoutLine: {'line': b'[ 10%] \x1b[32mBuilding CXX object msg/CMakeFiles/uorb_msgs.dir/topics_sources/airspeed_wind.cpp.o\x1b[0m\n'}
[17.812545] (px4) StdoutLine: {'line': b'[ 10%] \x1b[32mBuilding CXX object msg/CMakeFiles/uorb_msgs.dir/topics_sources/autotune_attitude_control_status.cpp.o\x1b[0m\n'}
[17.812706] (px4) StdoutLine: {'line': b'[ 10%] \x1b[32mBuilding CXX object msg/CMakeFiles/uorb_msgs.dir/topics_sources/button_event.cpp.o\x1b[0m\n'}
[17.812771] (px4) StdoutLine: {'line': b'[ 10%] \x1b[32mBuilding CXX object msg/CMakeFiles/uorb_msgs.dir/topics_sources/adc_report.cpp.o\x1b[0m\n'}
[17.813745] (px4) StdoutLine: {'line': b'[ 10%] \x1b[32mBuilding CXX object msg/CMakeFiles/uorb_msgs.dir/topics_sources/airspeed.cpp.o\x1b[0m\n'}
[17.815191] (px4) StdoutLine: {'line': b'[ 10%] \x1b[32mBuilding CXX object msg/CMakeFiles/uorb_msgs.dir/topics_sources/battery_info.cpp.o\x1b[0m\n'}
[17.815348] (px4) StdoutLine: {'line': b'[ 10%] \x1b[32mBuilding CXX object msg/CMakeFiles/uorb_msgs.dir/topics_sources/camera_capture.cpp.o\x1b[0m\n'}
[17.819624] (px4) StdoutLine: {'line': b'[ 10%] \x1b[32mBuilding CXX object msg/CMakeFiles/uorb_msgs.dir/topics_sources/camera_trigger.cpp.o\x1b[0m\n'}
[17.820429] (px4) StdoutLine: {'line': b'[ 10%] \x1b[32mBuilding CXX object msg/CMakeFiles/uorb_msgs.dir/topics_sources/camera_status.cpp.o\x1b[0m\n'}
[17.840495] (px4) StdoutLine: {'line': b'[ 10%] \x1b[32mBuilding CXX object msg/CMakeFiles/uorb_msgs.dir/topics_sources/cellular_status.cpp.o\x1b[0m\n'}
[17.841951] (px4) StdoutLine: {'line': b'[ 10%] \x1b[32mBuilding CXX object msg/CMakeFiles/uorb_msgs.dir/topics_sources/can_interface_status.cpp.o\x1b[0m\n'}
[17.844649] (-) TimerEvent: {}
[17.854488] (px4) StdoutLine: {'line': b'[ 10%] \x1b[32mBuilding CXX object msg/CMakeFiles/uorb_msgs.dir/topics_sources/collision_constraints.cpp.o\x1b[0m\n'}
[17.864546] (px4) StdoutLine: {'line': b'[ 10%] \x1b[32mBuilding CXX object msg/CMakeFiles/uorb_msgs.dir/topics_sources/control_allocator_status.cpp.o\x1b[0m\n'}
[17.872580] (px4) StdoutLine: {'line': b'[ 12%] \x1b[32mBuilding CXX object msg/CMakeFiles/uorb_msgs.dir/topics_sources/cpuload.cpp.o\x1b[0m\n'}
[17.872792] (px4) StdoutLine: {'line': b'[ 12%] \x1b[32mBuilding CXX object msg/CMakeFiles/uorb_msgs.dir/topics_sources/dataman_response.cpp.o\x1b[0m\n'}
[17.874555] (px4) StdoutLine: {'line': b'[ 12%] \x1b[32mBuilding CXX object msg/CMakeFiles/uorb_msgs.dir/topics_sources/dataman_request.cpp.o\x1b[0m\n'}
[17.891653] (px4) StdoutLine: {'line': b'[ 12%] \x1b[32mBuilding CXX object msg/CMakeFiles/uorb_msgs.dir/topics_sources/debug_array.cpp.o\x1b[0m\n'}
[17.944766] (-) TimerEvent: {}
[17.968549] (px4) StdoutLine: {'line': b'[ 12%] \x1b[32mBuilding CXX object msg/CMakeFiles/uorb_msgs.dir/topics_sources/debug_key_value.cpp.o\x1b[0m\n'}
[17.969540] (px4) StdoutLine: {'line': b'[ 12%] \x1b[32mBuilding CXX object msg/CMakeFiles/uorb_msgs.dir/topics_sources/debug_value.cpp.o\x1b[0m\n'}
[17.971769] (px4) StdoutLine: {'line': b'[ 12%] \x1b[32mBuilding CXX object msg/CMakeFiles/uorb_msgs.dir/topics_sources/debug_vect.cpp.o\x1b[0m\n'}
[17.976577] (px4) StdoutLine: {'line': b'[ 12%] \x1b[32mBuilding CXX object msg/CMakeFiles/uorb_msgs.dir/topics_sources/distance_sensor.cpp.o\x1b[0m\n'}
[17.976788] (px4) StdoutLine: {'line': b'[ 12%] \x1b[32mBuilding CXX object msg/CMakeFiles/uorb_msgs.dir/topics_sources/distance_sensor_mode_change_request.cpp.o\x1b[0m\n'}
[17.977239] (px4) StdoutLine: {'line': b'[ 12%] \x1b[32mBuilding CXX object msg/CMakeFiles/uorb_msgs.dir/topics_sources/dronecan_node_status.cpp.o\x1b[0m\n'}
[17.978907] (px4) StdoutLine: {'line': b'[ 12%] \x1b[32mBuilding CXX object msg/CMakeFiles/uorb_msgs.dir/topics_sources/ekf2_timestamps.cpp.o\x1b[0m\n'}
[17.981834] (px4) StdoutLine: {'line': b'[ 12%] \x1b[32mBuilding CXX object msg/CMakeFiles/uorb_msgs.dir/topics_sources/differential_pressure.cpp.o\x1b[0m\n'}
[17.984908] (px4) StdoutLine: {'line': b'[ 12%] \x1b[32mBuilding CXX object msg/CMakeFiles/uorb_msgs.dir/topics_sources/esc_status.cpp.o\x1b[0m\n'}
[17.988023] (px4) StdoutLine: {'line': b'[ 12%] \x1b[32mBuilding CXX object msg/CMakeFiles/uorb_msgs.dir/topics_sources/esc_report.cpp.o\x1b[0m\n'}
[17.994431] (px4) StdoutLine: {'line': b'[ 12%] \x1b[32mBuilding CXX object msg/CMakeFiles/uorb_msgs.dir/topics_sources/estimator_aid_source1d.cpp.o\x1b[0m\n'}
[17.998486] (px4) StdoutLine: {'line': b'[ 12%] \x1b[32mBuilding CXX object msg/CMakeFiles/uorb_msgs.dir/topics_sources/estimator_aid_source3d.cpp.o\x1b[0m\n'}
[17.998686] (px4) StdoutLine: {'line': b'[ 12%] \x1b[32mBuilding CXX object msg/CMakeFiles/uorb_msgs.dir/topics_sources/estimator_aid_source2d.cpp.o\x1b[0m\n'}
[18.014571] (px4) StdoutLine: {'line': b'[ 12%] \x1b[32mBuilding CXX object msg/CMakeFiles/uorb_msgs.dir/topics_sources/estimator_bias.cpp.o\x1b[0m\n'}
[18.019143] (px4) StdoutLine: {'line': b'[ 12%] \x1b[32mBuilding CXX object msg/CMakeFiles/uorb_msgs.dir/topics_sources/estimator_bias3d.cpp.o\x1b[0m\n'}
[18.024591] (px4) StdoutLine: {'line': b'[ 12%] \x1b[32mBuilding CXX object msg/CMakeFiles/uorb_msgs.dir/topics_sources/estimator_event_flags.cpp.o\x1b[0m\n'}
[18.027573] (px4) StdoutLine: {'line': b'[ 14%] \x1b[32mBuilding CXX object msg/CMakeFiles/uorb_msgs.dir/topics_sources/estimator_gps_status.cpp.o\x1b[0m\n'}
[18.034490] (px4) StdoutLine: {'line': b'[ 14%] \x1b[32mBuilding CXX object msg/CMakeFiles/uorb_msgs.dir/topics_sources/estimator_selector_status.cpp.o\x1b[0m\n'}
[18.037549] (px4) StdoutLine: {'line': b'[ 14%] \x1b[32mBuilding CXX object msg/CMakeFiles/uorb_msgs.dir/topics_sources/estimator_sensor_bias.cpp.o\x1b[0m\n'}
[18.043060] (px4) StdoutLine: {'line': b'[ 14%] \x1b[32mBuilding CXX object msg/CMakeFiles/uorb_msgs.dir/topics_sources/estimator_innovations.cpp.o\x1b[0m\n'}
[18.046036] (-) TimerEvent: {}
[18.072161] (px4) StdoutLine: {'line': b'[ 14%] \x1b[32mBuilding CXX object msg/CMakeFiles/uorb_msgs.dir/topics_sources/estimator_states.cpp.o\x1b[0m\n'}
[18.084607] (px4) StdoutLine: {'line': b'[ 14%] \x1b[32mBuilding CXX object msg/CMakeFiles/uorb_msgs.dir/topics_sources/estimator_status.cpp.o\x1b[0m\n'}
[18.099042] (px4) StdoutLine: {'line': b'[ 14%] \x1b[32mBuilding CXX object msg/CMakeFiles/uorb_msgs.dir/topics_sources/estimator_status_flags.cpp.o\x1b[0m\n'}
[18.126576] (px4) StdoutLine: {'line': b'[ 14%] \x1b[32mBuilding CXX object msg/CMakeFiles/uorb_msgs.dir/topics_sources/failsafe_flags.cpp.o\x1b[0m\n'}
[18.136145] (px4) StdoutLine: {'line': b'[ 14%] \x1b[32m\x1b[1mLinking CXX static library libpx4_platform.a\x1b[0m\n'}
[18.140341] (px4) StdoutLine: {'line': b'[ 14%] \x1b[32m\x1b[1mLinking CXX shared library ../libTemplatePlugin.so\x1b[0m\n'}
[18.146140] (-) TimerEvent: {}
[18.151572] (px4) StdoutLine: {'line': b'[ 14%] \x1b[32mBuilding CXX object msg/CMakeFiles/uorb_msgs.dir/topics_sources/failure_detector_status.cpp.o\x1b[0m\n'}
[18.160391] (px4) StdoutLine: {'line': b'[ 14%] \x1b[32mBuilding CXX object msg/CMakeFiles/uorb_msgs.dir/topics_sources/figure_eight_status.cpp.o\x1b[0m\n'}
[18.164705] (px4) StdoutLine: {'line': b'[ 14%] \x1b[32mBuilding CXX object msg/CMakeFiles/uorb_msgs.dir/topics_sources/fixed_wing_lateral_status.cpp.o\x1b[0m\n'}
[18.171959] (px4) StdoutLine: {'line': b'[ 14%] \x1b[32mBuilding CXX object msg/CMakeFiles/uorb_msgs.dir/topics_sources/fixed_wing_runway_control.cpp.o\x1b[0m\n'}
[18.172255] (px4) StdoutLine: {'line': b'[ 14%] \x1b[32mBuilding CXX object msg/CMakeFiles/uorb_msgs.dir/topics_sources/fixed_wing_lateral_guidance_status.cpp.o\x1b[0m\n'}
[18.183401] (px4) StdoutLine: {'line': b'[ 14%] Built target px4_platform\n'}
[18.187918] (px4) StdoutLine: {'line': b'[ 14%] \x1b[32mBuilding CXX object msg/CMakeFiles/uorb_msgs.dir/topics_sources/flight_phase_estimation.cpp.o\x1b[0m\n'}
[18.213505] (px4) StdoutLine: {'line': b'[ 14%] \x1b[32mBuilding CXX object msg/CMakeFiles/uorb_msgs.dir/topics_sources/follow_target_status.cpp.o\x1b[0m\n'}
[18.213776] (px4) StdoutLine: {'line': b'[ 14%] \x1b[32mBuilding CXX object msg/CMakeFiles/uorb_msgs.dir/topics_sources/follow_target_estimator.cpp.o\x1b[0m\n'}
[18.215553] (px4) StdoutLine: {'line': b'[ 14%] \x1b[32mBuilding CXX object msg/CMakeFiles/uorb_msgs.dir/topics_sources/follow_target.cpp.o\x1b[0m\n'}
[18.219573] (px4) StdoutLine: {'line': b'[ 14%] \x1b[32mBuilding CXX object msg/CMakeFiles/uorb_msgs.dir/topics_sources/fuel_tank_status.cpp.o\x1b[0m\n'}
[18.222282] (px4) StdoutLine: {'line': b'[ 14%] \x1b[32mBuilding CXX object platforms/posix/src/px4/common/lockstep_scheduler/CMakeFiles/lockstep_scheduler.dir/src/lockstep_scheduler.cpp.o\x1b[0m\n'}
[18.227693] (px4) StdoutLine: {'line': b'[ 14%] \x1b[32mBuilding CXX object msg/CMakeFiles/uorb_msgs.dir/topics_sources/geofence_result.cpp.o\x1b[0m\n'}
[18.230834] (px4) StdoutLine: {'line': b'[ 14%] \x1b[32mBuilding CXX object msg/CMakeFiles/uorb_msgs.dir/topics_sources/generator_status.cpp.o\x1b[0m\n'}
[18.239564] (px4) StdoutLine: {'line': b'[ 14%] \x1b[32mBuilding CXX object msg/CMakeFiles/uorb_msgs.dir/topics_sources/geofence_status.cpp.o\x1b[0m\n'}
[18.246252] (-) TimerEvent: {}
[18.288581] (px4) StdoutLine: {'line': b'[ 16%] \x1b[32mBuilding CXX object msg/CMakeFiles/uorb_msgs.dir/topics_sources/gimbal_controls.cpp.o\x1b[0m\n'}
[18.299512] (px4) StdoutLine: {'line': b'[ 16%] \x1b[32mBuilding CXX object platforms/posix/src/px4/common/lockstep_scheduler/CMakeFiles/lockstep_scheduler.dir/src/lockstep_components.cpp.o\x1b[0m\n'}
[18.299776] (px4) StdoutLine: {'line': b'[ 16%] Built target TemplatePlugin\n'}
[18.309568] (px4) StdoutLine: {'line': b'[ 16%] \x1b[32mBuilding CXX object msg/CMakeFiles/uorb_msgs.dir/topics_sources/gimbal_device_set_attitude.cpp.o\x1b[0m\n'}
[18.314572] (px4) StdoutLine: {'line': b'[ 16%] \x1b[32mBuilding CXX object msg/CMakeFiles/uorb_msgs.dir/topics_sources/gimbal_device_information.cpp.o\x1b[0m\n'}
[18.314808] (px4) StdoutLine: {'line': b'[ 16%] \x1b[32mBuilding CXX object msg/CMakeFiles/uorb_msgs.dir/topics_sources/gimbal_device_attitude_status.cpp.o\x1b[0m\n'}
[18.314912] (px4) StdoutLine: {'line': b'[ 16%] \x1b[32mBuilding CXX object msg/CMakeFiles/uorb_msgs.dir/topics_sources/gimbal_manager_information.cpp.o\x1b[0m\n'}
[18.331091] (px4) StdoutLine: {'line': b'[ 16%] \x1b[32mBuilding CXX object msg/CMakeFiles/uorb_msgs.dir/topics_sources/gimbal_manager_set_attitude.cpp.o\x1b[0m\n'}
[18.336577] (px4) StdoutLine: {'line': b'[ 16%] \x1b[32mBuilding CXX object msg/CMakeFiles/uorb_msgs.dir/topics_sources/gimbal_manager_set_manual_control.cpp.o\x1b[0m\n'}
[18.340588] (px4) StdoutLine: {'line': b'[ 16%] \x1b[32mBuilding CXX object msg/CMakeFiles/uorb_msgs.dir/topics_sources/gimbal_manager_status.cpp.o\x1b[0m\n'}
[18.345441] (px4) StdoutLine: {'line': b'[ 16%] \x1b[32mBuilding CXX object msg/CMakeFiles/uorb_msgs.dir/topics_sources/gpio_config.cpp.o\x1b[0m\n'}
[18.346332] (-) TimerEvent: {}
[18.359558] (px4) StdoutLine: {'line': b'[ 16%] \x1b[32mBuilding CXX object msg/CMakeFiles/uorb_msgs.dir/topics_sources/gpio_in.cpp.o\x1b[0m\n'}
[18.395568] (px4) StdoutLine: {'line': b'[ 16%] \x1b[32mBuilding CXX object msg/CMakeFiles/uorb_msgs.dir/topics_sources/gpio_out.cpp.o\x1b[0m\n'}
[18.414205] (px4) StdoutLine: {'line': b'[ 16%] \x1b[32mBuilding CXX object msg/CMakeFiles/uorb_msgs.dir/topics_sources/gps_dump.cpp.o\x1b[0m\n'}
[18.421406] (px4) StdoutLine: {'line': b'[ 16%] \x1b[32mBuilding CXX object msg/CMakeFiles/uorb_msgs.dir/topics_sources/gps_inject_data.cpp.o\x1b[0m\n'}
[18.428103] (px4) StdoutLine: {'line': b'[ 16%] \x1b[32mBuilding CXX object msg/CMakeFiles/uorb_msgs.dir/topics_sources/health_report.cpp.o\x1b[0m\n'}
[18.428276] (px4) StdoutLine: {'line': b'[ 16%] \x1b[32mBuilding CXX object msg/CMakeFiles/uorb_msgs.dir/topics_sources/gripper.cpp.o\x1b[0m\n'}
[18.431704] (px4) StdoutLine: {'line': b'[ 16%] \x1b[32mBuilding CXX object msg/CMakeFiles/uorb_msgs.dir/topics_sources/gpio_request.cpp.o\x1b[0m\n'}
[18.431876] (px4) StdoutLine: {'line': b'[ 16%] \x1b[32mBuilding CXX object msg/CMakeFiles/uorb_msgs.dir/topics_sources/heater_status.cpp.o\x1b[0m\n'}
[18.446595] (-) TimerEvent: {}
[18.454482] (px4) StdoutLine: {'line': b'[ 16%] \x1b[32mBuilding CXX object msg/CMakeFiles/uorb_msgs.dir/topics_sources/hover_thrust_estimate.cpp.o\x1b[0m\n'}
[18.465544] (px4) StdoutLine: {'line': b'[ 16%] \x1b[32mBuilding CXX object msg/CMakeFiles/uorb_msgs.dir/topics_sources/input_rc.cpp.o\x1b[0m\n'}
[18.469641] (px4) StdoutLine: {'line': b'[ 16%] \x1b[32mBuilding CXX object msg/CMakeFiles/uorb_msgs.dir/topics_sources/internal_combustion_engine_control.cpp.o\x1b[0m\n'}
[18.475788] (px4) StdoutLine: {'line': b'[ 16%] \x1b[32mBuilding CXX object msg/CMakeFiles/uorb_msgs.dir/topics_sources/irlock_report.cpp.o\x1b[0m\n'}
[18.477568] (px4) StdoutLine: {'line': b'[ 17%] \x1b[32mBuilding CXX object msg/CMakeFiles/uorb_msgs.dir/topics_sources/iridiumsbd_status.cpp.o\x1b[0m\n'}
[18.480512] (px4) StdoutLine: {'line': b'[ 17%] \x1b[32mBuilding CXX object msg/CMakeFiles/uorb_msgs.dir/topics_sources/internal_combustion_engine_status.cpp.o\x1b[0m\n'}
[18.486426] (px4) StdoutLine: {'line': b'[ 17%] \x1b[32mBuilding CXX object msg/CMakeFiles/uorb_msgs.dir/topics_sources/landing_gear.cpp.o\x1b[0m\n'}
[18.487528] (px4) StdoutLine: {'line': b'[ 17%] \x1b[32mBuilding CXX object msg/CMakeFiles/uorb_msgs.dir/topics_sources/landing_gear_wheel.cpp.o\x1b[0m\n'}
[18.488858] (px4) StdoutLine: {'line': b'[ 17%] \x1b[32mBuilding CXX object msg/CMakeFiles/uorb_msgs.dir/topics_sources/landing_target_innovations.cpp.o\x1b[0m\n'}
[18.493084] (px4) StdoutLine: {'line': b'[ 17%] \x1b[32mBuilding CXX object msg/CMakeFiles/uorb_msgs.dir/topics_sources/landing_target_pose.cpp.o\x1b[0m\n'}
[18.501243] (px4) StdoutLine: {'line': b'[ 17%] \x1b[32mBuilding CXX object msg/CMakeFiles/uorb_msgs.dir/topics_sources/led_control.cpp.o\x1b[0m\n'}
[18.503314] (px4) StdoutLine: {'line': b'[ 17%] \x1b[32mBuilding CXX object msg/CMakeFiles/uorb_msgs.dir/topics_sources/launch_detection_status.cpp.o\x1b[0m\n'}
[18.525927] (px4) StdoutLine: {'line': b'[ 17%] \x1b[32mBuilding CXX object msg/CMakeFiles/uorb_msgs.dir/topics_sources/log_message.cpp.o\x1b[0m\n'}
[18.540378] (px4) StdoutLine: {'line': b'[ 17%] \x1b[32mBuilding CXX object msg/CMakeFiles/uorb_msgs.dir/topics_sources/logger_status.cpp.o\x1b[0m\n'}
[18.542575] (px4) StdoutLine: {'line': b'[ 17%] \x1b[32mBuilding CXX object msg/CMakeFiles/uorb_msgs.dir/topics_sources/mag_worker_data.cpp.o\x1b[0m\n'}
[18.546702] (-) TimerEvent: {}
[18.547352] (px4) StdoutLine: {'line': b'[ 17%] \x1b[32mBuilding CXX object msg/CMakeFiles/uorb_msgs.dir/topics_sources/magnetometer_bias_estimate.cpp.o\x1b[0m\n'}
[18.574252] (px4) StdoutLine: {'line': b'[ 17%] \x1b[32mBuilding CXX object msg/CMakeFiles/uorb_msgs.dir/topics_sources/manual_control_switches.cpp.o\x1b[0m\n'}
[18.583315] (px4) StdoutLine: {'line': b'[ 17%] \x1b[32mBuilding CXX object msg/CMakeFiles/uorb_msgs.dir/topics_sources/mavlink_tunnel.cpp.o\x1b[0m\n'}
[18.587563] (px4) StdoutLine: {'line': b'[ 17%] \x1b[32mBuilding CXX object msg/CMakeFiles/uorb_msgs.dir/topics_sources/mavlink_log.cpp.o\x1b[0m\n'}
[18.589522] (px4) StdoutLine: {'line': b'[ 17%] \x1b[32mBuilding CXX object msg/CMakeFiles/uorb_msgs.dir/topics_sources/message_format_request.cpp.o\x1b[0m\n'}
[18.595156] (px4) StdoutLine: {'line': b'[ 17%] \x1b[32mBuilding CXX object msg/CMakeFiles/uorb_msgs.dir/topics_sources/message_format_response.cpp.o\x1b[0m\n'}
[18.598449] (px4) StdoutLine: {'line': b'[ 17%] \x1b[32mBuilding CXX object msg/CMakeFiles/uorb_msgs.dir/topics_sources/mission.cpp.o\x1b[0m\n'}
[18.608720] (px4) StdoutLine: {'line': b'[ 17%] \x1b[32mBuilding CXX object msg/CMakeFiles/uorb_msgs.dir/topics_sources/mission_result.cpp.o\x1b[0m\n'}
[18.610595] (px4) StdoutLine: {'line': b'[ 17%] \x1b[32m\x1b[1mLinking CXX static library liblockstep_scheduler.a\x1b[0m\n'}
[18.620062] (px4) StdoutLine: {'line': b'[ 17%] \x1b[32mBuilding CXX object msg/CMakeFiles/uorb_msgs.dir/topics_sources/mount_orientation.cpp.o\x1b[0m\n'}
[18.621567] (px4) StdoutLine: {'line': b'[ 17%] \x1b[32mBuilding CXX object msg/CMakeFiles/uorb_msgs.dir/topics_sources/navigator_mission_item.cpp.o\x1b[0m\n'}
[18.626128] (px4) StdoutLine: {'line': b'[ 19%] \x1b[32mBuilding CXX object msg/CMakeFiles/uorb_msgs.dir/topics_sources/navigator_status.cpp.o\x1b[0m\n'}
[18.642487] (px4) StdoutLine: {'line': b'[ 19%] \x1b[32mBuilding CXX object msg/CMakeFiles/uorb_msgs.dir/topics_sources/neural_control.cpp.o\x1b[0m\n'}
[18.646800] (-) TimerEvent: {}
[18.648322] (px4) StdoutLine: {'line': b'[ 19%] \x1b[32mBuilding CXX object msg/CMakeFiles/uorb_msgs.dir/topics_sources/normalized_unsigned_setpoint.cpp.o\x1b[0m\n'}
[18.655028] (px4) StdoutLine: {'line': b'[ 19%] \x1b[32mBuilding CXX object msg/CMakeFiles/uorb_msgs.dir/topics_sources/obstacle_distance.cpp.o\x1b[0m\n'}
[18.657657] (px4) StdoutLine: {'line': b'[ 19%] Built target lockstep_scheduler\n'}
[18.661053] (px4) StdoutLine: {'line': b'[ 19%] \x1b[32mBuilding CXX object msg/CMakeFiles/uorb_msgs.dir/topics_sources/onboard_computer_status.cpp.o\x1b[0m\n'}
[18.662307] (px4) StdoutLine: {'line': b'[ 19%] \x1b[32mBuilding CXX object msg/CMakeFiles/uorb_msgs.dir/topics_sources/offboard_control_mode.cpp.o\x1b[0m\n'}
[18.667566] (px4) StdoutLine: {'line': b'[ 19%] \x1b[32mBuilding CXX object msg/CMakeFiles/uorb_msgs.dir/topics_sources/open_drone_id_operator_id.cpp.o\x1b[0m\n'}
[18.667796] (px4) StdoutLine: {'line': b'[ 19%] \x1b[32mBuilding CXX object msg/CMakeFiles/uorb_msgs.dir/topics_sources/open_drone_id_self_id.cpp.o\x1b[0m\n'}
[18.670977] (px4) StdoutLine: {'line': b'[ 19%] \x1b[32mBuilding CXX object msg/CMakeFiles/uorb_msgs.dir/topics_sources/open_drone_id_system.cpp.o\x1b[0m\n'}
[18.672462] (px4) StdoutLine: {'line': b'[ 19%] \x1b[32mBuilding CXX object msg/CMakeFiles/uorb_msgs.dir/topics_sources/open_drone_id_arm_status.cpp.o\x1b[0m\n'}
[18.679637] (px4) StdoutLine: {'line': b'[ 19%] \x1b[32mBuilding CXX object msg/CMakeFiles/uorb_msgs.dir/topics_sources/orb_test.cpp.o\x1b[0m\n'}
[18.682970] (px4) StdoutLine: {'line': b'[ 19%] \x1b[32mBuilding CXX object msg/CMakeFiles/uorb_msgs.dir/topics_sources/orb_test_large.cpp.o\x1b[0m\n'}
[18.688202] (px4) StdoutLine: {'line': b'[ 19%] \x1b[32mBuilding CXX object msg/CMakeFiles/uorb_msgs.dir/topics_sources/orb_test_medium.cpp.o\x1b[0m\n'}
[18.692309] (px4) StdoutLine: {'line': b'[ 19%] \x1b[32mBuilding CXX object platforms/posix/src/px4/common/px4_daemon/CMakeFiles/px4_daemon.dir/pxh.cpp.o\x1b[0m\n'}
[18.741499] (px4) StdoutLine: {'line': b'[ 19%] \x1b[32mBuilding CXX object platforms/posix/src/px4/common/px4_daemon/CMakeFiles/px4_daemon.dir/history.cpp.o\x1b[0m\n'}
[18.746512] (px4) StdoutLine: {'line': b'[ 19%] \x1b[32mBuilding CXX object platforms/posix/src/px4/common/px4_daemon/CMakeFiles/px4_daemon.dir/client.cpp.o\x1b[0m\n'}
[18.746884] (-) TimerEvent: {}
[18.748034] (px4) StdoutLine: {'line': b'[ 19%] \x1b[32mBuilding CXX object msg/CMakeFiles/uorb_msgs.dir/topics_sources/orbit_status.cpp.o\x1b[0m\n'}
[18.759594] (px4) StdoutLine: {'line': b'[ 19%] \x1b[32mBuilding CXX object platforms/posix/src/px4/common/px4_daemon/CMakeFiles/px4_daemon.dir/server.cpp.o\x1b[0m\n'}
[18.765800] (px4) StdoutLine: {'line': b'[ 19%] \x1b[32mBuilding CXX object msg/CMakeFiles/uorb_msgs.dir/topics_sources/parameter_reset_request.cpp.o\x1b[0m\n'}
[18.766050] (px4) StdoutLine: {'line': b'[ 19%] \x1b[32mBuilding CXX object platforms/posix/src/px4/common/px4_daemon/CMakeFiles/px4_daemon.dir/server_io.cpp.o\x1b[0m\n'}
[18.770909] (px4) StdoutLine: {'line': b'[ 19%] \x1b[32mBuilding CXX object msg/CMakeFiles/uorb_msgs.dir/topics_sources/parameter_set_used_request.cpp.o\x1b[0m\n'}
[18.787781] (px4) StdoutLine: {'line': b'[ 19%] \x1b[32mBuilding CXX object platforms/posix/src/px4/common/px4_daemon/CMakeFiles/px4_daemon.dir/sock_protocol.cpp.o\x1b[0m\n'}
[18.789647] (px4) StdoutLine: {'line': b'[ 19%] \x1b[32mBuilding CXX object msg/CMakeFiles/uorb_msgs.dir/topics_sources/parameter_set_value_request.cpp.o\x1b[0m\n'}
[18.799542] (px4) StdoutLine: {'line': b'[ 19%] \x1b[32mBuilding CXX object msg/CMakeFiles/uorb_msgs.dir/topics_sources/parameter_set_value_response.cpp.o\x1b[0m\n'}
[18.806263] (px4) StdoutLine: {'line': b'[ 19%] \x1b[32mBuilding CXX object msg/CMakeFiles/uorb_msgs.dir/topics_sources/parameter_update.cpp.o\x1b[0m\n'}
[18.809562] (px4) StdoutLine: {'line': b'[ 19%] \x1b[32mBuilding CXX object msg/CMakeFiles/uorb_msgs.dir/topics_sources/ping.cpp.o\x1b[0m\n'}
[18.817729] (px4) StdoutLine: {'line': b'[ 21%] \x1b[32mBuilding CXX object msg/CMakeFiles/uorb_msgs.dir/topics_sources/position_controller_landing_status.cpp.o\x1b[0m\n'}
[18.827577] (px4) StdoutLine: {'line': b'[ 21%] \x1b[32mBuilding CXX object msg/CMakeFiles/uorb_msgs.dir/topics_sources/position_setpoint.cpp.o\x1b[0m\n'}
[18.828564] (px4) StdoutLine: {'line': b'[ 21%] \x1b[32mBuilding CXX object msg/CMakeFiles/uorb_msgs.dir/topics_sources/position_controller_status.cpp.o\x1b[0m\n'}
[18.829398] (px4) StdoutLine: {'line': b'[ 21%] \x1b[32mBuilding CXX object msg/CMakeFiles/uorb_msgs.dir/topics_sources/position_setpoint_triplet.cpp.o\x1b[0m\n'}
[18.840204] (px4) StdoutLine: {'line': b'[ 21%] \x1b[32mBuilding CXX object msg/CMakeFiles/uorb_msgs.dir/topics_sources/power_button_state.cpp.o\x1b[0m\n'}
[18.847520] (-) TimerEvent: {}
[18.847776] (px4) StdoutLine: {'line': b'[ 21%] \x1b[32mBuilding CXX object msg/CMakeFiles/uorb_msgs.dir/topics_sources/power_monitor.cpp.o\x1b[0m\n'}
[18.857260] (px4) StdoutLine: {'line': b'[ 21%] \x1b[32mBuilding CXX object msg/CMakeFiles/uorb_msgs.dir/topics_sources/pps_capture.cpp.o\x1b[0m\n'}
[18.866357] (px4) StdoutLine: {'line': b'[ 21%] \x1b[32mBuilding CXX object msg/CMakeFiles/uorb_msgs.dir/topics_sources/pure_pursuit_status.cpp.o\x1b[0m\n'}
[18.878087] (px4) StdoutLine: {'line': b'[ 21%] \x1b[32mBuilding CXX object msg/CMakeFiles/uorb_msgs.dir/topics_sources/px4io_status.cpp.o\x1b[0m\n'}
[18.884040] (px4) StdoutLine: {'line': b'[ 21%] \x1b[32mBuilding CXX object msg/CMakeFiles/uorb_msgs.dir/topics_sources/pwm_input.cpp.o\x1b[0m\n'}
[18.904946] (px4) StdoutLine: {'line': b'[ 21%] \x1b[32mBuilding CXX object msg/CMakeFiles/uorb_msgs.dir/topics_sources/qshell_req.cpp.o\x1b[0m\n'}
[18.929515] (px4) StdoutLine: {'line': b'[ 21%] \x1b[32mBuilding CXX object msg/CMakeFiles/uorb_msgs.dir/topics_sources/qshell_retval.cpp.o\x1b[0m\n'}
[18.937722] (px4) StdoutLine: {'line': b'[ 21%] \x1b[32mBuilding CXX object msg/CMakeFiles/uorb_msgs.dir/topics_sources/radio_status.cpp.o\x1b[0m\n'}
[18.938418] (px4) StdoutLine: {'line': b'[ 21%] \x1b[32mBuilding CXX object msg/CMakeFiles/uorb_msgs.dir/topics_sources/rate_ctrl_status.cpp.o\x1b[0m\n'}
[18.947112] (px4) StdoutLine: {'line': b'[ 21%] \x1b[32mBuilding CXX object msg/CMakeFiles/uorb_msgs.dir/topics_sources/rc_channels.cpp.o\x1b[0m\n'}
[18.947580] (-) TimerEvent: {}
[18.961519] (px4) StdoutLine: {'line': b'[ 21%] \x1b[32mBuilding CXX object msg/CMakeFiles/uorb_msgs.dir/topics_sources/rc_parameter_map.cpp.o\x1b[0m\n'}
[18.978566] (px4) StdoutLine: {'line': b'[ 21%] \x1b[32mBuilding CXX object msg/CMakeFiles/uorb_msgs.dir/topics_sources/rover_attitude_setpoint.cpp.o\x1b[0m\n'}
[18.994442] (px4) StdoutLine: {'line': b'[ 21%] \x1b[32mBuilding CXX object msg/CMakeFiles/uorb_msgs.dir/topics_sources/rover_attitude_status.cpp.o\x1b[0m\n'}
[18.997569] (px4) StdoutLine: {'line': b'[ 21%] \x1b[32mBuilding CXX object msg/CMakeFiles/uorb_msgs.dir/topics_sources/rover_position_setpoint.cpp.o\x1b[0m\n'}
[19.001578] (px4) StdoutLine: {'line': b'[ 21%] \x1b[32mBuilding CXX object msg/CMakeFiles/uorb_msgs.dir/topics_sources/rover_rate_setpoint.cpp.o\x1b[0m\n'}
[19.003387] (px4) StdoutLine: {'line': b'[ 21%] \x1b[32mBuilding CXX object msg/CMakeFiles/uorb_msgs.dir/topics_sources/rover_rate_status.cpp.o\x1b[0m\n'}
[19.006131] (px4) StdoutLine: {'line': b'[ 23%] \x1b[32mBuilding CXX object msg/CMakeFiles/uorb_msgs.dir/topics_sources/rover_speed_setpoint.cpp.o\x1b[0m\n'}
[19.007893] (px4) StdoutLine: {'line': b'[ 23%] \x1b[32mBuilding CXX object msg/CMakeFiles/uorb_msgs.dir/topics_sources/rover_speed_status.cpp.o\x1b[0m\n'}
[19.028126] (px4) StdoutLine: {'line': b'[ 23%] \x1b[32mBuilding CXX object msg/CMakeFiles/uorb_msgs.dir/topics_sources/rover_steering_setpoint.cpp.o\x1b[0m\n'}
[19.040483] (px4) StdoutLine: {'line': b'[ 23%] \x1b[32mBuilding CXX object msg/CMakeFiles/uorb_msgs.dir/topics_sources/rpm.cpp.o\x1b[0m\n'}
[19.041694] (px4) StdoutLine: {'line': b'[ 23%] \x1b[32mBuilding CXX object msg/CMakeFiles/uorb_msgs.dir/topics_sources/rover_throttle_setpoint.cpp.o\x1b[0m\n'}
[19.048898] (-) TimerEvent: {}
[19.050074] (px4) StdoutLine: {'line': b'[ 23%] \x1b[32mBuilding CXX object msg/CMakeFiles/uorb_msgs.dir/topics_sources/rtl_status.cpp.o\x1b[0m\n'}
[19.060151] (px4) StdoutLine: {'line': b'[ 23%] \x1b[32mBuilding CXX object msg/CMakeFiles/uorb_msgs.dir/topics_sources/rtl_time_estimate.cpp.o\x1b[0m\n'}
[19.062325] (px4) StdoutLine: {'line': b'[ 23%] \x1b[32mBuilding CXX object msg/CMakeFiles/uorb_msgs.dir/topics_sources/satellite_info.cpp.o\x1b[0m\n'}
[19.073979] (px4) StdoutLine: {'line': b'[ 23%] \x1b[32mBuilding CXX object msg/CMakeFiles/uorb_msgs.dir/topics_sources/sensor_accel.cpp.o\x1b[0m\n'}
[19.081435] (px4) StdoutLine: {'line': b'[ 23%] \x1b[32mBuilding CXX object msg/CMakeFiles/uorb_msgs.dir/topics_sources/sensor_accel_fifo.cpp.o\x1b[0m\n'}
[19.102492] (px4) StdoutLine: {'line': b'[ 23%] \x1b[32mBuilding CXX object msg/CMakeFiles/uorb_msgs.dir/topics_sources/sensor_airflow.cpp.o\x1b[0m\n'}
[19.112972] (px4) StdoutLine: {'line': b'[ 23%] \x1b[32mBuilding CXX object msg/CMakeFiles/uorb_msgs.dir/topics_sources/sensor_baro.cpp.o\x1b[0m\n'}
[19.118943] (px4) StdoutLine: {'line': b'[ 23%] \x1b[32mBuilding CXX object msg/CMakeFiles/uorb_msgs.dir/topics_sources/sensor_correction.cpp.o\x1b[0m\n'}
[19.120077] (px4) StdoutLine: {'line': b'[ 23%] \x1b[32mBuilding CXX object msg/CMakeFiles/uorb_msgs.dir/topics_sources/sensor_combined.cpp.o\x1b[0m\n'}
[19.125019] (px4) StdoutLine: {'line': b'[ 23%] \x1b[32mBuilding CXX object msg/CMakeFiles/uorb_msgs.dir/topics_sources/sensor_gnss_relative.cpp.o\x1b[0m\n'}
[19.132561] (px4) StdoutLine: {'line': b'[ 23%] \x1b[32mBuilding CXX object msg/CMakeFiles/uorb_msgs.dir/topics_sources/sensor_gnss_status.cpp.o\x1b[0m\n'}
[19.142492] (px4) StdoutLine: {'line': b'[ 23%] \x1b[32mBuilding CXX object msg/CMakeFiles/uorb_msgs.dir/topics_sources/sensor_gps.cpp.o\x1b[0m\n'}
[19.149010] (-) TimerEvent: {}
[19.168699] (px4) StdoutLine: {'line': b'[ 23%] \x1b[32mBuilding CXX object msg/CMakeFiles/uorb_msgs.dir/topics_sources/sensor_gyro.cpp.o\x1b[0m\n'}
[19.176577] (px4) StdoutLine: {'line': b'[ 23%] \x1b[32mBuilding CXX object msg/CMakeFiles/uorb_msgs.dir/topics_sources/sensor_gyro_fft.cpp.o\x1b[0m\n'}
[19.177064] (px4) StdoutLine: {'line': b'[ 23%] \x1b[32mBuilding CXX object msg/CMakeFiles/uorb_msgs.dir/topics_sources/sensor_gyro_fifo.cpp.o\x1b[0m\n'}
[19.190288] (px4) StdoutLine: {'line': b'[ 25%] \x1b[32mBuilding CXX object msg/CMakeFiles/uorb_msgs.dir/topics_sources/sensor_mag.cpp.o\x1b[0m\n'}
[19.195028] (px4) StdoutLine: {'line': b'[ 25%] \x1b[32mBuilding CXX object msg/CMakeFiles/uorb_msgs.dir/topics_sources/sensor_hygrometer.cpp.o\x1b[0m\n'}
[19.195266] (px4) StdoutLine: {'line': b'[ 25%] \x1b[32mBuilding CXX object msg/CMakeFiles/uorb_msgs.dir/topics_sources/sensor_optical_flow.cpp.o\x1b[0m\n'}
[19.199583] (px4) StdoutLine: {'line': b'[ 25%] \x1b[32mBuilding CXX object msg/CMakeFiles/uorb_msgs.dir/topics_sources/sensor_preflight_mag.cpp.o\x1b[0m\n'}
[19.205262] (px4) StdoutLine: {'line': b'[ 25%] \x1b[32mBuilding CXX object msg/CMakeFiles/uorb_msgs.dir/topics_sources/sensor_selection.cpp.o\x1b[0m\n'}
[19.217440] (px4) StdoutLine: {'line': b'[ 25%] \x1b[32mBuilding CXX object msg/CMakeFiles/uorb_msgs.dir/topics_sources/sensor_uwb.cpp.o\x1b[0m\n'}
[19.218672] (px4) StdoutLine: {'line': b'[ 25%] \x1b[32mBuilding CXX object msg/CMakeFiles/uorb_msgs.dir/topics_sources/sensors_status_imu.cpp.o\x1b[0m\n'}
[19.221842] (px4) StdoutLine: {'line': b'[ 25%] \x1b[32mBuilding CXX object msg/CMakeFiles/uorb_msgs.dir/topics_sources/sensors_status.cpp.o\x1b[0m\n'}
[19.222073] (px4) StdoutLine: {'line': b'[ 25%] \x1b[32mBuilding CXX object msg/CMakeFiles/uorb_msgs.dir/topics_sources/system_power.cpp.o\x1b[0m\n'}
[19.222191] (px4) StdoutLine: {'line': b'[ 25%] \x1b[32mBuilding CXX object msg/CMakeFiles/uorb_msgs.dir/topics_sources/takeoff_status.cpp.o\x1b[0m\n'}
[19.230996] (px4) StdoutLine: {'line': b'[ 25%] \x1b[32mBuilding CXX object msg/CMakeFiles/uorb_msgs.dir/topics_sources/task_stack_info.cpp.o\x1b[0m\n'}
[19.234092] (px4) StdoutLine: {'line': b'[ 25%] \x1b[32mBuilding CXX object msg/CMakeFiles/uorb_msgs.dir/topics_sources/tecs_status.cpp.o\x1b[0m\n'}
[19.249123] (-) TimerEvent: {}
[19.251971] (px4) StdoutLine: {'line': b'[ 25%] \x1b[32mBuilding CXX object msg/CMakeFiles/uorb_msgs.dir/topics_sources/telemetry_status.cpp.o\x1b[0m\n'}
[19.262522] (px4) StdoutLine: {'line': b'[ 25%] \x1b[32mBuilding CXX object msg/CMakeFiles/uorb_msgs.dir/topics_sources/tiltrotor_extra_controls.cpp.o\x1b[0m\n'}
[19.295970] (px4) StdoutLine: {'line': b'[ 25%] \x1b[32mBuilding CXX object msg/CMakeFiles/uorb_msgs.dir/topics_sources/timesync_status.cpp.o\x1b[0m\n'}
[19.306737] (px4) StdoutLine: {'line': b'[ 25%] \x1b[32mBuilding CXX object msg/CMakeFiles/uorb_msgs.dir/topics_sources/transponder_report.cpp.o\x1b[0m\n'}
[19.307515] (px4) StdoutLine: {'line': b'[ 25%] \x1b[32mBuilding CXX object msg/CMakeFiles/uorb_msgs.dir/topics_sources/trajectory_setpoint6dof.cpp.o\x1b[0m\n'}
[19.315282] (px4) StdoutLine: {'line': b'[ 25%] \x1b[32mBuilding CXX object msg/CMakeFiles/uorb_msgs.dir/topics_sources/tune_control.cpp.o\x1b[0m\n'}
[19.323494] (px4) StdoutLine: {'line': b'[ 25%] \x1b[32mBuilding CXX object msg/CMakeFiles/uorb_msgs.dir/topics_sources/uavcan_parameter_request.cpp.o\x1b[0m\n'}
[19.329377] (px4) StdoutLine: {'line': b'[ 25%] \x1b[32mBuilding CXX object msg/CMakeFiles/uorb_msgs.dir/topics_sources/uavcan_parameter_value.cpp.o\x1b[0m\n'}
[19.339677] (px4) StdoutLine: {'line': b'[ 25%] \x1b[32mBuilding CXX object msg/CMakeFiles/uorb_msgs.dir/topics_sources/ulog_stream.cpp.o\x1b[0m\n'}
[19.345565] (px4) StdoutLine: {'line': b'[ 26%] \x1b[32mBuilding CXX object msg/CMakeFiles/uorb_msgs.dir/topics_sources/vehicle_acceleration.cpp.o\x1b[0m\n'}
[19.347574] (px4) StdoutLine: {'line': b'[ 26%] \x1b[32mBuilding CXX object msg/CMakeFiles/uorb_msgs.dir/topics_sources/ulog_stream_ack.cpp.o\x1b[0m\n'}
[19.349200] (-) TimerEvent: {}
[19.361807] (px4) StdoutLine: {'line': b'[ 26%] \x1b[32mBuilding CXX object msg/CMakeFiles/uorb_msgs.dir/topics_sources/vehicle_angular_acceleration_setpoint.cpp.o\x1b[0m\n'}
[19.363253] (px4) StdoutLine: {'line': b'[ 26%] \x1b[32mBuilding CXX object msg/CMakeFiles/uorb_msgs.dir/topics_sources/vehicle_air_data.cpp.o\x1b[0m\n'}
[19.383475] (px4) StdoutLine: {'line': b'[ 26%] \x1b[32mBuilding CXX object msg/CMakeFiles/uorb_msgs.dir/topics_sources/vehicle_constraints.cpp.o\x1b[0m\n'}
[19.389437] (px4) StdoutLine: {'line': b'[ 26%] \x1b[32mBuilding CXX object msg/CMakeFiles/uorb_msgs.dir/topics_sources/vehicle_imu.cpp.o\x1b[0m\n'}
[19.395987] (px4) StdoutLine: {'line': b'[ 26%] \x1b[32mBuilding CXX object msg/CMakeFiles/uorb_msgs.dir/topics_sources/vehicle_local_position_setpoint.cpp.o\x1b[0m\n'}
[19.396321] (px4) StdoutLine: {'line': b'[ 26%] \x1b[32mBuilding CXX object msg/CMakeFiles/uorb_msgs.dir/topics_sources/vehicle_imu_status.cpp.o\x1b[0m\n'}
[19.404568] (px4) StdoutLine: {'line': b'[ 26%] \x1b[32mBuilding CXX object msg/CMakeFiles/uorb_msgs.dir/topics_sources/vehicle_magnetometer.cpp.o\x1b[0m\n'}
[19.410375] (px4) StdoutLine: {'line': b'[ 26%] \x1b[32mBuilding CXX object msg/CMakeFiles/uorb_msgs.dir/topics_sources/vehicle_optical_flow.cpp.o\x1b[0m\n'}
[19.419661] (px4) StdoutLine: {'line': b'[ 26%] \x1b[32mBuilding CXX object msg/CMakeFiles/uorb_msgs.dir/topics_sources/vehicle_optical_flow_vel.cpp.o\x1b[0m\n'}
[19.420347] (px4) StdoutLine: {'line': b'[ 26%] \x1b[32mBuilding CXX object msg/CMakeFiles/uorb_msgs.dir/topics_sources/vehicle_roi.cpp.o\x1b[0m\n'}
[19.423754] (px4) StdoutLine: {'line': b'[ 26%] \x1b[32mBuilding CXX object msg/CMakeFiles/uorb_msgs.dir/topics_sources/vehicle_thrust_setpoint.cpp.o\x1b[0m\n'}
[19.435851] (px4) StdoutLine: {'line': b'[ 26%] \x1b[32mBuilding CXX object msg/CMakeFiles/uorb_msgs.dir/topics_sources/vehicle_torque_setpoint.cpp.o\x1b[0m\n'}
[19.449310] (-) TimerEvent: {}
[19.456164] (px4) StdoutLine: {'line': b'[ 26%] \x1b[32mBuilding CXX object msg/CMakeFiles/uorb_msgs.dir/topics_sources/velocity_limits.cpp.o\x1b[0m\n'}
[19.458965] (px4) StdoutLine: {'line': b'-- libmicroxrceddsclient_project build command succeeded.  See also /home/adamgb/phd/gazebo_ws/build/px4/src/modules/uxrce_dds_client/src/libmicroxrceddsclient_project-stamp/libmicroxrceddsclient_project-build-*.log\n'}
[19.467565] (px4) StdoutLine: {'line': b'[ 26%] \x1b[32mBuilding CXX object msg/CMakeFiles/uorb_msgs.dir/topics_sources/yaw_estimator_status.cpp.o\x1b[0m\n'}
[19.467784] (px4) StdoutLine: {'line': b'[ 26%] \x1b[32mBuilding CXX object msg/CMakeFiles/uorb_msgs.dir/topics_sources/wheel_encoders.cpp.o\x1b[0m\n'}
[19.481000] (px4) StdoutLine: {'line': b'[ 26%] \x1b[32mBuilding CXX object msg/CMakeFiles/uorb_msgs.dir/topics_sources/actuator_motors.cpp.o\x1b[0m\n'}
[19.485364] (px4) StdoutLine: {'line': b"[ 26%] \x1b[34m\x1b[1mPerforming install step for 'libmicroxrceddsclient_project'\x1b[0m\n"}
[19.491569] (px4) StdoutLine: {'line': b'[ 26%] \x1b[32mBuilding CXX object msg/CMakeFiles/uorb_msgs.dir/topics_sources/actuator_servos.cpp.o\x1b[0m\n'}
[19.493275] (px4) StdoutLine: {'line': b'[ 26%] \x1b[32mBuilding CXX object msg/CMakeFiles/uorb_msgs.dir/topics_sources/airspeed_validated.cpp.o\x1b[0m\n'}
[19.508363] (px4) StdoutLine: {'line': b'[ 26%] \x1b[32mBuilding CXX object msg/CMakeFiles/uorb_msgs.dir/topics_sources/arming_check_reply.cpp.o\x1b[0m\n'}
[19.515612] (px4) StdoutLine: {'line': b'[ 28%] \x1b[32mBuilding CXX object msg/CMakeFiles/uorb_msgs.dir/topics_sources/arming_check_request.cpp.o\x1b[0m\n'}
[19.516059] (px4) StdoutLine: {'line': b'[ 28%] \x1b[32mBuilding CXX object msg/CMakeFiles/uorb_msgs.dir/topics_sources/event.cpp.o\x1b[0m\n'}
[19.518144] (px4) StdoutLine: {'line': b'[ 28%] \x1b[32mBuilding CXX object msg/CMakeFiles/uorb_msgs.dir/topics_sources/battery_status.cpp.o\x1b[0m\n'}
[19.522795] (px4) StdoutLine: {'line': b'[ 28%] \x1b[32mBuilding CXX object msg/CMakeFiles/uorb_msgs.dir/topics_sources/config_overrides.cpp.o\x1b[0m\n'}
[19.530656] (px4) StdoutLine: {'line': b'[ 28%] \x1b[32mBuilding CXX object msg/CMakeFiles/uorb_msgs.dir/topics_sources/fixed_wing_lateral_setpoint.cpp.o\x1b[0m\n'}
[19.537081] (px4) StdoutLine: {'line': b'[ 28%] \x1b[32mBuilding CXX object msg/CMakeFiles/uorb_msgs.dir/topics_sources/fixed_wing_longitudinal_setpoint.cpp.o\x1b[0m\n'}
[19.539072] (px4) StdoutLine: {'line': b'[ 28%] \x1b[32mBuilding CXX object msg/CMakeFiles/uorb_msgs.dir/topics_sources/home_position.cpp.o\x1b[0m\n'}
[19.539270] (px4) StdoutLine: {'line': b'[ 28%] \x1b[32mBuilding CXX object msg/CMakeFiles/uorb_msgs.dir/topics_sources/goto_setpoint.cpp.o\x1b[0m\n'}
[19.545625] (px4) StdoutLine: {'line': b'[ 28%] \x1b[32mBuilding CXX object msg/CMakeFiles/uorb_msgs.dir/topics_sources/lateral_control_configuration.cpp.o\x1b[0m\n'}
[19.549408] (-) TimerEvent: {}
[19.566501] (px4) StdoutLine: {'line': b'[ 28%] \x1b[32mBuilding CXX object msg/CMakeFiles/uorb_msgs.dir/topics_sources/longitudinal_control_configuration.cpp.o\x1b[0m\n'}
[19.578630] (px4) StdoutLine: {'line': b'[ 28%] \x1b[32mBuilding CXX object msg/CMakeFiles/uorb_msgs.dir/topics_sources/manual_control_setpoint.cpp.o\x1b[0m\n'}
[19.583770] (px4) StdoutLine: {'line': b'[ 28%] \x1b[32mBuilding CXX object msg/CMakeFiles/uorb_msgs.dir/topics_sources/mode_completed.cpp.o\x1b[0m\n'}
[19.588587] (px4) StdoutLine: {'line': b'[ 28%] \x1b[32mBuilding CXX object msg/CMakeFiles/uorb_msgs.dir/topics_sources/register_ext_component_reply.cpp.o\x1b[0m\n'}
[19.595926] (px4) StdoutLine: {'line': b'[ 28%] \x1b[32mBuilding CXX object msg/CMakeFiles/uorb_msgs.dir/topics_sources/register_ext_component_request.cpp.o\x1b[0m\n'}
[19.597423] (px4) StdoutLine: {'line': b'-- libmicroxrceddsclient_project install command succeeded.  See also /home/adamgb/phd/gazebo_ws/build/px4/src/modules/uxrce_dds_client/src/libmicroxrceddsclient_project-stamp/libmicroxrceddsclient_project-install-*.log\n'}
[19.616567] (px4) StdoutLine: {'line': b"[ 28%] \x1b[34m\x1b[1mCompleted 'libmicroxrceddsclient_project'\x1b[0m\n"}
[19.618095] (px4) StdoutLine: {'line': b'[ 28%] \x1b[32mBuilding CXX object msg/CMakeFiles/uorb_msgs.dir/topics_sources/unregister_ext_component.cpp.o\x1b[0m\n'}
[19.623743] (px4) StdoutLine: {'line': b'[ 28%] \x1b[32mBuilding CXX object msg/CMakeFiles/uorb_msgs.dir/topics_sources/trajectory_setpoint.cpp.o\x1b[0m\n'}
[19.625590] (px4) StdoutLine: {'line': b'[ 28%] \x1b[32mBuilding CXX object msg/CMakeFiles/uorb_msgs.dir/topics_sources/vehicle_angular_velocity.cpp.o\x1b[0m\n'}
[19.631826] (px4) StdoutLine: {'line': b'[ 28%] \x1b[32mBuilding CXX object msg/CMakeFiles/uorb_msgs.dir/topics_sources/vehicle_attitude.cpp.o\x1b[0m\n'}
[19.641754] (px4) StdoutLine: {'line': b'[ 28%] \x1b[32mBuilding CXX object msg/CMakeFiles/uorb_msgs.dir/topics_sources/vehicle_attitude_setpoint.cpp.o\x1b[0m\n'}
[19.644485] (px4) StdoutLine: {'line': b'[ 28%] \x1b[32mBuilding CXX object msg/CMakeFiles/uorb_msgs.dir/topics_sources/vehicle_command.cpp.o\x1b[0m\n'}
[19.649525] (-) TimerEvent: {}
[19.659783] (px4) StdoutLine: {'line': b'[ 28%] \x1b[32mBuilding CXX object msg/CMakeFiles/uorb_msgs.dir/topics_sources/vehicle_command_ack.cpp.o\x1b[0m\n'}
[19.659988] (px4) StdoutLine: {'line': b'[ 28%] Built target libmicroxrceddsclient_project\n'}
[19.662829] (px4) StdoutLine: {'line': b'[ 30%] \x1b[32mBuilding CXX object msg/CMakeFiles/uorb_msgs.dir/topics_sources/vehicle_control_mode.cpp.o\x1b[0m\n'}
[19.663287] (px4) StdoutLine: {'line': b'[ 30%] \x1b[32mBuilding CXX object msg/CMakeFiles/uorb_msgs.dir/topics_sources/vehicle_global_position.cpp.o\x1b[0m\n'}
[19.676768] (px4) StdoutLine: {'line': b'[ 30%] \x1b[32mBuilding CXX object msg/CMakeFiles/uorb_msgs.dir/topics_sources/vehicle_land_detected.cpp.o\x1b[0m\n'}
[19.679685] (px4) StdoutLine: {'line': b'[ 30%] \x1b[32mBuilding CXX object msg/CMakeFiles/uorb_msgs.dir/topics_sources/vehicle_local_position.cpp.o\x1b[0m\n'}
[19.696497] (px4) StdoutLine: {'line': b'[ 30%] \x1b[32mBuilding CXX object msg/CMakeFiles/uorb_msgs.dir/topics_sources/vehicle_odometry.cpp.o\x1b[0m\n'}
[19.698027] (px4) StdoutLine: {'line': b'[ 30%] \x1b[32mBuilding CXX object msg/CMakeFiles/uorb_msgs.dir/topics_sources/vehicle_rates_setpoint.cpp.o\x1b[0m\n'}
[19.698609] (px4) StdoutLine: {'line': b'[ 30%] \x1b[32mBuilding CXX object msg/CMakeFiles/uorb_msgs.dir/topics_sources/vehicle_status.cpp.o\x1b[0m\n'}
[19.700596] (px4) StdoutLine: {'line': b'[ 30%] \x1b[32mBuilding CXX object msg/CMakeFiles/uorb_msgs.dir/topics_sources/vtol_vehicle_status.cpp.o\x1b[0m\n'}
[19.708436] (px4) StdoutLine: {'line': b'[ 30%] \x1b[32mBuilding CXX object msg/CMakeFiles/uorb_msgs.dir/topics_sources/wind.cpp.o\x1b[0m\n'}
[19.738700] (px4) StdoutLine: {'line': b'[ 30%] \x1b[32mBuilding CXX object msg/CMakeFiles/uorb_msgs.dir/topics_sources/uORBTopics.cpp.o\x1b[0m\n'}
[19.750415] (-) TimerEvent: {}
[19.750818] (px4) StdoutLine: {'line': b'[ 30%] \x1b[32mBuilding CXX object msg/CMakeFiles/uorb_msgs.dir/topics_sources/uORBMessageFieldsGenerated.cpp.o\x1b[0m\n'}
[19.807044] (px4) StdoutLine: {'line': b'[ 30%] Built target uorb_ucdr_headers\n'}
[19.850513] (-) TimerEvent: {}
[19.870550] (px4) StdoutLine: {'line': b'[ 30%] \x1b[32m\x1b[1mLinking CXX static library libuorb_msgs.a\x1b[0m\n'}
[19.887854] (px4) StdoutLine: {'line': b'[ 30%] \x1b[32m\x1b[1mLinking CXX static library libpx4_daemon.a\x1b[0m\n'}
[19.931297] (px4) StdoutLine: {'line': b'[ 30%] Built target px4_daemon\n'}
[19.950670] (-) TimerEvent: {}
[19.951729] (px4) StdoutLine: {'line': b'[ 32%] \x1b[32mBuilding CXX object platforms/posix/src/px4/common/CMakeFiles/px4_layer.dir/px4_sem.cpp.o\x1b[0m\n'}
[19.952373] (px4) StdoutLine: {'line': b'[ 32%] \x1b[32mBuilding CXX object platforms/posix/src/px4/common/CMakeFiles/px4_layer.dir/print_load.cpp.o\x1b[0m\n'}
[19.953396] (px4) StdoutLine: {'line': b'[ 32%] \x1b[32mBuilding CXX object platforms/posix/src/px4/common/CMakeFiles/px4_layer.dir/px4_posix_impl.cpp.o\x1b[0m\n'}
[19.953489] (px4) StdoutLine: {'line': b'[ 32%] \x1b[32mBuilding CXX object platforms/posix/src/px4/common/CMakeFiles/px4_layer.dir/tasks.cpp.o\x1b[0m\n'}
[19.953558] (px4) StdoutLine: {'line': b'[ 32%] \x1b[32mBuilding CXX object platforms/posix/src/px4/common/CMakeFiles/px4_layer.dir/px4_init.cpp.o\x1b[0m\n'}
[19.954050] (px4) StdoutLine: {'line': b'[ 32%] \x1b[32mBuilding C object platforms/posix/src/px4/common/CMakeFiles/px4_layer.dir/lib_crc32.c.o\x1b[0m\n'}
[19.954151] (px4) StdoutLine: {'line': b'[ 32%] \x1b[32mBuilding CXX object platforms/posix/src/px4/common/CMakeFiles/px4_layer.dir/cpuload.cpp.o\x1b[0m\n'}
[19.954380] (px4) StdoutLine: {'line': b'[ 32%] \x1b[32mBuilding CXX object platforms/posix/src/px4/common/CMakeFiles/px4_layer.dir/drv_hrt.cpp.o\x1b[0m\n'}
[19.954778] (px4) StdoutLine: {'line': b'[ 32%] \x1b[32mBuilding CXX object platforms/posix/src/px4/common/CMakeFiles/px4_layer.dir/__/__/__/__/common/Serial.cpp.o\x1b[0m\n'}
[19.955295] (px4) StdoutLine: {'line': b'[ 32%] \x1b[32mBuilding CXX object platforms/posix/src/px4/common/CMakeFiles/px4_layer.dir/SerialImpl.cpp.o\x1b[0m\n'}
[19.976189] (px4) StdoutLine: {'line': b'[ 32%] Built target uorb_msgs\n'}
[20.050770] (-) TimerEvent: {}
[20.151050] (-) TimerEvent: {}
[20.208329] (px4) StdoutLine: {'line': b'[ 32%] \x1b[32m\x1b[1mLinking CXX static library libpx4_layer.a\x1b[0m\n'}
[20.243888] (px4) StdoutLine: {'line': b'[ 32%] Built target px4_layer\n'}
[20.251151] (-) TimerEvent: {}
[20.262976] (px4) StdoutLine: {'line': b'[ 33%] \x1b[32mBuilding CXX object src/lib/systemlib/CMakeFiles/systemlib.dir/mavlink_log.cpp.o\x1b[0m\n'}
[20.263172] (px4) StdoutLine: {'line': b'[ 33%] \x1b[32mBuilding CXX object src/lib/mathlib/CMakeFiles/mathlib.dir/math/test/test.cpp.o\x1b[0m\n'}
[20.263873] (px4) StdoutLine: {'line': b'[ 33%] \x1b[32mBuilding C object src/lib/heatshrink/CMakeFiles/heatshrink.dir/heatshrink/heatshrink_decoder.c.o\x1b[0m\n'}
[20.264046] (px4) StdoutLine: {'line': b'[ 33%] \x1b[32mBuilding CXX object src/lib/battery/CMakeFiles/battery.dir/battery.cpp.o\x1b[0m\n'}
[20.264126] (px4) StdoutLine: {'line': b'[ 33%] \x1b[32mBuilding CXX object src/lib/adsb/CMakeFiles/adsb.dir/AdsbConflict.cpp.o\x1b[0m\n'}
[20.264192] (px4) StdoutLine: {'line': b'[ 33%] \x1b[32mBuilding CXX object src/lib/circuit_breaker/CMakeFiles/circuit_breaker.dir/circuit_breaker.cpp.o\x1b[0m\n'}
[20.264253] (px4) StdoutLine: {'line': b'[ 33%] \x1b[32mBuilding CXX object src/lib/atmosphere/CMakeFiles/atmosphere.dir/atmosphere.cpp.o\x1b[0m\n'}
[20.264636] (px4) StdoutLine: {'line': b'[ 33%] \x1b[32mBuilding CXX object src/lib/controllib/CMakeFiles/controllib.dir/block/Block.cpp.o\x1b[0m\n'}
[20.264850] (px4) StdoutLine: {'line': b'[ 33%] \x1b[32mBuilding CXX object src/lib/dataman_client/CMakeFiles/dataman_client.dir/DatamanClient.cpp.o\x1b[0m\n'}
[20.265313] (px4) StdoutLine: {'line': b'[ 33%] \x1b[32mBuilding CXX object src/lib/conversion/CMakeFiles/conversion.dir/rotation.cpp.o\x1b[0m\n'}
[20.265420] (px4) StdoutLine: {'line': b'[ 33%] \x1b[32mBuilding CXX object src/lib/events/CMakeFiles/events.dir/events.cpp.o\x1b[0m\n'}
[20.265491] (px4) StdoutLine: {'line': b'[ 33%] \x1b[32mBuilding CXX object src/lib/motion_planning/CMakeFiles/motion_planning.dir/HeadingSmoothing.cpp.o\x1b[0m\n'}
[20.268505] (px4) StdoutLine: {'line': b'[ 33%] \x1b[32mBuilding CXX object src/lib/mixer_module/CMakeFiles/mixer_module.dir/actuator_test.cpp.o\x1b[0m\n'}
[20.268840] (px4) StdoutLine: {'line': b'[ 33%] \x1b[32mBuilding CXX object src/lib/cdev/CMakeFiles/cdev.dir/CDev.cpp.o\x1b[0m\n'}
[20.268947] (px4) StdoutLine: {'line': b'[ 33%] \x1b[32mBuilding CXX object src/lib/fw_performance_model/CMakeFiles/performance_model.dir/PerformanceModel.cpp.o\x1b[0m\n'}
[20.269018] (px4) StdoutLine: {'line': b'[ 33%] \x1b[32mBuilding CXX object src/lib/hysteresis/CMakeFiles/hysteresis.dir/hysteresis.cpp.o\x1b[0m\n'}
[20.269082] (px4) StdoutLine: {'line': b'[ 33%] \x1b[32mBuilding CXX object src/lib/ringbuffer/CMakeFiles/ringbuffer.dir/Ringbuffer.cpp.o\x1b[0m\n'}
[20.269144] (px4) StdoutLine: {'line': b'[ 33%] \x1b[32mBuilding CXX object src/lib/pure_pursuit/CMakeFiles/pure_pursuit.dir/PurePursuit.cpp.o\x1b[0m\n'}
[20.269203] (px4) StdoutLine: {'line': b'[ 33%] \x1b[32mBuilding CXX object src/lib/pid/CMakeFiles/PID.dir/PID.cpp.o\x1b[0m\n'}
[20.270340] (px4) StdoutLine: {'line': b'[ 33%] \x1b[32mBuilding CXX object src/lib/rc/CMakeFiles/rc.dir/crsf.cpp.o\x1b[0m\n'}
[20.270645] (px4) StdoutLine: {'line': b'[ 33%] \x1b[32mBuilding CXX object src/lib/rtl/CMakeFiles/rtl_time_estimator.dir/rtl_time_estimator.cpp.o\x1b[0m\n'}
[20.272862] (px4) StdoutLine: {'line': b'[ 33%] \x1b[32mBuilding CXX object src/lib/npfg/CMakeFiles/npfg.dir/DirectionalGuidance.cpp.o\x1b[0m\n'}
[20.275405] (px4) StdoutLine: {'line': b'[ 33%] \x1b[32mBuilding CXX object src/lib/stick_yaw/CMakeFiles/StickYaw.dir/StickYaw.cpp.o\x1b[0m\n'}
[20.275689] (px4) StdoutLine: {'line': b'[ 33%] \x1b[32mBuilding CXX object src/lib/system_identification/CMakeFiles/SystemIdentification.dir/system_identification.cpp.o\x1b[0m\n'}
[20.275883] (px4) StdoutLine: {'line': b'[ 33%] \x1b[32mBuilding CXX object src/lib/tecs/CMakeFiles/tecs.dir/TECS.cpp.o\x1b[0m\n'}
[20.276001] (px4) StdoutLine: {'line': b'[ 33%] \x1b[32mBuilding CXX object src/lib/timesync/CMakeFiles/timesync.dir/Timesync.cpp.o\x1b[0m\n'}
[20.276245] (px4) StdoutLine: {'line': b'[ 33%] \x1b[32mBuilding CXX object src/lib/sticks/CMakeFiles/Sticks.dir/Sticks.cpp.o\x1b[0m\n'}
[20.277990] (px4) StdoutLine: {'line': b'[ 33%] \x1b[32mBuilding CXX object src/lib/weather_vane/CMakeFiles/WeatherVane.dir/WeatherVane.cpp.o\x1b[0m\n'}
[20.349947] (px4) StdoutLine: {'line': b'[ 33%] \x1b[32m\x1b[1mLinking CXX static library libhysteresis.a\x1b[0m\n'}
[20.350341] (px4) StdoutLine: {'line': b'[ 33%] \x1b[32m\x1b[1mLinking CXX static library libcircuit_breaker.a\x1b[0m\n'}
[20.351269] (-) TimerEvent: {}
[20.351493] (px4) StdoutLine: {'line': b'[ 33%] \x1b[32m\x1b[1mLinking CXX static library libevents.a\x1b[0m\n'}
[20.360815] (px4) StdoutLine: {'line': b'[ 33%] \x1b[32m\x1b[1mLinking CXX static library libsystemlib.a\x1b[0m\n'}
[20.388136] (px4) StdoutLine: {'line': b'[ 33%] Built target circuit_breaker\n'}
[20.395377] (px4) StdoutLine: {'line': b'[ 33%] \x1b[32mBuilding CXX object src/lib/motion_planning/CMakeFiles/motion_planning.dir/ManualVelocitySmoothingXY.cpp.o\x1b[0m\n'}
[20.404769] (px4) StdoutLine: {'line': b'[ 33%] Built target hysteresis\n'}
[20.406639] (px4) StdoutLine: {'line': b'[ 33%] \x1b[32mBuilding CXX object src/lib/rc/CMakeFiles/rc.dir/ghst.cpp.o\x1b[0m\n'}
[20.408523] (px4) StdoutLine: {'line': b'[ 33%] Built target systemlib\n'}
[20.416326] (px4) StdoutLine: {'line': b'[ 33%] Built target events\n'}
[20.417283] (px4) StdoutLine: {'line': b'[ 33%] \x1b[32m\x1b[1mLinking CXX static library libmathlib.a\x1b[0m\n'}
[20.423132] (px4) StdoutLine: {'line': b'[ 33%] \x1b[32mBuilding CXX object src/lib/cdev/CMakeFiles/cdev.dir/posix/cdev_platform.cpp.o\x1b[0m\n'}
[20.430576] (px4) StdoutLine: {'line': b'[ 33%] \x1b[32m\x1b[1mLinking CXX static library libatmosphere.a\x1b[0m\n'}
[20.432899] (px4) StdoutLine: {'line': b'[ 33%] \x1b[32mBuilding CXX object src/lib/controllib/CMakeFiles/controllib.dir/block/BlockParam.cpp.o\x1b[0m\n'}
[20.434253] (px4) StdoutLine: {'line': b'[ 33%] \x1b[32mBuilding CXX object platforms/posix/src/px4/generic/generic/tone_alarm/CMakeFiles/arch_tone_alarm.dir/ToneAlarmInterface.cpp.o\x1b[0m\n'}
[20.434786] (px4) StdoutLine: {'line': b'[ 35%] \x1b[32mBuilding CXX object src/lib/controllib/CMakeFiles/controllib.dir/BlockDerivative.cpp.o\x1b[0m\n'}
[20.443898] (px4) StdoutLine: {'line': b'[ 35%] \x1b[32mBuilding CXX object src/lib/mixer_module/CMakeFiles/mixer_module.dir/mixer_module.cpp.o\x1b[0m\n'}
[20.449573] (px4) StdoutLine: {'line': b'[ 35%] \x1b[32m\x1b[1mLinking CXX static library libtimesync.a\x1b[0m\n'}
[20.451372] (-) TimerEvent: {}
[20.452527] (px4) StdoutLine: {'line': b'[ 35%] \x1b[32m\x1b[1mLinking CXX static library libPID.a\x1b[0m\n'}
[20.453688] (px4) StdoutLine: {'line': b'[ 35%] \x1b[32m\x1b[1mLinking CXX static library libringbuffer.a\x1b[0m\n'}
[20.455516] (px4) StdoutLine: {'line': b'[ 35%] Built target mathlib\n'}
[20.460606] (px4) StdoutLine: {'line': b'[ 35%] \x1b[32mBuilding CXX object src/lib/rc/CMakeFiles/rc.dir/st24.cpp.o\x1b[0m\n'}
[20.465569] (px4) StdoutLine: {'line': b'[ 35%] \x1b[32mBuilding CXX object src/lib/controllib/CMakeFiles/controllib.dir/BlockHighPass.cpp.o\x1b[0m\n'}
[20.470822] (px4) StdoutLine: {'line': b'[ 35%] Built target atmosphere\n'}
[20.488565] (px4) StdoutLine: {'line': b'[ 35%] Built target timesync\n'}
[20.492610] (px4) StdoutLine: {'line': b'[ 35%] \x1b[32m\x1b[1mLinking CXX static library libheatshrink.a\x1b[0m\n'}
[20.492876] (px4) StdoutLine: {'line': b'[ 35%] Built target ringbuffer\n'}
[20.493532] (px4) StdoutLine: {'line': b'[ 35%] \x1b[32mBuilding CXX object src/lib/motion_planning/CMakeFiles/motion_planning.dir/ManualVelocitySmoothingZ.cpp.o\x1b[0m\n'}
[20.497719] (px4) StdoutLine: {'line': b'[ 35%] \x1b[32mBuilding CXX object src/lib/npfg/CMakeFiles/npfg.dir/CourseToAirspeedRefMapper.cpp.o\x1b[0m\n'}
[20.501808] (px4) StdoutLine: {'line': b'[ 35%] Built target PID\n'}
[20.508499] (px4) StdoutLine: {'line': b'[ 35%] \x1b[32mBuilding CXX object src/lib/controllib/CMakeFiles/controllib.dir/BlockIntegral.cpp.o\x1b[0m\n'}
[20.516421] (px4) StdoutLine: {'line': b'[ 35%] \x1b[32m\x1b[1mLinking CXX static library libarch_tone_alarm.a\x1b[0m\n'}
[20.516644] (px4) StdoutLine: {'line': b'[ 35%] \x1b[32mBuilding CXX object src/lib/motion_planning/CMakeFiles/motion_planning.dir/PositionSmoothing.cpp.o\x1b[0m\n'}
[20.551486] (-) TimerEvent: {}
[20.552188] (px4) StdoutLine: {'line': b'[ 35%] Built target heatshrink\n'}
[20.562342] (px4) StdoutLine: {'line': b'[ 35%] \x1b[32mBuilding CXX object src/lib/rc/CMakeFiles/rc.dir/sumd.cpp.o\x1b[0m\n'}
[20.581639] (px4) StdoutLine: {'line': b'[ 35%] \x1b[32m\x1b[1mLinking CXX static library libconversion.a\x1b[0m\n'}
[20.582026] (px4) StdoutLine: {'line': b'[ 35%] Built target arch_tone_alarm\n'}
[20.584965] (px4) StdoutLine: {'line': b'[ 35%] \x1b[32mBuilding CXX object src/lib/npfg/CMakeFiles/npfg.dir/AirspeedDirectionController.cpp.o\x1b[0m\n'}
[20.586580] (px4) StdoutLine: {'line': b'[ 35%] \x1b[32mBuilding CXX object src/lib/controllib/CMakeFiles/controllib.dir/BlockIntegralTrap.cpp.o\x1b[0m\n'}
[20.591283] (px4) StdoutLine: {'line': b'[ 35%] \x1b[32m\x1b[1mLinking CXX static library libpure_pursuit.a\x1b[0m\n'}
[20.606983] (px4) StdoutLine: {'line': b'[ 35%] \x1b[32mBuilding CXX object src/lib/motion_planning/CMakeFiles/motion_planning.dir/VelocitySmoothing.cpp.o\x1b[0m\n'}
[20.616751] (px4) StdoutLine: {'line': b'[ 35%] \x1b[32mBuilding CXX object src/drivers/osd/msp_osd/MessageDisplay/CMakeFiles/message_display.dir/MessageDisplay.cpp.o\x1b[0m\n'}
[20.621271] (px4) StdoutLine: {'line': b'[ 35%] \x1b[32mBuilding CXX object src/modules/commander/Arming/ArmAuthorization/CMakeFiles/ArmAuthorization.dir/ArmAuthorization.cpp.o\x1b[0m\n'}
[20.629116] (px4) StdoutLine: {'line': b'[ 35%] Built target conversion\n'}
[20.635559] (px4) StdoutLine: {'line': b'[ 35%] Built target pure_pursuit\n'}
[20.641563] (px4) StdoutLine: {'line': b'[ 35%] \x1b[32m\x1b[1mLinking CXX static library libStickYaw.a\x1b[0m\n'}
[20.643428] (px4) StdoutLine: {'line': b'[ 35%] \x1b[32mBuilding CXX object src/lib/controllib/CMakeFiles/controllib.dir/BlockLimit.cpp.o\x1b[0m\n'}
[20.643623] (px4) StdoutLine: {'line': b'[ 35%] \x1b[32mBuilding CXX object src/lib/rc/CMakeFiles/rc.dir/sbus.cpp.o\x1b[0m\n'}
[20.644339] (px4) StdoutLine: {'line': b'[ 35%] \x1b[32mBuilding CXX object src/modules/commander/failsafe/CMakeFiles/failsafe.dir/failsafe.cpp.o\x1b[0m\n'}
[20.651593] (-) TimerEvent: {}
[20.654138] (px4) StdoutLine: {'line': b'[ 37%] \x1b[32mBuilding CXX object src/modules/commander/failure_detector/CMakeFiles/failure_detector.dir/FailureDetector.cpp.o\x1b[0m\n'}
[20.654375] (px4) StdoutLine: {'line': b'[ 37%] \x1b[32m\x1b[1mLinking CXX static library libcdev.a\x1b[0m\n'}
[20.664833] (px4) StdoutLine: {'line': b'[ 37%] \x1b[32m\x1b[1mLinking CXX static library libSticks.a\x1b[0m\n'}
[20.675278] (px4) StdoutLine: {'line': b'[ 37%] \x1b[32mBuilding CXX object src/modules/commander/HealthAndArmingChecks/CMakeFiles/health_and_arming_checks.dir/Common.cpp.o\x1b[0m\n'}
[20.680506] (px4) StdoutLine: {'line': b'[ 37%] \x1b[32mBuilding CXX object src/modules/commander/HealthAndArmingChecks/CMakeFiles/health_and_arming_checks.dir/HealthAndArmingChecks.cpp.o\x1b[0m\n'}
[20.696081] (px4) StdoutLine: {'line': b'[ 37%] Built target StickYaw\n'}
[20.696461] (px4) StdoutLine: {'line': b'[ 37%] \x1b[32mBuilding CXX object src/lib/controllib/CMakeFiles/controllib.dir/BlockLimitSym.cpp.o\x1b[0m\n'}
[20.704099] (px4) StdoutLine: {'line': b'[ 37%] Built target Sticks\n'}
[20.705428] (px4) StdoutLine: {'line': b'[ 37%] \x1b[32mBuilding CXX object src/lib/controllib/CMakeFiles/controllib.dir/BlockLowPass.cpp.o\x1b[0m\n'}
[20.706000] (px4) StdoutLine: {'line': b'[ 37%] \x1b[32m\x1b[1mLinking CXX static library libSystemIdentification.a\x1b[0m\n'}
[20.707112] (px4) StdoutLine: {'line': b'[ 37%] Built target cdev\n'}
[20.713632] (px4) StdoutLine: {'line': b'[ 39%] \x1b[32mBuilding CXX object src/lib/rc/CMakeFiles/rc.dir/dsm.cpp.o\x1b[0m\n'}
[20.713822] (px4) StdoutLine: {'line': b'[ 39%] \x1b[32mBuilding CXX object src/modules/commander/failure_detector/CMakeFiles/failure_detector.dir/FailureInjector.cpp.o\x1b[0m\n'}
[20.715507] (px4) StdoutLine: {'line': b'[ 41%] \x1b[32mBuilding CXX object src/modules/commander/HealthAndArmingChecks/CMakeFiles/health_and_arming_checks.dir/checks/accelerometerCheck.cpp.o\x1b[0m\n'}
[20.720040] (px4) StdoutLine: {'line': b'[ 41%] \x1b[32m\x1b[1mLinking CXX static library libWeatherVane.a\x1b[0m\n'}
[20.722706] (px4) StdoutLine: {'line': b'[ 41%] \x1b[32m\x1b[1mLinking CXX static library libdataman_client.a\x1b[0m\n'}
[20.722850] (px4) StdoutLine: {'line': b'[ 41%] \x1b[32m\x1b[1mLinking CXX static library librtl_time_estimator.a\x1b[0m\n'}
[20.724905] (px4) StdoutLine: {'line': b'[ 41%] \x1b[32mBuilding CXX object src/lib/controllib/CMakeFiles/controllib.dir/BlockLowPass2.cpp.o\x1b[0m\n'}
[20.740572] (px4) StdoutLine: {'line': b'[ 41%] Built target SystemIdentification\n'}
[20.751603] (px4) StdoutLine: {'line': b'[ 41%] \x1b[32mBuilding CXX object src/modules/commander/HealthAndArmingChecks/CMakeFiles/health_and_arming_checks.dir/checks/airspeedCheck.cpp.o\x1b[0m\n'}
[20.751935] (-) TimerEvent: {}
[20.752620] (px4) StdoutLine: {'line': b'[ 41%] \x1b[32m\x1b[1mLinking CXX static library libmessage_display.a\x1b[0m\n'}
[20.756869] (px4) StdoutLine: {'line': b'[ 41%] \x1b[32mBuilding CXX object src/modules/commander/MulticopterThrowLaunch/CMakeFiles/MulticopterThrowLaunch.dir/MulticopterThrowLaunch.cpp.o\x1b[0m\n'}
[20.757902] (px4) StdoutLine: {'line': b'[ 41%] Built target dataman_client\n'}
[20.763581] (px4) StdoutLine: {'line': b'[ 41%] Built target WeatherVane\n'}
[20.764677] (px4) StdoutLine: {'line': b'[ 41%] Built target rtl_time_estimator\n'}
[20.774506] (px4) StdoutLine: {'line': b'[ 41%] \x1b[32mBuilding CXX object src/modules/commander/HealthAndArmingChecks/CMakeFiles/health_and_arming_checks.dir/checks/armPermissionCheck.cpp.o\x1b[0m\n'}
[20.774774] (px4) StdoutLine: {'line': b'[ 41%] \x1b[32m\x1b[1mLinking CXX static library libnpfg.a\x1b[0m\n'}
[20.780373] (px4) StdoutLine: {'line': b'[ 41%] \x1b[32mBuilding CXX object src/modules/commander/HealthAndArmingChecks/CMakeFiles/health_and_arming_checks.dir/checks/baroCheck.cpp.o\x1b[0m\n'}
[20.780740] (px4) StdoutLine: {'line': b'[ 41%] \x1b[32mBuilding CXX object src/modules/flight_mode_manager/tasks/FlightTask/CMakeFiles/FlightTask.dir/FlightTask.cpp.o\x1b[0m\n'}
[20.781469] (px4) StdoutLine: {'line': b'[ 41%] \x1b[32mBuilding CXX object src/lib/rc/CMakeFiles/rc.dir/common_rc.cpp.o\x1b[0m\n'}
[20.802028] (px4) StdoutLine: {'line': b'[ 41%] \x1b[32m\x1b[1mLinking CXX static library libperformance_model.a\x1b[0m\n'}
[20.808742] (px4) StdoutLine: {'line': b'[ 41%] Built target message_display\n'}
[20.811282] (px4) StdoutLine: {'line': b'[ 41%] \x1b[32m\x1b[1mLinking CXX static library libArmAuthorization.a\x1b[0m\n'}
[20.824578] (px4) StdoutLine: {'line': b'[ 41%] \x1b[32m\x1b[1mLinking CXX static library libbattery.a\x1b[0m\n'}
[20.834497] (px4) StdoutLine: {'line': b'[ 41%] Built target npfg\n'}
[20.843442] (px4) StdoutLine: {'line': b'[ 41%] \x1b[32mBuilding CXX object src/modules/commander/HealthAndArmingChecks/CMakeFiles/health_and_arming_checks.dir/checks/batteryCheck.cpp.o\x1b[0m\n'}
[20.849572] (px4) StdoutLine: {'line': b'[ 41%] \x1b[32mBuilding CXX object src/modules/flight_mode_manager/tasks/AutoFollowTarget/follow_target_estimator/CMakeFiles/follow_target_estimator.dir/TargetEstimator.cpp.o\x1b[0m\n'}
[20.850655] (px4) StdoutLine: {'line': b'[ 41%] \x1b[32mBuilding CXX object src/modules/fw_mode_manager/launchdetection/CMakeFiles/launchdetection.dir/LaunchDetector.cpp.o\x1b[0m\n'}
[20.852039] (-) TimerEvent: {}
[20.856972] (px4) StdoutLine: {'line': b'[ 41%] \x1b[32m\x1b[1mLinking CXX static library libadsb.a\x1b[0m\n'}
[20.862129] (px4) StdoutLine: {'line': b'[ 41%] Built target performance_model\n'}
[20.865046] (px4) StdoutLine: {'line': b'[ 41%] \x1b[32m\x1b[1mLinking CXX static library libtecs.a\x1b[0m\n'}
[20.866272] (px4) StdoutLine: {'line': b'[ 41%] Built target ArmAuthorization\n'}
[20.867571] (px4) StdoutLine: {'line': b'[ 41%] Built target battery\n'}
[20.876953] (px4) StdoutLine: {'line': b'[ 41%] \x1b[32mBuilding CXX object src/modules/commander/failsafe/CMakeFiles/failsafe.dir/framework.cpp.o\x1b[0m\n'}
[20.878337] (px4) StdoutLine: {'line': b'[ 41%] \x1b[32mBuilding CXX object src/modules/commander/HealthAndArmingChecks/CMakeFiles/health_and_arming_checks.dir/checks/cpuResourceCheck.cpp.o\x1b[0m\n'}
[20.888668] (px4) StdoutLine: {'line': b'[ 41%] \x1b[32mBuilding CXX object src/modules/commander/HealthAndArmingChecks/CMakeFiles/health_and_arming_checks.dir/checks/distanceSensorChecks.cpp.o\x1b[0m\n'}
[20.894541] (px4) StdoutLine: {'line': b'[ 41%] \x1b[32mBuilding CXX object src/modules/fw_mode_manager/runway_takeoff/CMakeFiles/runway_takeoff.dir/RunwayTakeoff.cpp.o\x1b[0m\n'}
[20.903091] (px4) StdoutLine: {'line': b'[ 41%] Built target adsb\n'}
[20.903352] (px4) StdoutLine: {'line': b'[ 41%] \x1b[32mBuilding CXX object src/modules/commander/HealthAndArmingChecks/CMakeFiles/health_and_arming_checks.dir/checks/opticalFlowCheck.cpp.o\x1b[0m\n'}
[20.916320] (px4) StdoutLine: {'line': b'[ 41%] \x1b[32mBuilding CXX object src/modules/commander/HealthAndArmingChecks/CMakeFiles/health_and_arming_checks.dir/checks/escCheck.cpp.o\x1b[0m\n'}
[20.916667] (px4) StdoutLine: {'line': b'[ 41%] \x1b[32mBuilding CXX object src/modules/fw_mode_manager/figure_eight/CMakeFiles/figure_eight.dir/FigureEight.cpp.o\x1b[0m\n'}
[20.916790] (px4) StdoutLine: {'line': b'[ 41%] Built target tecs\n'}
[20.930636] (px4) StdoutLine: {'line': b'[ 42%] \x1b[32mBuilding CXX object src/modules/mc_att_control/AttitudeControl/CMakeFiles/AttitudeControl.dir/AttitudeControl.cpp.o\x1b[0m\n'}
[20.931679] (px4) StdoutLine: {'line': b'[ 42%] \x1b[32m\x1b[1mLinking CXX static library libcontrollib.a\x1b[0m\n'}
[20.946925] (px4) StdoutLine: {'line': b'[ 42%] \x1b[32mBuilding CXX object src/modules/mc_pos_control/GotoControl/CMakeFiles/GotoControl.dir/GotoControl.cpp.o\x1b[0m\n'}
[20.952150] (-) TimerEvent: {}
[20.955723] (px4) StdoutLine: {'line': b'[ 42%] \x1b[32mBuilding CXX object src/modules/mc_hover_thrust_estimator/CMakeFiles/zero_order_hover_thrust_ekf.dir/zero_order_hover_thrust_ekf.cpp.o\x1b[0m\n'}
[20.986388] (px4) StdoutLine: {'line': b'[ 42%] \x1b[32mBuilding CXX object src/modules/commander/HealthAndArmingChecks/CMakeFiles/health_and_arming_checks.dir/checks/estimatorCheck.cpp.o\x1b[0m\n'}
[20.996040] (px4) StdoutLine: {'line': b'[ 42%] \x1b[32mBuilding CXX object src/modules/commander/HealthAndArmingChecks/CMakeFiles/health_and_arming_checks.dir/checks/failureDetectorCheck.cpp.o\x1b[0m\n'}
[21.015851] (px4) StdoutLine: {'line': b'[ 42%] Built target controllib\n'}
[21.030527] (px4) StdoutLine: {'line': b'[ 44%] \x1b[32mBuilding CXX object src/modules/mc_pos_control/PositionControl/CMakeFiles/PositionControl.dir/ControlMath.cpp.o\x1b[0m\n'}
[21.033606] (px4) StdoutLine: {'line': b'[ 44%] \x1b[32mBuilding CXX object src/modules/commander/HealthAndArmingChecks/CMakeFiles/health_and_arming_checks.dir/checks/flightTimeCheck.cpp.o\x1b[0m\n'}
[21.048583] (px4) StdoutLine: {'line': b'[ 44%] \x1b[32mBuilding CXX object src/modules/commander/HealthAndArmingChecks/CMakeFiles/health_and_arming_checks.dir/checks/geofenceCheck.cpp.o\x1b[0m\n'}
[21.052509] (-) TimerEvent: {}
[21.052844] (px4) StdoutLine: {'line': b'[ 44%] \x1b[32m\x1b[1mLinking CXX static library liblaunchdetection.a\x1b[0m\n'}
[21.062041] (px4) StdoutLine: {'line': b'[ 44%] \x1b[32m\x1b[1mLinking CXX static library librc.a\x1b[0m\n'}
[21.091905] (px4) StdoutLine: {'line': b'[ 44%] \x1b[32mBuilding CXX object src/modules/commander/HealthAndArmingChecks/CMakeFiles/health_and_arming_checks.dir/checks/gyroCheck.cpp.o\x1b[0m\n'}
[21.096468] (px4) StdoutLine: {'line': b'[ 44%] Built target launchdetection\n'}
[21.107862] (px4) StdoutLine: {'line': b'[ 44%] \x1b[32mBuilding CXX object src/modules/commander/HealthAndArmingChecks/CMakeFiles/health_and_arming_checks.dir/checks/homePositionCheck.cpp.o\x1b[0m\n'}
[21.111570] (px4) StdoutLine: {'line': b'[ 44%] Built target rc\n'}
[21.117514] (px4) StdoutLine: {'line': b'[ 44%] \x1b[32m\x1b[1mLinking CXX static library libmotion_planning.a\x1b[0m\n'}
[21.122496] (px4) StdoutLine: {'line': b'[ 44%] \x1b[32mBuilding CXX object src/modules/mc_pos_control/PositionControl/CMakeFiles/PositionControl.dir/PositionControl.cpp.o\x1b[0m\n'}
[21.131116] (px4) StdoutLine: {'line': b'[ 44%] \x1b[32mBuilding CXX object src/modules/commander/HealthAndArmingChecks/CMakeFiles/health_and_arming_checks.dir/checks/imuConsistencyCheck.cpp.o\x1b[0m\n'}
[21.141210] (px4) StdoutLine: {'line': b'[ 44%] \x1b[32m\x1b[1mLinking CXX static library libMulticopterThrowLaunch.a\x1b[0m\n'}
[21.141421] (px4) StdoutLine: {'line': b'[ 44%] \x1b[32mBuilding CXX object src/modules/commander/HealthAndArmingChecks/CMakeFiles/health_and_arming_checks.dir/checks/loggerCheck.cpp.o\x1b[0m\n'}
[21.152612] (-) TimerEvent: {}
[21.168820] (px4) StdoutLine: {'line': b'[ 44%] Built target motion_planning\n'}
[21.182442] (px4) StdoutLine: {'line': b'[ 44%] Built target MulticopterThrowLaunch\n'}
[21.199617] (px4) StdoutLine: {'line': b'[ 44%] \x1b[32mBuilding CXX object src/modules/commander/HealthAndArmingChecks/CMakeFiles/health_and_arming_checks.dir/checks/magnetometerCheck.cpp.o\x1b[0m\n'}
[21.199856] (px4) StdoutLine: {'line': b'[ 44%] \x1b[32mBuilding CXX object src/modules/navigator/GeofenceBreachAvoidance/CMakeFiles/geofence_breach_avoidance.dir/geofence_breach_avoidance.cpp.o\x1b[0m\n'}
[21.212563] (px4) StdoutLine: {'line': b'[ 44%] \x1b[32mBuilding CXX object src/modules/mc_pos_control/Takeoff/CMakeFiles/Takeoff.dir/Takeoff.cpp.o\x1b[0m\n'}
[21.236022] (px4) StdoutLine: {'line': b'[ 44%] \x1b[32m\x1b[1mLinking CXX static library librunway_takeoff.a\x1b[0m\n'}
[21.248404] (px4) StdoutLine: {'line': b'[ 44%] \x1b[32mBuilding CXX object src/modules/rover_ackermann/AckermannActControl/CMakeFiles/AckermannActControl.dir/AckermannActControl.cpp.o\x1b[0m\n'}
[21.252724] (-) TimerEvent: {}
[21.261508] (px4) StdoutLine: {'line': b'[ 46%] \x1b[32m\x1b[1mLinking CXX static library libzero_order_hover_thrust_ekf.a\x1b[0m\n'}
[21.278804] (px4) StdoutLine: {'line': b'[ 46%] \x1b[32m\x1b[1mLinking CXX static library libfailure_detector.a\x1b[0m\n'}
[21.279783] (px4) StdoutLine: {'line': b'[ 46%] \x1b[32m\x1b[1mLinking CXX static library libFlightTask.a\x1b[0m\n'}
[21.281341] (px4) StdoutLine: {'line': b'[ 46%] \x1b[32mBuilding CXX object src/modules/rover_ackermann/AckermannRateControl/CMakeFiles/AckermannRateControl.dir/AckermannRateControl.cpp.o\x1b[0m\n'}
[21.283287] (px4) StdoutLine: {'line': b'[ 46%] \x1b[32mBuilding CXX object src/modules/rover_ackermann/AckermannSpeedControl/CMakeFiles/AckermannSpeedControl.dir/AckermannSpeedControl.cpp.o\x1b[0m\n'}
[21.299499] (px4) StdoutLine: {'line': b'[ 46%] \x1b[32mBuilding CXX object src/modules/rover_ackermann/AckermannAttControl/CMakeFiles/AckermannAttControl.dir/AckermannAttControl.cpp.o\x1b[0m\n'}
[21.302361] (px4) StdoutLine: {'line': b'[ 46%] Built target runway_takeoff\n'}
[21.310487] (px4) StdoutLine: {'line': b'[ 46%] \x1b[32m\x1b[1mLinking CXX static library libAttitudeControl.a\x1b[0m\n'}
[21.319496] (px4) StdoutLine: {'line': b'[ 46%] Built target zero_order_hover_thrust_ekf\n'}
[21.329988] (px4) StdoutLine: {'line': b'[ 46%] Built target FlightTask\n'}
[21.330209] (px4) StdoutLine: {'line': b'[ 46%] \x1b[32mBuilding CXX object src/modules/rover_ackermann/AckermannPosControl/CMakeFiles/AckermannPosControl.dir/AckermannPosControl.cpp.o\x1b[0m\n'}
[21.334965] (px4) StdoutLine: {'line': b'[ 46%] Built target failure_detector\n'}
[21.335179] (px4) StdoutLine: {'line': b'[ 46%] \x1b[32m\x1b[1mLinking CXX static library libGotoControl.a\x1b[0m\n'}
[21.339563] (px4) StdoutLine: {'line': b'[ 46%] \x1b[32mBuilding CXX object src/modules/rover_ackermann/AckermannDriveModes/AckermannAutoMode/CMakeFiles/AckermannAutoMode.dir/AckermannAutoMode.cpp.o\x1b[0m\n'}
[21.342156] (px4) StdoutLine: {'line': b'[ 46%] \x1b[32mBuilding CXX object src/modules/commander/HealthAndArmingChecks/CMakeFiles/health_and_arming_checks.dir/checks/manualControlCheck.cpp.o\x1b[0m\n'}
[21.352824] (-) TimerEvent: {}
[21.354001] (px4) StdoutLine: {'line': b'[ 46%] \x1b[32mBuilding CXX object src/modules/rover_ackermann/AckermannDriveModes/AckermannManualMode/CMakeFiles/AckermannManualMode.dir/AckermannManualMode.cpp.o\x1b[0m\n'}
[21.360533] (px4) StdoutLine: {'line': b'[ 46%] Built target AttitudeControl\n'}
[21.361515] (px4) StdoutLine: {'line': b'[ 46%] \x1b[32mBuilding CXX object src/modules/rover_ackermann/AckermannDriveModes/AckermannOffboardMode/CMakeFiles/AckermannOffboardMode.dir/AckermannOffboardMode.cpp.o\x1b[0m\n'}
[21.377547] (px4) StdoutLine: {'line': b'[ 46%] \x1b[32mBuilding CXX object src/modules/commander/HealthAndArmingChecks/CMakeFiles/health_and_arming_checks.dir/checks/missionCheck.cpp.o\x1b[0m\n'}
[21.386841] (px4) StdoutLine: {'line': b'[ 46%] \x1b[32mBuilding CXX object src/modules/rover_differential/DifferentialRateControl/CMakeFiles/DifferentialRateControl.dir/DifferentialRateControl.cpp.o\x1b[0m\n'}
[21.392903] (px4) StdoutLine: {'line': b'[ 46%] \x1b[32mBuilding CXX object src/modules/rover_differential/DifferentialActControl/CMakeFiles/DifferentialActControl.dir/DifferentialActControl.cpp.o\x1b[0m\n'}
[21.396005] (px4) StdoutLine: {'line': b'[ 46%] Built target GotoControl\n'}
[21.406465] (px4) StdoutLine: {'line': b'[ 48%] \x1b[32mBuilding CXX object src/modules/commander/HealthAndArmingChecks/CMakeFiles/health_and_arming_checks.dir/checks/modeCheck.cpp.o\x1b[0m\n'}
[21.407919] (px4) StdoutLine: {'line': b'[ 48%] \x1b[32mBuilding CXX object src/modules/rover_differential/DifferentialAttControl/CMakeFiles/DifferentialAttControl.dir/DifferentialAttControl.cpp.o\x1b[0m\n'}
[21.414393] (px4) StdoutLine: {'line': b'[ 48%] \x1b[32m\x1b[1mLinking CXX static library libTakeoff.a\x1b[0m\n'}
[21.444604] (px4) StdoutLine: {'line': b'[ 48%] \x1b[32m\x1b[1mLinking CXX static library libmixer_module.a\x1b[0m\n'}
[21.452931] (-) TimerEvent: {}
[21.457184] (px4) StdoutLine: {'line': b'[ 48%] \x1b[32mBuilding CXX object src/modules/rover_differential/DifferentialSpeedControl/CMakeFiles/DifferentialSpeedControl.dir/DifferentialSpeedControl.cpp.o\x1b[0m\n'}
[21.468236] (px4) StdoutLine: {'line': b'[ 48%] \x1b[32m\x1b[1mLinking CXX static library libfailsafe.a\x1b[0m\n'}
[21.468615] (px4) StdoutLine: {'line': b'[ 48%] Built target Takeoff\n'}
[21.490243] (px4) StdoutLine: {'line': b'[ 48%] Built target mixer_module\n'}
[21.491209] (px4) StdoutLine: {'line': b'[ 48%] \x1b[32mBuilding CXX object src/modules/commander/HealthAndArmingChecks/CMakeFiles/health_and_arming_checks.dir/checks/navigatorCheck.cpp.o\x1b[0m\n'}
[21.504735] (px4) StdoutLine: {'line': b'[ 48%] \x1b[32mBuilding CXX object src/modules/commander/HealthAndArmingChecks/CMakeFiles/health_and_arming_checks.dir/checks/offboardCheck.cpp.o\x1b[0m\n'}
[21.512192] (px4) StdoutLine: {'line': b'[ 48%] Built target failsafe\n'}
[21.515519] (px4) StdoutLine: {'line': b'[ 50%] \x1b[32mBuilding CXX object src/modules/rover_differential/DifferentialPosControl/CMakeFiles/DifferentialPosControl.dir/DifferentialPosControl.cpp.o\x1b[0m\n'}
[21.542381] (px4) StdoutLine: {'line': b'[ 50%] \x1b[32mBuilding CXX object src/modules/rover_differential/DifferentialDriveModes/DifferentialManualMode/CMakeFiles/DifferentialManualMode.dir/DifferentialManualMode.cpp.o\x1b[0m\n'}
[21.545032] (px4) StdoutLine: {'line': b'[ 50%] \x1b[32mBuilding CXX object src/modules/rover_differential/DifferentialDriveModes/DifferentialAutoMode/CMakeFiles/DifferentialAutoMode.dir/DifferentialAutoMode.cpp.o\x1b[0m\n'}
[21.546526] (px4) StdoutLine: {'line': b'[ 50%] \x1b[32m\x1b[1mLinking CXX static library libfigure_eight.a\x1b[0m\n'}
[21.553035] (-) TimerEvent: {}
[21.588743] (px4) StdoutLine: {'line': b'[ 50%] \x1b[32m\x1b[1mLinking CXX static library libPositionControl.a\x1b[0m\n'}
[21.599221] (px4) StdoutLine: {'line': b'[ 50%] \x1b[32mBuilding CXX object src/modules/rover_differential/DifferentialDriveModes/DifferentialOffboardMode/CMakeFiles/DifferentialOffboardMode.dir/DifferentialOffboardMode.cpp.o\x1b[0m\n'}
[21.613254] (px4) StdoutLine: {'line': b'[ 50%] Built target figure_eight\n'}
[21.631352] (px4) StdoutLine: {'line': b'[ 50%] \x1b[32m\x1b[1mLinking CXX static library libfollow_target_estimator.a\x1b[0m\n'}
[21.646908] (px4) StdoutLine: {'line': b'[ 50%] \x1b[32mBuilding CXX object src/modules/rover_mecanum/MecanumActControl/CMakeFiles/MecanumActControl.dir/MecanumActControl.cpp.o\x1b[0m\n'}
[21.649197] (px4) StdoutLine: {'line': b'[ 50%] Built target PositionControl\n'}
[21.651564] (px4) StdoutLine: {'line': b'[ 50%] \x1b[32mBuilding CXX object src/modules/rover_mecanum/MecanumRateControl/CMakeFiles/MecanumRateControl.dir/MecanumRateControl.cpp.o\x1b[0m\n'}
[21.653500] (-) TimerEvent: {}
[21.662104] (px4) StdoutLine: {'line': b'[ 50%] \x1b[32mBuilding CXX object src/modules/commander/HealthAndArmingChecks/CMakeFiles/health_and_arming_checks.dir/checks/openDroneIDCheck.cpp.o\x1b[0m\n'}
[21.683589] (px4) StdoutLine: {'line': b'[ 51%] \x1b[32mBuilding CXX object src/modules/rover_mecanum/MecanumAttControl/CMakeFiles/MecanumAttControl.dir/MecanumAttControl.cpp.o\x1b[0m\n'}
[21.688032] (px4) StdoutLine: {'line': b'[ 51%] \x1b[32mBuilding CXX object src/modules/rover_mecanum/MecanumSpeedControl/CMakeFiles/MecanumSpeedControl.dir/MecanumSpeedControl.cpp.o\x1b[0m\n'}
[21.698475] (px4) StdoutLine: {'line': b'[ 51%] \x1b[32m\x1b[1mLinking CXX static library libAckermannActControl.a\x1b[0m\n'}
[21.704053] (px4) StdoutLine: {'line': b'[ 51%] Built target follow_target_estimator\n'}
[21.714474] (px4) StdoutLine: {'line': b'[ 51%] \x1b[32m\x1b[1mLinking CXX static library libAckermannOffboardMode.a\x1b[0m\n'}
[21.725855] (px4) StdoutLine: {'line': b'[ 51%] \x1b[32mBuilding CXX object src/modules/rover_mecanum/MecanumPosControl/CMakeFiles/MecanumPosControl.dir/MecanumPosControl.cpp.o\x1b[0m\n'}
[21.726058] (px4) StdoutLine: {'line': b'[ 51%] \x1b[32mBuilding CXX object src/modules/rover_mecanum/MecanumDriveModes/MecanumAutoMode/CMakeFiles/MecanumAutoMode.dir/MecanumAutoMode.cpp.o\x1b[0m\n'}
[21.726152] (px4) StdoutLine: {'line': b'[ 51%] \x1b[32m\x1b[1mLinking CXX static library libAckermannRateControl.a\x1b[0m\n'}
[21.738744] (px4) StdoutLine: {'line': b'[ 51%] Built target AckermannActControl\n'}
[21.746315] (px4) StdoutLine: {'line': b'[ 51%] \x1b[32mBuilding CXX object src/modules/commander/HealthAndArmingChecks/CMakeFiles/health_and_arming_checks.dir/checks/parachuteCheck.cpp.o\x1b[0m\n'}
[21.749416] (px4) StdoutLine: {'line': b'[ 51%] \x1b[32m\x1b[1mLinking CXX static library libgeofence_breach_avoidance.a\x1b[0m\n'}
[21.749623] (px4) StdoutLine: {'line': b'[ 51%] \x1b[32mBuilding CXX object src/modules/commander/HealthAndArmingChecks/CMakeFiles/health_and_arming_checks.dir/checks/powerCheck.cpp.o\x1b[0m\n'}
[21.753601] (-) TimerEvent: {}
[21.755414] (px4) StdoutLine: {'line': b'[ 51%] \x1b[32m\x1b[1mLinking CXX static library libDifferentialActControl.a\x1b[0m\n'}
[21.761576] (px4) StdoutLine: {'line': b'[ 51%] Built target AckermannOffboardMode\n'}
[21.764133] (px4) StdoutLine: {'line': b'[ 51%] Built target AckermannRateControl\n'}
[21.772855] (px4) StdoutLine: {'line': b'[ 51%] \x1b[32m\x1b[1mLinking CXX static library libAckermannAttControl.a\x1b[0m\n'}
[21.775528] (px4) StdoutLine: {'line': b'[ 51%] \x1b[32m\x1b[1mLinking CXX static library libAckermannSpeedControl.a\x1b[0m\n'}
[21.784504] (px4) StdoutLine: {'line': b'[ 51%] \x1b[32mBuilding CXX object src/modules/rover_mecanum/MecanumDriveModes/MecanumManualMode/CMakeFiles/MecanumManualMode.dir/MecanumManualMode.cpp.o\x1b[0m\n'}
[21.785558] (px4) StdoutLine: {'line': b'[ 51%] \x1b[32mBuilding CXX object src/modules/commander/HealthAndArmingChecks/CMakeFiles/health_and_arming_checks.dir/checks/rcAndDataLinkCheck.cpp.o\x1b[0m\n'}
[21.785816] (px4) StdoutLine: {'line': b'[ 51%] Built target geofence_breach_avoidance\n'}
[21.785985] (px4) StdoutLine: {'line': b'[ 51%] \x1b[32mBuilding CXX object src/modules/rover_mecanum/MecanumDriveModes/MecanumOffboardMode/CMakeFiles/MecanumOffboardMode.dir/MecanumOffboardMode.cpp.o\x1b[0m\n'}
[21.795636] (px4) StdoutLine: {'line': b'[ 51%] \x1b[32mBuilding CXX object src/modules/commander/HealthAndArmingChecks/CMakeFiles/health_and_arming_checks.dir/checks/rcCalibrationCheck.cpp.o\x1b[0m\n'}
[21.795921] (px4) StdoutLine: {'line': b'[ 51%] Built target DifferentialActControl\n'}
[21.804260] (px4) StdoutLine: {'line': b'[ 51%] \x1b[32m\x1b[1mLinking CXX static library libAckermannAutoMode.a\x1b[0m\n'}
[21.806798] (px4) StdoutLine: {'line': b'[ 51%] \x1b[32mBuilding CXX object src/modules/commander/HealthAndArmingChecks/CMakeFiles/health_and_arming_checks.dir/checks/sdcardCheck.cpp.o\x1b[0m\n'}
[21.808532] (px4) StdoutLine: {'line': b'[ 51%] \x1b[32mBuilding CXX object src/modules/sensors/data_validator/CMakeFiles/data_validator.dir/DataValidator.cpp.o\x1b[0m\n'}
[21.810674] (px4) StdoutLine: {'line': b'[ 51%] \x1b[32m\x1b[1mLinking CXX static library libDifferentialRateControl.a\x1b[0m\n'}
[21.819690] (px4) StdoutLine: {'line': b'[ 51%] \x1b[32m\x1b[1mLinking CXX static library libDifferentialAttControl.a\x1b[0m\n'}
[21.830908] (px4) StdoutLine: {'line': b'[ 51%] Built target AckermannAttControl\n'}
[21.836574] (px4) StdoutLine: {'line': b'[ 51%] Built target AckermannSpeedControl\n'}
[21.850832] (px4) StdoutLine: {'line': b'[ 51%] \x1b[32mBuilding CXX object src/modules/commander/HealthAndArmingChecks/CMakeFiles/health_and_arming_checks.dir/checks/systemCheck.cpp.o\x1b[0m\n'}
[21.853740] (-) TimerEvent: {}
[21.857163] (px4) StdoutLine: {'line': b'[ 51%] Built target DifferentialAttControl\n'}
[21.862975] (px4) StdoutLine: {'line': b'[ 51%] Built target DifferentialRateControl\n'}
[21.863994] (px4) StdoutLine: {'line': b'[ 51%] Built target AckermannAutoMode\n'}
[21.866789] (px4) StdoutLine: {'line': b'[ 51%] \x1b[32mBuilding CXX object src/modules/sensors/vehicle_gps_position/CMakeFiles/vehicle_gps_position.dir/VehicleGPSPosition.cpp.o\x1b[0m\n'}
[21.867168] (px4) StdoutLine: {'line': b'[ 51%] \x1b[32mBuilding CXX object src/modules/commander/HealthAndArmingChecks/CMakeFiles/health_and_arming_checks.dir/checks/vtolCheck.cpp.o\x1b[0m\n'}
[21.877112] (px4) StdoutLine: {'line': b'[ 51%] \x1b[32mBuilding CXX object src/modules/sensors/vehicle_gps_position/CMakeFiles/vehicle_gps_position.dir/gps_blending.cpp.o\x1b[0m\n'}
[21.877318] (px4) StdoutLine: {'line': b'[ 51%] \x1b[32mBuilding CXX object src/modules/commander/HealthAndArmingChecks/CMakeFiles/health_and_arming_checks.dir/checks/windCheck.cpp.o\x1b[0m\n'}
[21.930321] (px4) StdoutLine: {'line': b'[ 51%] \x1b[32m\x1b[1mLinking CXX static library libDifferentialAutoMode.a\x1b[0m\n'}
[21.953748] (px4) StdoutLine: {'line': b'[ 51%] \x1b[32m\x1b[1mLinking CXX static library libAckermannPosControl.a\x1b[0m\n'}
[21.953961] (-) TimerEvent: {}
[21.964296] (px4) StdoutLine: {'line': b'[ 51%] \x1b[32mBuilding CXX object src/modules/sensors/vehicle_optical_flow/CMakeFiles/vehicle_optical_flow.dir/VehicleOpticalFlow.cpp.o\x1b[0m\n'}
[21.981507] (px4) StdoutLine: {'line': b'[ 51%] \x1b[32m\x1b[1mLinking CXX static library libDifferentialSpeedControl.a\x1b[0m\n'}
[21.991959] (px4) StdoutLine: {'line': b'[ 51%] \x1b[32mBuilding CXX object src/modules/sensors/data_validator/CMakeFiles/data_validator.dir/DataValidatorGroup.cpp.o\x1b[0m\n'}
[21.992174] (px4) StdoutLine: {'line': b'[ 51%] Built target DifferentialAutoMode\n'}
[21.999658] (px4) StdoutLine: {'line': b'[ 51%] \x1b[32m\x1b[1mLinking CXX static library libDifferentialOffboardMode.a\x1b[0m\n'}
[21.999974] (px4) StdoutLine: {'line': b'[ 51%] \x1b[32mBuilding CXX object src/modules/commander/HealthAndArmingChecks/CMakeFiles/health_and_arming_checks.dir/checks/externalChecks.cpp.o\x1b[0m\n'}
[22.016486] (px4) StdoutLine: {'line': b'[ 51%] Built target AckermannPosControl\n'}
[22.023735] (px4) StdoutLine: {'line': b'[ 51%] Built target DifferentialSpeedControl\n'}
[22.040530] (px4) StdoutLine: {'line': b'[ 51%] \x1b[32m\x1b[1mLinking CXX static library libAckermannManualMode.a\x1b[0m\n'}
[22.049219] (px4) StdoutLine: {'line': b'[ 51%] \x1b[32mBuilding CXX object src/modules/ekf2/test/sensor_simulator/CMakeFiles/ecl_sensor_sim.dir/sensor_simulator.cpp.o\x1b[0m\n'}
[22.049439] (px4) StdoutLine: {'line': b'[ 53%] \x1b[32mBuilding CXX object src/lib/airspeed/CMakeFiles/airspeed.dir/airspeed.cpp.o\x1b[0m\n'}
[22.053717] (px4) StdoutLine: {'line': b'[ 53%] \x1b[32mBuilding CXX object platforms/common/uORB/CMakeFiles/uORB.dir/Subscription.cpp.o\x1b[0m\n'}
[22.053972] (-) TimerEvent: {}
[22.055751] (px4) StdoutLine: {'line': b'[ 53%] Built target DifferentialOffboardMode\n'}
[22.060604] (px4) StdoutLine: {'line': b'[ 53%] \x1b[32m\x1b[1mLinking CXX static library libMecanumRateControl.a\x1b[0m\n'}
[22.073632] (px4) StdoutLine: {'line': b'[ 53%] \x1b[32m\x1b[1mLinking CXX static library libMecanumActControl.a\x1b[0m\n'}
[22.075661] (px4) StdoutLine: {'line': b'[ 53%] \x1b[32mBuilding CXX object src/modules/ekf2/test/sensor_simulator/CMakeFiles/ecl_sensor_sim.dir/ekf_wrapper.cpp.o\x1b[0m\n'}
[22.082478] (px4) StdoutLine: {'line': b'[ 53%] \x1b[32mBuilding CXX object src/lib/collision_prevention/CMakeFiles/CollisionPrevention.dir/CollisionPrevention.cpp.o\x1b[0m\n'}
[22.082686] (px4) StdoutLine: {'line': b'[ 53%] \x1b[32mBuilding CXX object platforms/common/uORB/CMakeFiles/uORB.dir/SubscriptionInterval.cpp.o\x1b[0m\n'}
[22.096459] (px4) StdoutLine: {'line': b'[ 53%] Built target AckermannManualMode\n'}
[22.100351] (px4) StdoutLine: {'line': b'[ 53%] \x1b[32m\x1b[1mLinking CXX static library libMecanumAttControl.a\x1b[0m\n'}
[22.100704] (px4) StdoutLine: {'line': b'[ 53%] Built target MecanumRateControl\n'}
[22.106258] (px4) StdoutLine: {'line': b'[ 53%] \x1b[32mBuilding CXX object platforms/common/uORB/CMakeFiles/uORB.dir/uORB.cpp.o\x1b[0m\n'}
[22.110571] (px4) StdoutLine: {'line': b'[ 53%] \x1b[32mBuilding CXX object src/lib/collision_prevention/CMakeFiles/CollisionPrevention.dir/ObstacleMath.cpp.o\x1b[0m\n'}
[22.113601] (px4) StdoutLine: {'line': b'[ 53%] \x1b[32mBuilding CXX object platforms/common/uORB/CMakeFiles/uORB.dir/uORBMessageFields.cpp.o\x1b[0m\n'}
[22.140537] (px4) StdoutLine: {'line': b'[ 53%] Built target MecanumActControl\n'}
[22.140747] (px4) StdoutLine: {'line': b'[ 53%] \x1b[32m\x1b[1mLinking CXX static library libMecanumAutoMode.a\x1b[0m\n'}
[22.141522] (px4) StdoutLine: {'line': b'[ 53%] \x1b[32m\x1b[1mLinking CXX static library libDifferentialManualMode.a\x1b[0m\n'}
[22.152477] (px4) StdoutLine: {'line': b'[ 53%] Built target MecanumAttControl\n'}
[22.152685] (px4) StdoutLine: {'line': b'[ 55%] \x1b[32mBuilding CXX object platforms/common/uORB/CMakeFiles/uORB.dir/uORBUtils.cpp.o\x1b[0m\n'}
[22.155506] (-) TimerEvent: {}
[22.161803] (px4) StdoutLine: {'line': b'[ 55%] \x1b[32mBuilding CXX object src/modules/ekf2/test/sensor_simulator/CMakeFiles/ecl_sensor_sim.dir/ekf_logger.cpp.o\x1b[0m\n'}
[22.162524] (px4) StdoutLine: {'line': b'[ 55%] \x1b[32m\x1b[1mLinking CXX static library libDifferentialPosControl.a\x1b[0m\n'}
[22.162812] (px4) StdoutLine: {'line': b'[ 55%] \x1b[32m\x1b[1mLinking CXX static library libMecanumOffboardMode.a\x1b[0m\n'}
[22.174478] (px4) StdoutLine: {'line': b'[ 55%] \x1b[32mBuilding CXX object src/lib/control_allocation/control_allocation/CMakeFiles/ControlAllocation.dir/ControlAllocation.cpp.o\x1b[0m\n'}
[22.179059] (px4) StdoutLine: {'line': b'[ 55%] Built target MecanumAutoMode\n'}
[22.186713] (px4) StdoutLine: {'line': b'[ 55%] \x1b[32mBuilding CXX object src/modules/ekf2/test/sensor_simulator/CMakeFiles/ecl_sensor_sim.dir/sensor.cpp.o\x1b[0m\n'}
[22.190738] (px4) StdoutLine: {'line': b'[ 55%] \x1b[32mBuilding CXX object platforms/common/uORB/CMakeFiles/uORB.dir/uORBDeviceMaster.cpp.o\x1b[0m\n'}
[22.198537] (px4) StdoutLine: {'line': b'[ 55%] \x1b[32m\x1b[1mLinking CXX static library libairspeed.a\x1b[0m\n'}
[22.198772] (px4) StdoutLine: {'line': b'[ 55%] Built target DifferentialPosControl\n'}
[22.200821] (px4) StdoutLine: {'line': b'[ 55%] \x1b[32mBuilding CXX object platforms/common/uORB/CMakeFiles/uORB.dir/uORBDeviceNode.cpp.o\x1b[0m\n'}
[22.207570] (px4) StdoutLine: {'line': b'[ 55%] \x1b[32mBuilding CXX object src/lib/control_allocation/control_allocation/CMakeFiles/ControlAllocation.dir/ControlAllocationPseudoInverse.cpp.o\x1b[0m\n'}
[22.207774] (px4) StdoutLine: {'line': b'[ 55%] \x1b[32mBuilding CXX object src/lib/control_allocation/control_allocation/CMakeFiles/ControlAllocation.dir/ControlAllocationSequentialDesaturation.cpp.o\x1b[0m\n'}
[22.207855] (px4) StdoutLine: {'line': b'[ 55%] \x1b[32mBuilding CXX object platforms/common/uORB/CMakeFiles/uORB.dir/uORBManager.cpp.o\x1b[0m\n'}
[22.213552] (px4) StdoutLine: {'line': b'[ 55%] Built target MecanumOffboardMode\n'}
[22.216189] (px4) StdoutLine: {'line': b'[ 55%] Built target DifferentialManualMode\n'}
[22.224189] (px4) StdoutLine: {'line': b'[ 55%] \x1b[32mBuilding CXX object src/modules/ekf2/test/sensor_simulator/CMakeFiles/ecl_sensor_sim.dir/imu.cpp.o\x1b[0m\n'}
[22.228234] (px4) StdoutLine: {'line': b'[ 55%] \x1b[32mBuilding CXX object src/modules/ekf2/test/sensor_simulator/CMakeFiles/ecl_sensor_sim.dir/mag.cpp.o\x1b[0m\n'}
[22.233064] (px4) StdoutLine: {'line': b'[ 55%] \x1b[32m\x1b[1mLinking CXX static library libdata_validator.a\x1b[0m\n'}
[22.236124] (px4) StdoutLine: {'line': b'[ 55%] Built target airspeed\n'}
[22.247553] (px4) StdoutLine: {'line': b'[ 57%] \x1b[32mBuilding CXX object src/modules/ekf2/test/sensor_simulator/CMakeFiles/ecl_sensor_sim.dir/baro.cpp.o\x1b[0m\n'}
[22.255613] (-) TimerEvent: {}
[22.267298] (px4) StdoutLine: {'line': b'[ 57%] \x1b[32m\x1b[1mLinking CXX static library libMecanumSpeedControl.a\x1b[0m\n'}
[22.284644] (px4) StdoutLine: {'line': b'[ 57%] \x1b[32mBuilding CXX object src/lib/control_allocation/actuator_effectiveness/CMakeFiles/ActuatorEffectiveness.dir/ActuatorEffectiveness.cpp.o\x1b[0m\n'}
[22.289492] (px4) StdoutLine: {'line': b'[ 57%] Built target data_validator\n'}
[22.313741] (px4) StdoutLine: {'line': b'[ 57%] \x1b[32mBuilding CXX object src/modules/ekf2/test/sensor_simulator/CMakeFiles/ecl_sensor_sim.dir/flow.cpp.o\x1b[0m\n'}
[22.313949] (px4) StdoutLine: {'line': b'[ 57%] \x1b[32mBuilding CXX object src/modules/ekf2/test/sensor_simulator/CMakeFiles/ecl_sensor_sim.dir/gps.cpp.o\x1b[0m\n'}
[22.320883] (px4) StdoutLine: {'line': b'[ 57%] \x1b[32mBuilding CXX object src/lib/drivers/accelerometer/CMakeFiles/drivers_accelerometer.dir/PX4Accelerometer.cpp.o\x1b[0m\n'}
[22.325755] (px4) StdoutLine: {'line': b'[ 57%] \x1b[32mBuilding CXX object src/modules/ekf2/test/sensor_simulator/CMakeFiles/ecl_sensor_sim.dir/range_finder.cpp.o\x1b[0m\n'}
[22.328575] (px4) StdoutLine: {'line': b'[ 57%] Built target MecanumSpeedControl\n'}
[22.353917] (px4) StdoutLine: {'line': b'[ 57%] \x1b[32mBuilding CXX object src/lib/drivers/gyroscope/CMakeFiles/drivers_gyroscope.dir/PX4Gyroscope.cpp.o\x1b[0m\n'}
[22.355714] (-) TimerEvent: {}
[22.363065] (px4) StdoutLine: {'line': b'[ 57%] \x1b[32m\x1b[1mLinking CXX static library libMecanumPosControl.a\x1b[0m\n'}
[22.371774] (px4) StdoutLine: {'line': b'[ 57%] \x1b[32mBuilding CXX object src/modules/ekf2/test/sensor_simulator/CMakeFiles/ecl_sensor_sim.dir/vio.cpp.o\x1b[0m\n'}
[22.377416] (px4) StdoutLine: {'line': b'[ 57%] \x1b[32mBuilding CXX object src/lib/drivers/magnetometer/CMakeFiles/drivers_magnetometer.dir/PX4Magnetometer.cpp.o\x1b[0m\n'}
[22.410782] (px4) StdoutLine: {'line': b'[ 57%] \x1b[32m\x1b[1mLinking CXX static library libvehicle_gps_position.a\x1b[0m\n'}
[22.417559] (px4) StdoutLine: {'line': b'[ 57%] Built target MecanumPosControl\n'}
[22.420641] (px4) StdoutLine: {'line': b'[ 57%] \x1b[32m\x1b[1mLinking CXX static library libMecanumManualMode.a\x1b[0m\n'}
[22.444362] (px4) StdoutLine: {'line': b'[ 57%] \x1b[32mBuilding CXX object src/lib/rate_control/CMakeFiles/RateControl.dir/rate_control.cpp.o\x1b[0m\n'}
[22.455823] (-) TimerEvent: {}
[22.477733] (px4) StdoutLine: {'line': b'[ 57%] \x1b[32mBuilding CXX object src/modules/ekf2/test/sensor_simulator/CMakeFiles/ecl_sensor_sim.dir/airspeed.cpp.o\x1b[0m\n'}
[22.478060] (px4) StdoutLine: {'line': b'[ 57%] Built target MecanumManualMode\n'}
[22.489998] (px4) StdoutLine: {'line': b'[ 57%] Built target vehicle_gps_position\n'}
[22.505052] (px4) StdoutLine: {'line': b'[ 57%] \x1b[32mBuilding CXX object src/lib/rover_control/CMakeFiles/rover_control.dir/RoverControl.cpp.o\x1b[0m\n'}
[22.525454] (px4) StdoutLine: {'line': b'[ 57%] \x1b[32m\x1b[1mLinking CXX static library libhealth_and_arming_checks.a\x1b[0m\n'}
[22.535666] (px4) StdoutLine: {'line': b'[ 57%] \x1b[32mBuilding CXX object src/lib/sensor_calibration/CMakeFiles/sensor_calibration.dir/Accelerometer.cpp.o\x1b[0m\n'}
[22.538387] (px4) StdoutLine: {'line': b'[ 57%] \x1b[32mBuilding CXX object src/lib/slew_rate/CMakeFiles/SlewRate.dir/dummy.cpp.o\x1b[0m\n'}
[22.549177] (px4) StdoutLine: {'line': b'[ 57%] \x1b[32m\x1b[1mLinking CXX static library libActuatorEffectiveness.a\x1b[0m\n'}
[22.555926] (-) TimerEvent: {}
[22.573441] (px4) StdoutLine: {'line': b'[ 57%] \x1b[32m\x1b[1mLinking CXX static library libdrivers_magnetometer.a\x1b[0m\n'}
[22.581601] (px4) StdoutLine: {'line': b'[ 57%] \x1b[32mBuilding CXX object src/lib/tunes/CMakeFiles/tunes.dir/default_tunes.cpp.o\x1b[0m\n'}
[22.597539] (px4) StdoutLine: {'line': b'[ 57%] \x1b[32mBuilding CXX object src/lib/sensor_calibration/CMakeFiles/sensor_calibration.dir/Barometer.cpp.o\x1b[0m\n'}
[22.598569] (px4) StdoutLine: {'line': b'[ 57%] Built target ActuatorEffectiveness\n'}
[22.602927] (px4) StdoutLine: {'line': b'[ 57%] \x1b[32m\x1b[1mLinking CXX static library libSlewRate.a\x1b[0m\n'}
[22.610303] (px4) StdoutLine: {'line': b'[ 57%] \x1b[32mBuilding CXX object src/lib/variable_length_ringbuffer/CMakeFiles/variable_length_ringbuffer.dir/VariableLengthRingbuffer.cpp.o\x1b[0m\n'}
[22.614266] (px4) StdoutLine: {'line': b'[ 57%] \x1b[32m\x1b[1mLinking CXX static library libuORB.a\x1b[0m\n'}
[22.617055] (px4) StdoutLine: {'line': b'[ 57%] Built target health_and_arming_checks\n'}
[22.623248] (px4) StdoutLine: {'line': b'[ 57%] \x1b[32mBuilding CXX object src/modules/flight_mode_manager/tasks/Failsafe/CMakeFiles/FlightTaskFailsafe.dir/FlightTaskFailsafe.cpp.o\x1b[0m\n'}
[22.625494] (px4) StdoutLine: {'line': b'[ 57%] \x1b[32mBuilding CXX object src/lib/tunes/CMakeFiles/tunes.dir/tunes.cpp.o\x1b[0m\n'}
[22.644266] (px4) StdoutLine: {'line': b'[ 57%] \x1b[32mBuilding CXX object src/modules/control_allocator/VehicleActuatorEffectiveness/CMakeFiles/VehicleActuatorEffectiveness.dir/ActuatorEffectivenessUUV.cpp.o\x1b[0m\n'}
[22.645488] (px4) StdoutLine: {'line': b'[ 57%] Built target SlewRate\n'}
[22.645889] (px4) StdoutLine: {'line': b'[ 57%] Built target drivers_magnetometer\n'}
[22.646874] (px4) StdoutLine: {'line': b'[ 57%] \x1b[32mBuilding CXX object src/modules/control_allocator/VehicleActuatorEffectiveness/CMakeFiles/VehicleActuatorEffectiveness.dir/ActuatorEffectivenessControlSurfaces.cpp.o\x1b[0m\n'}
[22.656037] (-) TimerEvent: {}
[22.657074] (px4) StdoutLine: {'line': b'[ 58%] \x1b[32mBuilding CXX object src/modules/control_allocator/VehicleActuatorEffectiveness/CMakeFiles/VehicleActuatorEffectiveness.dir/ActuatorEffectivenessCustom.cpp.o\x1b[0m\n'}
[22.659521] (px4) StdoutLine: {'line': b'[ 60%] \x1b[32mBuilding CXX object src/lib/sensor_calibration/CMakeFiles/sensor_calibration.dir/Gyroscope.cpp.o\x1b[0m\n'}
[22.659722] (px4) StdoutLine: {'line': b'[ 60%] \x1b[32mBuilding CXX object src/lib/sensor_calibration/CMakeFiles/sensor_calibration.dir/Magnetometer.cpp.o\x1b[0m\n'}
[22.670580] (px4) StdoutLine: {'line': b'[ 60%] Built target uORB\n'}
[22.693982] (px4) StdoutLine: {'line': b'[ 60%] \x1b[32m\x1b[1mLinking CXX static library libvariable_length_ringbuffer.a\x1b[0m\n'}
[22.700501] (px4) StdoutLine: {'line': b'[ 60%] \x1b[32m\x1b[1mLinking CXX static library libdrivers_accelerometer.a\x1b[0m\n'}
[22.702399] (px4) StdoutLine: {'line': b'[ 60%] \x1b[32mBuilding CXX object src/modules/flight_mode_manager/tasks/Utility/CMakeFiles/FlightTaskUtility.dir/StickAccelerationXY.cpp.o\x1b[0m\n'}
[22.707111] (px4) StdoutLine: {'line': b'[ 60%] \x1b[32mBuilding CXX object src/lib/cdev/test/CMakeFiles/lib__cdev__test__cdev_test.dir/cdevtest_example.cpp.o\x1b[0m\n'}
[22.725858] (px4) StdoutLine: {'line': b'[ 60%] \x1b[32mBuilding CXX object src/modules/flight_mode_manager/tasks/Utility/CMakeFiles/FlightTaskUtility.dir/StickTiltXY.cpp.o\x1b[0m\n'}
[22.727308] (px4) StdoutLine: {'line': b'[ 60%] \x1b[32m\x1b[1mLinking CXX static library libRateControl.a\x1b[0m\n'}
[22.746528] (px4) StdoutLine: {'line': b'[ 60%] \x1b[32mBuilding CXX object src/lib/controllib/controllib_test/CMakeFiles/lib__controllib__controllib_test.dir/controllib_test_main.cpp.o\x1b[0m\n'}
[22.746782] (px4) StdoutLine: {'line': b'[ 60%] Built target drivers_accelerometer\n'}
[22.748392] (px4) StdoutLine: {'line': b'[ 60%] Built target variable_length_ringbuffer\n'}
[22.755868] (px4) StdoutLine: {'line': b'[ 60%] \x1b[32m\x1b[1mLinking CXX static library libdrivers_gyroscope.a\x1b[0m\n'}
[22.756067] (-) TimerEvent: {}
[22.766986] (px4) StdoutLine: {'line': b'[ 60%] Built target RateControl\n'}
[22.767437] (px4) StdoutLine: {'line': b'[ 60%] \x1b[32m\x1b[1mLinking CXX shared library ../libMovingPlatformController.so\x1b[0m\n'}
[22.773415] (px4) StdoutLine: {'line': b'[ 60%] \x1b[32mBuilding CXX object platforms/common/uORB/uORB_tests/CMakeFiles/modules__uORB__uORB_tests.dir/uORB_tests_main.cpp.o\x1b[0m\n'}
[22.774016] (px4) StdoutLine: {'line': b'[ 60%] \x1b[32mBuilding CXX object src/lib/rc/rc_tests/CMakeFiles/lib__rc__rc_tests.dir/RCTest.cpp.o\x1b[0m\n'}
[22.782018] (px4) StdoutLine: {'line': b'[ 60%] \x1b[32mBuilding CXX object platforms/common/px4_work_queue/test/CMakeFiles/lib__work_queue__test__wqueue_test.dir/wqueue_main.cpp.o\x1b[0m\n'}
[22.783091] (px4) StdoutLine: {'line': b'[ 60%] \x1b[32mBuilding CXX object platforms/common/uORB/uORB_tests/CMakeFiles/modules__uORB__uORB_tests.dir/uORBTest_UnitTest.cpp.o\x1b[0m\n'}
[22.800474] (px4) StdoutLine: {'line': b'[ 60%] Built target drivers_gyroscope\n'}
[22.813550] (px4) StdoutLine: {'line': b'[ 60%] \x1b[32mBuilding CXX object src/lib/cdev/test/CMakeFiles/lib__cdev__test__cdev_test.dir/cdevtest_main.cpp.o\x1b[0m\n'}
[22.819193] (px4) StdoutLine: {'line': b'[ 60%] \x1b[32mBuilding CXX object src/drivers/camera_trigger/CMakeFiles/drivers__camera_trigger.dir/camera_trigger.cpp.o\x1b[0m\n'}
[22.857510] (-) TimerEvent: {}
[22.861581] (px4) StdoutLine: {'line': b'[ 60%] \x1b[32m\x1b[1mLinking CXX static library librover_control.a\x1b[0m\n'}
[22.890761] (px4) StdoutLine: {'line': b'[ 60%] \x1b[32mBuilding CXX object platforms/common/px4_work_queue/test/CMakeFiles/lib__work_queue__test__wqueue_test.dir/wqueue_scheduled_test.cpp.o\x1b[0m\n'}
[22.895578] (px4) StdoutLine: {'line': b'[ 60%] \x1b[32mBuilding CXX object src/lib/cdev/test/CMakeFiles/lib__cdev__test__cdev_test.dir/cdevtest_start.cpp.o\x1b[0m\n'}
[22.898627] (px4) StdoutLine: {'line': b'[ 60%] \x1b[32mBuilding CXX object src/modules/flight_mode_manager/tasks/Utility/CMakeFiles/FlightTaskUtility.dir/Gimbal.cpp.o\x1b[0m\n'}
[22.906556] (px4) StdoutLine: {'line': b'[ 60%] Built target rover_control\n'}
[22.908698] (px4) StdoutLine: {'line': b'[ 60%] \x1b[32m\x1b[1mLinking CXX static library libtunes.a\x1b[0m\n'}
[22.913583] (px4) StdoutLine: {'line': b'[ 60%] \x1b[32mBuilding CXX object src/lib/sensor_calibration/CMakeFiles/sensor_calibration.dir/Utilities.cpp.o\x1b[0m\n'}
[22.913791] (px4) StdoutLine: {'line': b'[ 60%] \x1b[32mBuilding CXX object src/drivers/camera_trigger/CMakeFiles/drivers__camera_trigger.dir/interfaces/src/camera_interface.cpp.o\x1b[0m\n'}
[22.917031] (px4) StdoutLine: {'line': b'[ 60%] \x1b[32mBuilding CXX object platforms/common/px4_work_queue/test/CMakeFiles/lib__work_queue__test__wqueue_test.dir/wqueue_start.cpp.o\x1b[0m\n'}
[22.917334] (px4) StdoutLine: {'line': b'[ 60%] \x1b[32mBuilding CXX object src/modules/control_allocator/VehicleActuatorEffectiveness/CMakeFiles/VehicleActuatorEffectiveness.dir/ActuatorEffectivenessFixedWing.cpp.o\x1b[0m\n'}
[22.923450] (px4) StdoutLine: {'line': b'[ 60%] \x1b[32m\x1b[1mLinking CXX static library libvehicle_optical_flow.a\x1b[0m\n'}
[22.924481] (px4) StdoutLine: {'line': b'[ 60%] \x1b[32m\x1b[1mLinking CXX static library libCollisionPrevention.a\x1b[0m\n'}
[22.935502] (px4) StdoutLine: {'line': b'[ 60%] \x1b[32mBuilding CXX object src/drivers/gnss/septentrio/CMakeFiles/driver__septentrio.dir/septentrio.cpp.o\x1b[0m\n'}
[22.949963] (px4) StdoutLine: {'line': b'[ 60%] Built target tunes\n'}
[22.958506] (-) TimerEvent: {}
[22.963579] (px4) StdoutLine: {'line': b'[ 60%] \x1b[32m\x1b[1mLinking CXX static library libFlightTaskFailsafe.a\x1b[0m\n'}
[22.967566] (px4) StdoutLine: {'line': b'[ 60%] \x1b[32mBuilding CXX object src/drivers/camera_trigger/CMakeFiles/drivers__camera_trigger.dir/interfaces/src/pwm.cpp.o\x1b[0m\n'}
[22.967837] (px4) StdoutLine: {'line': b'[ 62%] \x1b[32mBuilding CXX object platforms/common/px4_work_queue/test/CMakeFiles/lib__work_queue__test__wqueue_test.dir/wqueue_test.cpp.o\x1b[0m\n'}
[22.971668] (px4) StdoutLine: {'line': b'[ 62%] Built target CollisionPrevention\n'}
[22.976782] (px4) StdoutLine: {'line': b'[ 62%] Built target MovingPlatformController\n'}
[22.979517] (px4) StdoutLine: {'line': b'[ 62%] Built target vehicle_optical_flow\n'}
[22.988474] (px4) StdoutLine: {'line': b'[ 62%] \x1b[32mBuilding CXX object src/drivers/camera_trigger/CMakeFiles/drivers__camera_trigger.dir/interfaces/src/seagull_map2.cpp.o\x1b[0m\n'}
[22.988702] (px4) StdoutLine: {'line': b'[ 62%] \x1b[32m\x1b[1mLinking CXX static library liblib__cdev__test__cdev_test.a\x1b[0m\n'}
[22.988782] (px4) StdoutLine: {'line': b'[ 62%] \x1b[32mBuilding CXX object src/drivers/gnss/septentrio/CMakeFiles/driver__septentrio.dir/util.cpp.o\x1b[0m\n'}
[22.988850] (px4) StdoutLine: {'line': b'[ 62%] \x1b[32mBuilding CXX object src/modules/control_allocator/VehicleActuatorEffectiveness/CMakeFiles/VehicleActuatorEffectiveness.dir/ActuatorEffectivenessHelicopter.cpp.o\x1b[0m\n'}
[22.990851] (px4) StdoutLine: {'line': b'[ 62%] \x1b[32mBuilding CXX object src/modules/control_allocator/VehicleActuatorEffectiveness/CMakeFiles/VehicleActuatorEffectiveness.dir/ActuatorEffectivenessHelicopterCoaxial.cpp.o\x1b[0m\n'}
[22.991059] (px4) StdoutLine: {'line': b'[ 62%] \x1b[32mBuilding CXX object src/drivers/gps/CMakeFiles/drivers__gps.dir/gps.cpp.o\x1b[0m\n'}
[23.003751] (px4) StdoutLine: {'line': b'[ 62%] \x1b[32mBuilding CXX object src/drivers/osd/msp_osd/CMakeFiles/drivers__osd__msp_osd.dir/msp_osd.cpp.o\x1b[0m\n'}
[23.016082] (px4) StdoutLine: {'line': b'[ 62%] Built target FlightTaskFailsafe\n'}
[23.022363] (px4) StdoutLine: {'line': b'[ 62%] \x1b[32mBuilding CXX object src/drivers/osd/msp_osd/CMakeFiles/drivers__osd__msp_osd.dir/MspV1.cpp.o\x1b[0m\n'}
[23.024436] (px4) StdoutLine: {'line': b'[ 62%] Built target lib__cdev__test__cdev_test\n'}
[23.031627] (px4) StdoutLine: {'line': b'[ 62%] \x1b[32mBuilding CXX object src/drivers/osd/msp_osd/CMakeFiles/drivers__osd__msp_osd.dir/uorb_to_msp.cpp.o\x1b[0m\n'}
[23.034606] (px4) StdoutLine: {'line': b'[ 62%] \x1b[32mBuilding CXX object src/drivers/camera_trigger/CMakeFiles/drivers__camera_trigger.dir/interfaces/src/gpio.cpp.o\x1b[0m\n'}
[23.035311] (px4) StdoutLine: {'line': b'[ 62%] \x1b[32mBuilding CXX object src/drivers/tone_alarm/CMakeFiles/drivers__tone_alarm.dir/ToneAlarm.cpp.o\x1b[0m\n'}
[23.040389] (px4) StdoutLine: {'line': b'[ 62%] \x1b[32mBuilding CXX object src/drivers/gps/CMakeFiles/drivers__gps.dir/devices/src/crc.cpp.o\x1b[0m\n'}
[23.042725] (px4) StdoutLine: {'line': b'[ 62%] \x1b[32m\x1b[1mLinking CXX static library liblib__rc__rc_tests.a\x1b[0m\n'}
[23.056925] (px4) StdoutLine: {'line': b'[ 62%] \x1b[32mBuilding CXX object src/modules/control_allocator/VehicleActuatorEffectiveness/CMakeFiles/VehicleActuatorEffectiveness.dir/ActuatorEffectivenessMCTilt.cpp.o\x1b[0m\n'}
[23.058592] (-) TimerEvent: {}
[23.077568] (px4) StdoutLine: {'line': b'[ 62%] \x1b[32mBuilding CXX object src/modules/control_allocator/VehicleActuatorEffectiveness/CMakeFiles/VehicleActuatorEffectiveness.dir/ActuatorEffectivenessMultirotor.cpp.o\x1b[0m\n'}
[23.087853] (px4) StdoutLine: {'line': b'[ 62%] \x1b[32mBuilding CXX object src/modules/airship_att_control/CMakeFiles/modules__airship_att_control.dir/airship_att_control_main.cpp.o\x1b[0m\n'}
[23.096223] (px4) StdoutLine: {'line': b'[ 62%] \x1b[32mBuilding CXX object src/modules/control_allocator/VehicleActuatorEffectiveness/CMakeFiles/VehicleActuatorEffectiveness.dir/ActuatorEffectivenessTilts.cpp.o\x1b[0m\n'}
[23.096531] (px4) StdoutLine: {'line': b'[ 62%] \x1b[32mBuilding CXX object src/modules/airspeed_selector/CMakeFiles/modules__airspeed_selector.dir/airspeed_selector_main.cpp.o\x1b[0m\n'}
[23.103575] (px4) StdoutLine: {'line': b'[ 62%] \x1b[32mBuilding CXX object src/modules/airspeed_selector/CMakeFiles/modules__airspeed_selector.dir/AirspeedValidator.cpp.o\x1b[0m\n'}
[23.103976] (px4) StdoutLine: {'line': b'[ 62%] \x1b[32mBuilding CXX object src/drivers/gps/CMakeFiles/drivers__gps.dir/devices/src/gps_helper.cpp.o\x1b[0m\n'}
[23.105953] (px4) StdoutLine: {'line': b'[ 62%] Built target lib__rc__rc_tests\n'}
[23.122131] (px4) StdoutLine: {'line': b'[ 62%] \x1b[32mBuilding CXX object src/drivers/gps/CMakeFiles/drivers__gps.dir/devices/src/mtk.cpp.o\x1b[0m\n'}
[23.140577] (px4) StdoutLine: {'line': b'[ 62%] \x1b[32mBuilding CXX object src/drivers/gps/CMakeFiles/drivers__gps.dir/devices/src/ashtech.cpp.o\x1b[0m\n'}
[23.140784] (px4) StdoutLine: {'line': b'[ 64%] \x1b[32mBuilding CXX object src/drivers/gnss/septentrio/CMakeFiles/driver__septentrio.dir/rtcm.cpp.o\x1b[0m\n'}
[23.158699] (-) TimerEvent: {}
[23.174487] (px4) StdoutLine: {'line': b'[ 64%] \x1b[32m\x1b[1mLinking CXX static library liblib__work_queue__test__wqueue_test.a\x1b[0m\n'}
[23.179901] (px4) StdoutLine: {'line': b'[ 64%] \x1b[32m\x1b[1mLinking CXX shared library ../libSpacecraftThrusterModelPlugin.so\x1b[0m\n'}
[23.220578] (px4) StdoutLine: {'line': b'[ 64%] \x1b[32mBuilding CXX object src/modules/attitude_estimator_q/CMakeFiles/modules__attitude_estimator_q.dir/attitude_estimator_q_main.cpp.o\x1b[0m\n'}
[23.230745] (px4) StdoutLine: {'line': b'[ 64%] Built target lib__work_queue__test__wqueue_test\n'}
[23.233496] (px4) StdoutLine: {'line': b'[ 64%] \x1b[32m\x1b[1mLinking CXX static library libsensor_calibration.a\x1b[0m\n'}
[23.250209] (px4) StdoutLine: {'line': b'[ 64%] \x1b[32mBuilding CXX object src/modules/control_allocator/VehicleActuatorEffectiveness/CMakeFiles/VehicleActuatorEffectiveness.dir/ActuatorEffectivenessRotors.cpp.o\x1b[0m\n'}
[23.258816] (-) TimerEvent: {}
[23.265412] (px4) StdoutLine: {'line': b'[ 64%] \x1b[32mBuilding CXX object src/drivers/gps/CMakeFiles/drivers__gps.dir/devices/src/ubx.cpp.o\x1b[0m\n'}
[23.314605] (px4) StdoutLine: {'line': b'[ 64%] \x1b[32mBuilding CXX object src/modules/control_allocator/VehicleActuatorEffectiveness/CMakeFiles/VehicleActuatorEffectiveness.dir/ActuatorEffectivenessSpacecraft.cpp.o\x1b[0m\n'}
[23.320659] (px4) StdoutLine: {'line': b'[ 64%] \x1b[32mBuilding CXX object src/drivers/gps/CMakeFiles/drivers__gps.dir/devices/src/rtcm.cpp.o\x1b[0m\n'}
[23.323701] (px4) StdoutLine: {'line': b'[ 64%] Built target sensor_calibration\n'}
[23.344502] (px4) StdoutLine: {'line': b'[ 64%] \x1b[32mBuilding CXX object src/modules/control_allocator/VehicleActuatorEffectiveness/CMakeFiles/VehicleActuatorEffectiveness.dir/ActuatorEffectivenessStandardVTOL.cpp.o\x1b[0m\n'}
[23.350804] (px4) StdoutLine: {'line': b'[ 64%] \x1b[32m\x1b[1mLinking CXX static library libdrivers__camera_trigger.a\x1b[0m\n'}
[23.358911] (-) TimerEvent: {}
[23.367282] (px4) StdoutLine: {'line': b'[ 64%] \x1b[32mBuilding CXX object src/modules/control_allocator/VehicleActuatorEffectiveness/CMakeFiles/VehicleActuatorEffectiveness.dir/ActuatorEffectivenessTiltrotorVTOL.cpp.o\x1b[0m\n'}
[23.369062] (px4) StdoutLine: {'line': b'[ 64%] \x1b[32mBuilding CXX object src/drivers/gps/CMakeFiles/drivers__gps.dir/devices/src/emlid_reach.cpp.o\x1b[0m\n'}
[23.381957] (px4) StdoutLine: {'line': b'[ 64%] \x1b[32mBuilding CXX object src/modules/camera_feedback/CMakeFiles/modules__camera_feedback.dir/CameraFeedback.cpp.o\x1b[0m\n'}
[23.382562] (px4) StdoutLine: {'line': b'[ 64%] \x1b[32m\x1b[1mLinking CXX static library libdrivers__tone_alarm.a\x1b[0m\n'}
[23.398889] (px4) StdoutLine: {'line': b'[ 64%] \x1b[32m\x1b[1mLinking CXX static library libFlightTaskUtility.a\x1b[0m\n'}
[23.403761] (px4) StdoutLine: {'line': b'[ 64%] \x1b[32m\x1b[1mLinking CXX static library libmodules__uORB__uORB_tests.a\x1b[0m\n'}
[23.412962] (px4) StdoutLine: {'line': b'[ 64%] \x1b[32m\x1b[1mLinking CXX static library liblib__controllib__controllib_test.a\x1b[0m\n'}
[23.421056] (px4) StdoutLine: {'line': b'[ 64%] Built target drivers__camera_trigger\n'}
[23.425605] (px4) StdoutLine: {'line': b'[ 64%] \x1b[32mBuilding CXX object src/drivers/gps/CMakeFiles/drivers__gps.dir/devices/src/femtomes.cpp.o\x1b[0m\n'}
[23.430498] (px4) StdoutLine: {'line': b'[ 64%] \x1b[32mBuilding CXX object src/modules/commander/CMakeFiles/modules__commander.dir/accelerometer_calibration.cpp.o\x1b[0m\n'}
[23.432316] (px4) StdoutLine: {'line': b'[ 64%] \x1b[32mBuilding CXX object src/drivers/gnss/septentrio/CMakeFiles/driver__septentrio.dir/sbf/decoder.cpp.o\x1b[0m\n'}
[23.433300] (px4) StdoutLine: {'line': b'[ 64%] Built target drivers__tone_alarm\n'}
[23.436622] (px4) StdoutLine: {'line': b'[ 64%] \x1b[32mBuilding CXX object src/modules/dataman/CMakeFiles/modules__dataman.dir/dataman.cpp.o\x1b[0m\n'}
[23.438775] (px4) StdoutLine: {'line': b'[ 64%] Built target SpacecraftThrusterModelPlugin\n'}
[23.442426] (px4) StdoutLine: {'line': b'[ 64%] \x1b[32mBuilding CXX object src/modules/control_allocator/VehicleActuatorEffectiveness/CMakeFiles/VehicleActuatorEffectiveness.dir/ActuatorEffectivenessTailsitterVTOL.cpp.o\x1b[0m\n'}
[23.447399] (px4) StdoutLine: {'line': b'[ 64%] \x1b[32mBuilding CXX object src/drivers/gps/CMakeFiles/drivers__gps.dir/devices/src/unicore.cpp.o\x1b[0m\n'}
[23.456643] (px4) StdoutLine: {'line': b'[ 64%] \x1b[32mBuilding CXX object src/drivers/gps/CMakeFiles/drivers__gps.dir/devices/src/nmea.cpp.o\x1b[0m\n'}
[23.458131] (px4) StdoutLine: {'line': b'[ 64%] Built target FlightTaskUtility\n'}
[23.460331] (px4) StdoutLine: {'line': b'[ 64%] Built target modules__uORB__uORB_tests\n'}
[23.460534] (-) TimerEvent: {}
[23.460645] (px4) StdoutLine: {'line': b'[ 64%] \x1b[32m\x1b[1mLinking CXX static library libControlAllocation.a\x1b[0m\n'}
[23.468523] (px4) StdoutLine: {'line': b'[ 64%] \x1b[32mBuilding CXX object src/modules/commander/CMakeFiles/modules__commander.dir/airspeed_calibration.cpp.o\x1b[0m\n'}
[23.474510] (px4) StdoutLine: {'line': b'[ 64%] Built target lib__controllib__controllib_test\n'}
[23.490492] (px4) StdoutLine: {'line': b'[ 64%] \x1b[32mBuilding CXX object src/modules/control_allocator/VehicleActuatorEffectiveness/CMakeFiles/VehicleActuatorEffectiveness.dir/ActuatorEffectivenessRoverAckermann.cpp.o\x1b[0m\n'}
[23.503727] (px4) StdoutLine: {'line': b'[ 64%] Built target ControlAllocation\n'}
[23.506683] (px4) StdoutLine: {'line': b'[ 64%] \x1b[32mBuilding CXX object src/modules/ekf2/CMakeFiles/modules__ekf2.dir/EKF/control.cpp.o\x1b[0m\n'}
[23.524493] (px4) StdoutLine: {'line': b'[ 64%] \x1b[32mBuilding CXX object src/modules/control_allocator/VehicleActuatorEffectiveness/CMakeFiles/VehicleActuatorEffectiveness.dir/RpmControl.cpp.o\x1b[0m\n'}
[23.530289] (px4) StdoutLine: {'line': b'[ 64%] \x1b[32mBuilding CXX object src/modules/commander/CMakeFiles/modules__commander.dir/baro_calibration.cpp.o\x1b[0m\n'}
[23.563569] (px4) StdoutLine: {'line': b'[ 64%] \x1b[32mBuilding CXX object src/modules/events/CMakeFiles/modules__events.dir/rc_loss_alarm.cpp.o\x1b[0m\n'}
[23.563805] (-) TimerEvent: {}
[23.570629] (px4) StdoutLine: {'line': b'[ 66%] \x1b[32mBuilding CXX object src/modules/ekf2/CMakeFiles/modules__ekf2.dir/EKF/covariance.cpp.o\x1b[0m\n'}
[23.597283] (px4) StdoutLine: {'line': b'[ 66%] \x1b[32m\x1b[1mLinking CXX static library libecl_sensor_sim.a\x1b[0m\n'}
[23.613033] (px4) StdoutLine: {'line': b'[ 66%] \x1b[32mBuilding CXX object src/modules/events/CMakeFiles/modules__events.dir/send_event.cpp.o\x1b[0m\n'}
[23.618206] (px4) StdoutLine: {'line': b'[ 66%] \x1b[32mBuilding CXX object src/modules/flight_mode_manager/tasks/Auto/CMakeFiles/FlightTaskAuto.dir/FlightTaskAuto.cpp.o\x1b[0m\n'}
[23.637335] (px4) StdoutLine: {'line': b'[ 67%] \x1b[32mBuilding CXX object src/modules/commander/CMakeFiles/modules__commander.dir/calibration_routines.cpp.o\x1b[0m\n'}
[23.663926] (-) TimerEvent: {}
[23.667279] (px4) StdoutLine: {'line': b'[ 67%] Built target ecl_sensor_sim\n'}
[23.707612] (px4) StdoutLine: {'line': b'[ 67%] \x1b[32mBuilding CXX object src/modules/ekf2/CMakeFiles/modules__ekf2.dir/EKF/ekf.cpp.o\x1b[0m\n'}
[23.711493] (px4) StdoutLine: {'line': b'[ 67%] \x1b[32mBuilding CXX object src/modules/events/CMakeFiles/modules__events.dir/set_leds.cpp.o\x1b[0m\n'}
[23.713357] (px4) StdoutLine: {'line': b'[ 67%] \x1b[32mBuilding CXX object src/modules/flight_mode_manager/tasks/Descend/CMakeFiles/FlightTaskDescend.dir/FlightTaskDescend.cpp.o\x1b[0m\n'}
[23.718501] (px4) StdoutLine: {'line': b'[ 67%] \x1b[32m\x1b[1mLinking CXX static library libmodules__airship_att_control.a\x1b[0m\n'}
[23.726650] (px4) StdoutLine: {'line': b'[ 67%] \x1b[32mBuilding CXX object src/modules/commander/CMakeFiles/modules__commander.dir/Commander.cpp.o\x1b[0m\n'}
[23.732504] (px4) StdoutLine: {'line': b'[ 67%] \x1b[32mBuilding CXX object src/modules/flight_mode_manager/tasks/ManualAltitude/CMakeFiles/FlightTaskManualAltitude.dir/FlightTaskManualAltitude.cpp.o\x1b[0m\n'}
[23.739506] (px4) StdoutLine: {'line': b'[ 67%] \x1b[32mBuilding CXX object src/modules/commander/CMakeFiles/modules__commander.dir/commander_helper.cpp.o\x1b[0m\n'}
[23.752555] (px4) StdoutLine: {'line': b'[ 67%] \x1b[32m\x1b[1mLinking CXX static library libdrivers__osd__msp_osd.a\x1b[0m\n'}
[23.764039] (-) TimerEvent: {}
[23.792095] (px4) StdoutLine: {'line': b'[ 67%] Built target modules__airship_att_control\n'}
[23.792960] (px4) StdoutLine: {'line': b'[ 67%] \x1b[32mBuilding CXX object src/modules/ekf2/CMakeFiles/modules__ekf2.dir/EKF/ekf_helper.cpp.o\x1b[0m\n'}
[23.822597] (px4) StdoutLine: {'line': b'[ 67%] Built target drivers__osd__msp_osd\n'}
[23.840365] (px4) StdoutLine: {'line': b'[ 67%] \x1b[32mBuilding CXX object src/modules/commander/CMakeFiles/modules__commander.dir/esc_calibration.cpp.o\x1b[0m\n'}
[23.840629] (px4) StdoutLine: {'line': b'[ 67%] \x1b[32mBuilding CXX object src/modules/fw_att_control/CMakeFiles/modules__fw_att_control.dir/FixedwingAttitudeControl.cpp.o\x1b[0m\n'}
[23.846759] (px4) StdoutLine: {'line': b'[ 67%] \x1b[32mBuilding CXX object src/modules/flight_mode_manager/tasks/Transition/CMakeFiles/FlightTaskTransition.dir/FlightTaskTransition.cpp.o\x1b[0m\n'}
[23.864150] (-) TimerEvent: {}
[23.874564] (px4) StdoutLine: {'line': b'[ 67%] \x1b[32mBuilding CXX object src/modules/fw_autotune_attitude_control/CMakeFiles/fw_autotune_attitude_control.dir/fw_autotune_attitude_control.cpp.o\x1b[0m\n'}
[23.882075] (px4) StdoutLine: {'line': b'[ 67%] \x1b[32mBuilding CXX object src/modules/commander/CMakeFiles/modules__commander.dir/factory_calibration_storage.cpp.o\x1b[0m\n'}
[23.888805] (px4) StdoutLine: {'line': b'[ 67%] \x1b[32mBuilding CXX object src/modules/commander/CMakeFiles/modules__commander.dir/gyro_calibration.cpp.o\x1b[0m\n'}
[23.898757] (px4) StdoutLine: {'line': b'[ 67%] \x1b[32mBuilding CXX object src/modules/fw_att_control/CMakeFiles/modules__fw_att_control.dir/fw_pitch_controller.cpp.o\x1b[0m\n'}
[23.902505] (px4) StdoutLine: {'line': b'[ 67%] \x1b[32mBuilding CXX object src/modules/ekf2/CMakeFiles/modules__ekf2.dir/EKF/estimator_interface.cpp.o\x1b[0m\n'}
[23.910248] (px4) StdoutLine: {'line': b'[ 67%] \x1b[32mBuilding CXX object src/modules/ekf2/CMakeFiles/modules__ekf2.dir/EKF/height_control.cpp.o\x1b[0m\n'}
[23.928810] (px4) StdoutLine: {'line': b'[ 67%] \x1b[32mBuilding CXX object src/modules/events/CMakeFiles/modules__events.dir/status_display.cpp.o\x1b[0m\n'}
[23.958489] (px4) StdoutLine: {'line': b'[ 67%] \x1b[32m\x1b[1mLinking CXX static library libVehicleActuatorEffectiveness.a\x1b[0m\n'}
[23.962111] (px4) StdoutLine: {'line': b'[ 69%] \x1b[32mBuilding CXX object src/modules/fw_lateral_longitudinal_control/CMakeFiles/modules__fw_lateral_longitudinal_control.dir/FwLateralLongitudinalControl.cpp.o\x1b[0m\n'}
[23.964245] (-) TimerEvent: {}
[23.983565] (px4) StdoutLine: {'line': b'[ 69%] \x1b[32m\x1b[1mLinking CXX static library libmodules__dataman.a\x1b[0m\n'}
[23.998957] (px4) StdoutLine: {'line': b'[ 69%] \x1b[32mBuilding CXX object src/modules/fw_att_control/CMakeFiles/modules__fw_att_control.dir/fw_roll_controller.cpp.o\x1b[0m\n'}
[24.021364] (px4) StdoutLine: {'line': b'[ 69%] Built target VehicleActuatorEffectiveness\n'}
[24.031527] (px4) StdoutLine: {'line': b'[ 69%] \x1b[32mBuilding CXX object src/modules/ekf2/CMakeFiles/modules__ekf2.dir/EKF/velocity_fusion.cpp.o\x1b[0m\n'}
[24.039890] (px4) StdoutLine: {'line': b'[ 69%] Built target modules__dataman\n'}
[24.049330] (px4) StdoutLine: {'line': b'[ 69%] \x1b[32mBuilding CXX object src/modules/fw_att_control/CMakeFiles/modules__fw_att_control.dir/fw_wheel_controller.cpp.o\x1b[0m\n'}
[24.055558] (px4) StdoutLine: {'line': b'[ 69%] \x1b[32m\x1b[1mLinking CXX static library libmodules__camera_feedback.a\x1b[0m\n'}
[24.055759] (px4) StdoutLine: {'line': b'[ 69%] \x1b[32m\x1b[1mLinking CXX static library libdriver__septentrio.a\x1b[0m\n'}
[24.058662] (px4) StdoutLine: {'line': b'[ 69%] \x1b[32mBuilding CXX object src/modules/commander/CMakeFiles/modules__commander.dir/HomePosition.cpp.o\x1b[0m\n'}
[24.061806] (px4) StdoutLine: {'line': b'[ 69%] \x1b[32mBuilding CXX object src/modules/commander/CMakeFiles/modules__commander.dir/ModeManagement.cpp.o\x1b[0m\n'}
[24.064371] (-) TimerEvent: {}
[24.090916] (px4) StdoutLine: {'line': b'[ 69%] \x1b[32mBuilding CXX object src/modules/fw_att_control/CMakeFiles/modules__fw_att_control.dir/fw_yaw_controller.cpp.o\x1b[0m\n'}
[24.092939] (px4) StdoutLine: {'line': b'[ 69%] \x1b[32mBuilding CXX object src/modules/fw_mode_manager/CMakeFiles/modules__fw_mode_manager.dir/FixedWingModeManager.cpp.o\x1b[0m\n'}
[24.093385] (px4) StdoutLine: {'line': b'[ 69%] \x1b[32mBuilding CXX object src/modules/ekf2/CMakeFiles/modules__ekf2.dir/EKF/position_fusion.cpp.o\x1b[0m\n'}
[24.102771] (px4) StdoutLine: {'line': b'[ 69%] Built target driver__septentrio\n'}
[24.114027] (px4) StdoutLine: {'line': b'[ 69%] \x1b[32mBuilding CXX object src/modules/commander/CMakeFiles/modules__commander.dir/level_calibration.cpp.o\x1b[0m\n'}
[24.132591] (px4) StdoutLine: {'line': b'[ 69%] Built target modules__camera_feedback\n'}
[24.147498] (px4) StdoutLine: {'line': b'[ 69%] \x1b[32mBuilding CXX object src/modules/fw_rate_control/CMakeFiles/modules__fw_rate_control.dir/FixedwingRateControl.cpp.o\x1b[0m\n'}
[24.160123] (px4) StdoutLine: {'line': b'[ 69%] \x1b[32mBuilding CXX object src/modules/gyro_calibration/CMakeFiles/modules__gyro_calibration.dir/GyroCalibration.cpp.o\x1b[0m\n'}
[24.164479] (-) TimerEvent: {}
[24.167557] (px4) StdoutLine: {'line': b'[ 69%] \x1b[32m\x1b[1mLinking CXX static library libFlightTaskDescend.a\x1b[0m\n'}
[24.167774] (px4) StdoutLine: {'line': b'[ 69%] \x1b[32m\x1b[1mLinking CXX static library libmodules__airspeed_selector.a\x1b[0m\n'}
[24.183293] (px4) StdoutLine: {'line': b'[ 69%] \x1b[32mBuilding CXX object src/modules/gimbal/CMakeFiles/drivers__gimbal.dir/input.cpp.o\x1b[0m\n'}
[24.198013] (px4) StdoutLine: {'line': b'[ 69%] \x1b[32m\x1b[1mLinking CXX static library libmodules__events.a\x1b[0m\n'}
[24.224921] (px4) StdoutLine: {'line': b'[ 69%] Built target FlightTaskDescend\n'}
[24.248622] (px4) StdoutLine: {'line': b'[ 69%] \x1b[32mBuilding CXX object src/modules/commander/CMakeFiles/modules__commander.dir/lm_fit.cpp.o\x1b[0m\n'}
[24.248876] (px4) StdoutLine: {'line': b'[ 69%] Built target modules__airspeed_selector\n'}
[24.265106] (-) TimerEvent: {}
[24.269415] (px4) StdoutLine: {'line': b'[ 69%] Built target modules__events\n'}
[24.281709] (px4) StdoutLine: {'line': b'[ 69%] \x1b[32mBuilding CXX object src/modules/ekf2/CMakeFiles/modules__ekf2.dir/EKF/yaw_fusion.cpp.o\x1b[0m\n'}
[24.287833] (px4) StdoutLine: {'line': b'[ 69%] \x1b[32mBuilding CXX object src/modules/commander/CMakeFiles/modules__commander.dir/mag_calibration.cpp.o\x1b[0m\n'}
[24.304079] (px4) StdoutLine: {'line': b'[ 69%] \x1b[32mBuilding CXX object src/modules/gyro_fft/CMakeFiles/modules__gyro_fft.dir/GyroFFT.cpp.o\x1b[0m\n'}
[24.308891] (px4) StdoutLine: {'line': b'[ 69%] \x1b[32mBuilding CXX object src/modules/gimbal/CMakeFiles/drivers__gimbal.dir/input_mavlink.cpp.o\x1b[0m\n'}
[24.330987] (px4) StdoutLine: {'line': b'[ 69%] \x1b[32mBuilding CXX object src/modules/commander/CMakeFiles/modules__commander.dir/rc_calibration.cpp.o\x1b[0m\n'}
[24.343565] (px4) StdoutLine: {'line': b'[ 69%] \x1b[32mBuilding C object src/modules/gyro_fft/CMakeFiles/modules__gyro_fft.dir/CMSIS_5/CMSIS/DSP/Source/BasicMathFunctions/arm_mult_q15.c.o\x1b[0m\n'}
[24.345558] (px4) StdoutLine: {'line': b'[ 69%] \x1b[32mBuilding CXX object src/modules/ekf2/CMakeFiles/modules__ekf2.dir/EKF/imu_down_sampler/imu_down_sampler.cpp.o\x1b[0m\n'}
[24.365340] (-) TimerEvent: {}
[24.404509] (px4) StdoutLine: {'line': b'[ 69%] \x1b[32m\x1b[1mLinking CXX static library libFlightTaskManualAltitude.a\x1b[0m\n'}
[24.459521] (px4) StdoutLine: {'line': b'[ 69%] \x1b[32mBuilding CXX object src/modules/fw_mode_manager/CMakeFiles/modules__fw_mode_manager.dir/ControllerConfigurationHandler.cpp.o\x1b[0m\n'}
[24.462604] (px4) StdoutLine: {'line': b'[ 69%] \x1b[32m\x1b[1mLinking CXX static library libFlightTaskTransition.a\x1b[0m\n'}
[24.465438] (-) TimerEvent: {}
[24.469881] (px4) StdoutLine: {'line': b'[ 69%] Built target FlightTaskManualAltitude\n'}
[24.487514] (px4) StdoutLine: {'line': b'[ 69%] \x1b[32m\x1b[1mLinking CXX static library libmodules__attitude_estimator_q.a\x1b[0m\n'}
[24.487790] (px4) StdoutLine: {'line': b'[ 69%] \x1b[32m\x1b[1mLinking CXX static library libdrivers__gps.a\x1b[0m\n'}
[24.487886] (px4) StdoutLine: {'line': b'[ 69%] \x1b[32mBuilding CXX object src/modules/gimbal/CMakeFiles/drivers__gimbal.dir/input_rc.cpp.o\x1b[0m\n'}
[24.494429] (px4) StdoutLine: {'line': b'[ 69%] \x1b[32mBuilding CXX object src/modules/land_detector/CMakeFiles/modules__land_detector.dir/land_detector_main.cpp.o\x1b[0m\n'}
[24.497778] (px4) StdoutLine: {'line': b'[ 69%] \x1b[32mBuilding CXX object src/modules/ekf2/CMakeFiles/modules__ekf2.dir/EKF/aid_sources/fake_height_control.cpp.o\x1b[0m\n'}
[24.540135] (px4) StdoutLine: {'line': b'[ 69%] Built target modules__attitude_estimator_q\n'}
[24.540371] (px4) StdoutLine: {'line': b'[ 69%] Built target FlightTaskTransition\n'}
[24.550605] (px4) StdoutLine: {'line': b'[ 69%] \x1b[32mBuilding CXX object src/modules/commander/CMakeFiles/modules__commander.dir/Safety.cpp.o\x1b[0m\n'}
[24.551590] (px4) StdoutLine: {'line': b'[ 69%] Built target drivers__gps\n'}
[24.555818] (px4) StdoutLine: {'line': b'[ 69%] \x1b[32mBuilding C object src/modules/gyro_fft/CMakeFiles/modules__gyro_fft.dir/CMSIS_5/CMSIS/DSP/Source/CommonTables/arm_common_tables.c.o\x1b[0m\n'}
[24.560911] (px4) StdoutLine: {'line': b'[ 69%] \x1b[32mBuilding CXX object src/modules/commander/CMakeFiles/modules__commander.dir/UserModeIntention.cpp.o\x1b[0m\n'}
[24.565525] (-) TimerEvent: {}
[24.568081] (px4) StdoutLine: {'line': b'[ 69%] \x1b[32mBuilding CXX object src/modules/gimbal/CMakeFiles/drivers__gimbal.dir/input_test.cpp.o\x1b[0m\n'}
[24.579087] (px4) StdoutLine: {'line': b'[ 69%] \x1b[32mBuilding CXX object src/modules/landing_target_estimator/CMakeFiles/modules__landing_target_estimator.dir/landing_target_estimator_main.cpp.o\x1b[0m\n'}
[24.584453] (px4) StdoutLine: {'line': b'[ 69%] \x1b[32mBuilding CXX object src/modules/load_mon/CMakeFiles/modules__load_mon.dir/LoadMon.cpp.o\x1b[0m\n'}
[24.665642] (-) TimerEvent: {}
[24.689665] (px4) StdoutLine: {'line': b'[ 71%] \x1b[32mBuilding CXX object src/modules/land_detector/CMakeFiles/modules__land_detector.dir/LandDetector.cpp.o\x1b[0m\n'}
[24.746264] (px4) StdoutLine: {'line': b'[ 71%] \x1b[32mBuilding CXX object src/modules/ekf2/CMakeFiles/modules__ekf2.dir/EKF/aid_sources/fake_pos_control.cpp.o\x1b[0m\n'}
[24.746563] (px4) StdoutLine: {'line': b'[ 71%] \x1b[32mBuilding CXX object src/modules/landing_target_estimator/CMakeFiles/modules__landing_target_estimator.dir/LandingTargetEstimator.cpp.o\x1b[0m\n'}
[24.765720] (px4) StdoutLine: {'line': b'[ 71%] \x1b[32mBuilding C object src/modules/gyro_fft/CMakeFiles/modules__gyro_fft.dir/CMSIS_5/CMSIS/DSP/Source/CommonTables/arm_const_structs.c.o\x1b[0m\n'}
[24.765979] (-) TimerEvent: {}
[24.772927] (px4) StdoutLine: {'line': b'[ 71%] \x1b[32mBuilding CXX object src/modules/commander/CMakeFiles/modules__commander.dir/worker_thread.cpp.o\x1b[0m\n'}
[24.787667] (px4) StdoutLine: {'line': b'[ 71%] \x1b[32mBuilding CXX object src/modules/local_position_estimator/CMakeFiles/modules__local_position_estimator.dir/BlockLocalPositionEstimator.cpp.o\x1b[0m\n'}
[24.802152] (px4) StdoutLine: {'line': b'[ 71%] \x1b[32mBuilding CXX object src/modules/gimbal/CMakeFiles/drivers__gimbal.dir/output.cpp.o\x1b[0m\n'}
[24.816135] (px4) StdoutLine: {'line': b'[ 71%] \x1b[32mBuilding CXX object src/modules/landing_target_estimator/CMakeFiles/modules__landing_target_estimator.dir/KalmanFilter.cpp.o\x1b[0m\n'}
[24.828489] (px4) StdoutLine: {'line': b'[ 71%] \x1b[32m\x1b[1mLinking CXX static library libmodules__fw_att_control.a\x1b[0m\n'}
[24.858460] (px4) StdoutLine: {'line': b'[ 71%] \x1b[32mBuilding CXX object src/modules/gimbal/CMakeFiles/drivers__gimbal.dir/output_mavlink.cpp.o\x1b[0m\n'}
[24.860051] (px4) StdoutLine: {'line': b'[ 71%] \x1b[32mBuilding CXX object src/modules/ekf2/CMakeFiles/modules__ekf2.dir/EKF/aid_sources/ZeroGyroUpdate.cpp.o\x1b[0m\n'}
[24.868521] (px4) StdoutLine: {'line': b'[ 71%] \x1b[32mBuilding CXX object src/modules/local_position_estimator/CMakeFiles/modules__local_position_estimator.dir/sensors/flow.cpp.o\x1b[0m\n'}
[24.868797] (-) TimerEvent: {}
[24.877586] (px4) StdoutLine: {'line': b'[ 71%] \x1b[32m\x1b[1mLinking CXX static library libFlightTaskAuto.a\x1b[0m\n'}
[24.889546] (px4) StdoutLine: {'line': b'[ 71%] \x1b[32mBuilding CXX object src/modules/local_position_estimator/CMakeFiles/modules__local_position_estimator.dir/sensors/lidar.cpp.o\x1b[0m\n'}
[24.890843] (px4) StdoutLine: {'line': b'[ 71%] \x1b[32mBuilding CXX object src/modules/logger/CMakeFiles/modules__logger.dir/logged_topics.cpp.o\x1b[0m\n'}
[24.891412] (px4) StdoutLine: {'line': b'[ 71%] Built target modules__fw_att_control\n'}
[24.930738] (px4) StdoutLine: {'line': b'[ 71%] \x1b[32mBuilding CXX object src/modules/mag_bias_estimator/CMakeFiles/modules__mag_bias_estimator.dir/MagBiasEstimator.cpp.o\x1b[0m\n'}
[24.941596] (px4) StdoutLine: {'line': b'[ 71%] Built target FlightTaskAuto\n'}
[24.955460] (px4) StdoutLine: {'line': b'[ 71%] \x1b[32mBuilding CXX object src/modules/logger/CMakeFiles/modules__logger.dir/logger.cpp.o\x1b[0m\n'}
[24.963488] (px4) StdoutLine: {'line': b'[ 71%] \x1b[32mBuilding C object src/modules/gyro_fft/CMakeFiles/modules__gyro_fft.dir/CMSIS_5/CMSIS/DSP/Source/SupportFunctions/arm_float_to_q15.c.o\x1b[0m\n'}
[24.968916] (-) TimerEvent: {}
[24.992060] (px4) StdoutLine: {'line': b'[ 71%] \x1b[32mBuilding CXX object src/modules/land_detector/CMakeFiles/modules__land_detector.dir/MulticopterLandDetector.cpp.o\x1b[0m\n'}
[24.998243] (px4) StdoutLine: {'line': b'[ 71%] \x1b[32mBuilding CXX object src/modules/land_detector/CMakeFiles/modules__land_detector.dir/FixedwingLandDetector.cpp.o\x1b[0m\n'}
[25.069041] (-) TimerEvent: {}
[25.069882] (px4) StdoutLine: {'line': b'[ 71%] \x1b[32mBuilding CXX object src/modules/gimbal/CMakeFiles/drivers__gimbal.dir/output_rc.cpp.o\x1b[0m\n'}
[25.073412] (px4) StdoutLine: {'line': b'[ 71%] \x1b[32mBuilding CXX object src/modules/ekf2/CMakeFiles/modules__ekf2.dir/EKF/aid_sources/ZeroVelocityUpdate.cpp.o\x1b[0m\n'}
[25.081593] (px4) StdoutLine: {'line': b'[ 71%] \x1b[32m\x1b[1mLinking CXX static library libmodules__gyro_calibration.a\x1b[0m\n'}
[25.137295] (px4) StdoutLine: {'line': b'[ 71%] \x1b[32m\x1b[1mLinking CXX static library libmodules__load_mon.a\x1b[0m\n'}
[25.143577] (px4) StdoutLine: {'line': b'[ 71%] Built target modules__gyro_calibration\n'}
[25.152244] (px4) StdoutLine: {'line': b'[ 71%] \x1b[32m\x1b[1mLinking CXX static library libmodules__landing_target_estimator.a\x1b[0m\n'}
[25.152788] (px4) StdoutLine: {'line': b'[ 71%] \x1b[32mBuilding CXX object src/modules/local_position_estimator/CMakeFiles/modules__local_position_estimator.dir/sensors/sonar.cpp.o\x1b[0m\n'}
[25.162986] (px4) StdoutLine: {'line': b'[ 71%] \x1b[32m\x1b[1mLinking CXX static library libfw_autotune_attitude_control.a\x1b[0m\n'}
[25.169142] (-) TimerEvent: {}
[25.176586] (px4) StdoutLine: {'line': b'[ 71%] \x1b[32mBuilding CXX object src/modules/ekf2/CMakeFiles/modules__ekf2.dir/EKF/aid_sources/zero_innovation_heading_update.cpp.o\x1b[0m\n'}
[25.185965] (px4) StdoutLine: {'line': b'[ 71%] Built target modules__load_mon\n'}
[25.199045] (px4) StdoutLine: {'line': b'[ 71%] \x1b[32mBuilding CXX object src/modules/land_detector/CMakeFiles/modules__land_detector.dir/VtolLandDetector.cpp.o\x1b[0m\n'}
[25.205915] (px4) StdoutLine: {'line': b'[ 71%] \x1b[32mBuilding C object src/modules/gyro_fft/CMakeFiles/modules__gyro_fft.dir/CMSIS_5/CMSIS/DSP/Source/TransformFunctions/arm_bitreversal2.c.o\x1b[0m\n'}
[25.210917] (px4) StdoutLine: {'line': b'[ 71%] Built target fw_autotune_attitude_control\n'}
[25.211250] (px4) StdoutLine: {'line': b'[ 71%] Built target modules__landing_target_estimator\n'}
[25.225057] (px4) StdoutLine: {'line': b'[ 71%] \x1b[32mBuilding CXX object src/modules/gimbal/CMakeFiles/drivers__gimbal.dir/gimbal.cpp.o\x1b[0m\n'}
[25.236594] (px4) StdoutLine: {'line': b'[ 71%] \x1b[32mBuilding CXX object src/modules/ekf2/CMakeFiles/modules__ekf2.dir/EKF/aid_sources/airspeed/airspeed_fusion.cpp.o\x1b[0m\n'}
[25.240311] (px4) StdoutLine: {'line': b'[ 71%] \x1b[32mBuilding CXX object src/modules/local_position_estimator/CMakeFiles/modules__local_position_estimator.dir/sensors/gps.cpp.o\x1b[0m\n'}
[25.241604] (px4) StdoutLine: {'line': b'[ 71%] \x1b[32mBuilding CXX object src/modules/logger/CMakeFiles/modules__logger.dir/log_writer.cpp.o\x1b[0m\n'}
[25.243296] (px4) StdoutLine: {'line': b'[ 71%] \x1b[32mBuilding CXX object src/modules/logger/CMakeFiles/modules__logger.dir/log_writer_file.cpp.o\x1b[0m\n'}
[25.255569] (px4) StdoutLine: {'line': b'[ 71%] \x1b[32m\x1b[1mLinking CXX static library libmodules__fw_rate_control.a\x1b[0m\n'}
[25.267349] (px4) StdoutLine: {'line': b'[ 71%] \x1b[32m\x1b[1mLinking CXX static library libmodules__fw_lateral_longitudinal_control.a\x1b[0m\n'}
[25.269236] (-) TimerEvent: {}
[25.284200] (px4) StdoutLine: {'line': b'[ 71%] \x1b[32mBuilding CXX object src/modules/logger/CMakeFiles/modules__logger.dir/log_writer_mavlink.cpp.o\x1b[0m\n'}
[25.304985] (px4) StdoutLine: {'line': b'[ 71%] \x1b[32mBuilding C object src/modules/gyro_fft/CMakeFiles/modules__gyro_fft.dir/CMSIS_5/CMSIS/DSP/Source/TransformFunctions/arm_cfft_q15.c.o\x1b[0m\n'}
[25.306492] (px4) StdoutLine: {'line': b'[ 71%] \x1b[32mBuilding C object src/modules/gyro_fft/CMakeFiles/modules__gyro_fft.dir/CMSIS_5/CMSIS/DSP/Source/TransformFunctions/arm_cfft_radix4_q15.c.o\x1b[0m\n'}
[25.313576] (px4) StdoutLine: {'line': b'[ 71%] \x1b[32mBuilding CXX object src/modules/logger/CMakeFiles/modules__logger.dir/util.cpp.o\x1b[0m\n'}
[25.315123] (px4) StdoutLine: {'line': b'[ 71%] Built target modules__fw_rate_control\n'}
[25.318997] (px4) StdoutLine: {'line': b'[ 71%] \x1b[32mBuilding CXX object src/modules/ekf2/CMakeFiles/modules__ekf2.dir/EKF/aid_sources/aux_global_position/aux_global_position.cpp.o\x1b[0m\n'}
[25.326542] (px4) StdoutLine: {'line': b'[ 71%] \x1b[32mBuilding CXX object src/modules/local_position_estimator/CMakeFiles/modules__local_position_estimator.dir/sensors/baro.cpp.o\x1b[0m\n'}
[25.327767] (px4) StdoutLine: {'line': b'[ 71%] Built target modules__fw_lateral_longitudinal_control\n'}
[25.335827] (px4) StdoutLine: {'line': b'[ 71%] \x1b[32mBuilding CXX object src/modules/land_detector/CMakeFiles/modules__land_detector.dir/RoverLandDetector.cpp.o\x1b[0m\n'}
[25.336858] (px4) StdoutLine: {'line': b'[ 71%] \x1b[32mBuilding C object src/modules/gyro_fft/CMakeFiles/modules__gyro_fft.dir/CMSIS_5/CMSIS/DSP/Source/TransformFunctions/arm_rfft_init_q15.c.o\x1b[0m\n'}
[25.337283] (px4) StdoutLine: {'line': b'[ 71%] \x1b[32mBuilding CXX object src/modules/local_position_estimator/CMakeFiles/modules__local_position_estimator.dir/sensors/vision.cpp.o\x1b[0m\n'}
[25.369358] (-) TimerEvent: {}
[25.375499] (px4) StdoutLine: {'line': b'[ 71%] \x1b[32mBuilding CXX object src/modules/land_detector/CMakeFiles/modules__land_detector.dir/AirshipLandDetector.cpp.o\x1b[0m\n'}
[25.404016] (px4) StdoutLine: {'line': b'[ 71%] \x1b[32mBuilding CXX object src/modules/ekf2/CMakeFiles/modules__ekf2.dir/EKF/aid_sources/auxvel/auxvel_fusion.cpp.o\x1b[0m\n'}
[25.416572] (px4) StdoutLine: {'line': b'[ 71%] \x1b[32mBuilding CXX object src/modules/ekf2/CMakeFiles/modules__ekf2.dir/EKF/aid_sources/barometer/baro_height_control.cpp.o\x1b[0m\n'}
[25.423924] (px4) StdoutLine: {'line': b'[ 71%] \x1b[32mBuilding CXX object src/modules/local_position_estimator/CMakeFiles/modules__local_position_estimator.dir/sensors/mocap.cpp.o\x1b[0m\n'}
[25.431991] (px4) StdoutLine: {'line': b'[ 71%] \x1b[32mBuilding CXX object src/modules/ekf2/CMakeFiles/modules__ekf2.dir/EKF/aid_sources/drag/drag_fusion.cpp.o\x1b[0m\n'}
[25.432220] (px4) StdoutLine: {'line': b'[ 71%] \x1b[32mBuilding CXX object src/modules/ekf2/CMakeFiles/modules__ekf2.dir/EKF/aid_sources/external_vision/ev_control.cpp.o\x1b[0m\n'}
[25.432353] (px4) StdoutLine: {'line': b'[ 73%] \x1b[32mBuilding CXX object src/modules/local_position_estimator/CMakeFiles/modules__local_position_estimator.dir/sensors/land.cpp.o\x1b[0m\n'}
[25.454125] (px4) StdoutLine: {'line': b'[ 73%] \x1b[32mBuilding CXX object src/modules/manual_control/CMakeFiles/modules__manual_control.dir/ManualControl.cpp.o\x1b[0m\n'}
[25.469466] (-) TimerEvent: {}
[25.494500] (px4) StdoutLine: {'line': b'[ 73%] \x1b[32mBuilding CXX object src/modules/manual_control/CMakeFiles/modules__manual_control.dir/ManualControlSelector.cpp.o\x1b[0m\n'}
[25.525340] (px4) StdoutLine: {'line': b'[ 73%] \x1b[32mBuilding CXX object src/modules/logger/CMakeFiles/modules__logger.dir/watchdog.cpp.o\x1b[0m\n'}
[25.559884] (px4) StdoutLine: {'line': b'[ 75%] \x1b[32mBuilding CXX object src/modules/ekf2/CMakeFiles/modules__ekf2.dir/EKF/aid_sources/external_vision/ev_height_control.cpp.o\x1b[0m\n'}
[25.569566] (-) TimerEvent: {}
[25.569827] (px4) StdoutLine: {'line': b'[ 75%] \x1b[32mBuilding CXX object src/modules/ekf2/CMakeFiles/modules__ekf2.dir/EKF/aid_sources/external_vision/ev_pos_control.cpp.o\x1b[0m\n'}
[25.608495] (px4) StdoutLine: {'line': b'[ 75%] \x1b[32mBuilding C object src/modules/gyro_fft/CMakeFiles/modules__gyro_fft.dir/CMSIS_5/CMSIS/DSP/Source/TransformFunctions/arm_rfft_q15.c.o\x1b[0m\n'}
[25.615903] (px4) StdoutLine: {'line': b'[ 75%] \x1b[32mBuilding C object src/modules/mavlink/CMakeFiles/modules__mavlink.dir/mavlink.c.o\x1b[0m\n'}
[25.634500] (px4) StdoutLine: {'line': b'[ 75%] \x1b[32mBuilding CXX object src/modules/ekf2/CMakeFiles/modules__ekf2.dir/EKF/aid_sources/external_vision/ev_vel_control.cpp.o\x1b[0m\n'}
[25.641472] (px4) StdoutLine: {'line': b'[ 75%] \x1b[32m\x1b[1mLinking CXX static library libmodules__mag_bias_estimator.a\x1b[0m\n'}
[25.669336] (px4) StdoutLine: {'line': b'[ 75%] \x1b[32mBuilding CXX object src/modules/local_position_estimator/CMakeFiles/modules__local_position_estimator.dir/sensors/landing_target.cpp.o\x1b[0m\n'}
[25.669590] (-) TimerEvent: {}
[25.683121] (px4) StdoutLine: {'line': b'[ 75%] \x1b[32mBuilding CXX object src/modules/ekf2/CMakeFiles/modules__ekf2.dir/EKF/aid_sources/external_vision/ev_yaw_control.cpp.o\x1b[0m\n'}
[25.689495] (px4) StdoutLine: {'line': b'[ 75%] \x1b[32mBuilding CXX object src/modules/mavlink/CMakeFiles/modules__mavlink.dir/mavlink_command_sender.cpp.o\x1b[0m\n'}
[25.689918] (px4) StdoutLine: {'line': b'[ 75%] Built target modules__mag_bias_estimator\n'}
[25.691108] (px4) StdoutLine: {'line': b'[ 76%] \x1b[32mBuilding CXX object src/modules/mavlink/CMakeFiles/modules__mavlink.dir/mavlink_events.cpp.o\x1b[0m\n'}
[25.701672] (px4) StdoutLine: {'line': b'[ 78%] \x1b[32m\x1b[1mLinking CXX static library libdrivers__gimbal.a\x1b[0m\n'}
[25.702682] (px4) StdoutLine: {'line': b'[ 78%] \x1b[32mBuilding CXX object src/modules/ekf2/CMakeFiles/modules__ekf2.dir/EKF/aid_sources/gnss/gnss_checks.cpp.o\x1b[0m\n'}
[25.713174] (px4) StdoutLine: {'line': b'[ 78%] \x1b[32mBuilding CXX object src/modules/ekf2/CMakeFiles/modules__ekf2.dir/EKF/aid_sources/gnss/gnss_height_control.cpp.o\x1b[0m\n'}
[25.721638] (px4) StdoutLine: {'line': b'[ 78%] \x1b[32mBuilding CXX object src/modules/mc_att_control/CMakeFiles/modules__mc_att_control.dir/mc_att_control_main.cpp.o\x1b[0m\n'}
[25.727667] (px4) StdoutLine: {'line': b'[ 78%] \x1b[32m\x1b[1mLinking CXX static library libmodules__land_detector.a\x1b[0m\n'}
[25.745587] (px4) StdoutLine: {'line': b'[ 78%] \x1b[32m\x1b[1mLinking CXX static library libmodules__gyro_fft.a\x1b[0m\n'}
[25.764607] (px4) StdoutLine: {'line': b'[ 78%] Built target drivers__gimbal\n'}
[25.765563] (px4) StdoutLine: {'line': b'[ 78%] \x1b[32mBuilding CXX object src/modules/mavlink/CMakeFiles/modules__mavlink.dir/mavlink_ftp.cpp.o\x1b[0m\n'}
[25.772523] (-) TimerEvent: {}
[25.782615] (px4) StdoutLine: {'line': b'[ 78%] Built target modules__land_detector\n'}
[25.791598] (px4) StdoutLine: {'line': b'[ 78%] \x1b[32mBuilding CXX object src/modules/ekf2/CMakeFiles/modules__ekf2.dir/EKF/aid_sources/gnss/gps_control.cpp.o\x1b[0m\n'}
[25.796347] (px4) StdoutLine: {'line': b'[ 78%] Built target modules__gyro_fft\n'}
[25.808828] (px4) StdoutLine: {'line': b'[ 78%] \x1b[32mBuilding CXX object src/modules/mc_autotune_attitude_control/CMakeFiles/mc_autotune_attitude_control.dir/mc_autotune_attitude_control.cpp.o\x1b[0m\n'}
[25.812574] (px4) StdoutLine: {'line': b'[ 78%] \x1b[32mBuilding CXX object src/modules/mavlink/CMakeFiles/modules__mavlink.dir/mavlink_log_handler.cpp.o\x1b[0m\n'}
[25.834933] (px4) StdoutLine: {'line': b'[ 78%] \x1b[32mBuilding CXX object src/modules/ekf2/CMakeFiles/modules__ekf2.dir/EKF/aid_sources/gnss/gnss_yaw_control.cpp.o\x1b[0m\n'}
[25.839210] (px4) StdoutLine: {'line': b'[ 78%] \x1b[32mBuilding CXX object src/modules/mavlink/CMakeFiles/modules__mavlink.dir/mavlink_main.cpp.o\x1b[0m\n'}
[25.841405] (px4) StdoutLine: {'line': b'[ 78%] \x1b[32mBuilding CXX object src/modules/ekf2/CMakeFiles/modules__ekf2.dir/EKF/aid_sources/gravity/gravity_fusion.cpp.o\x1b[0m\n'}
[25.851166] (px4) StdoutLine: {'line': b'[ 78%] \x1b[32m\x1b[1mLinking CXX static library libmodules__commander.a\x1b[0m\n'}
[25.875524] (-) TimerEvent: {}
[25.891804] (px4) StdoutLine: {'line': b'[ 78%] \x1b[32mBuilding CXX object src/modules/mc_hover_thrust_estimator/CMakeFiles/modules__mc_hover_thrust_estimator.dir/MulticopterHoverThrustEstimator.cpp.o\x1b[0m\n'}
[25.914593] (px4) StdoutLine: {'line': b'[ 78%] Built target modules__commander\n'}
[25.925194] (px4) StdoutLine: {'line': b'[ 78%] \x1b[32mBuilding CXX object src/modules/mavlink/CMakeFiles/modules__mavlink.dir/mavlink_messages.cpp.o\x1b[0m\n'}
[25.959403] (px4) StdoutLine: {'line': b'[ 78%] \x1b[32mBuilding CXX object src/modules/ekf2/CMakeFiles/modules__ekf2.dir/EKF/aid_sources/magnetometer/mag_control.cpp.o\x1b[0m\n'}
[25.975642] (-) TimerEvent: {}
[26.060327] (px4) StdoutLine: {'line': b'[ 78%] \x1b[32mBuilding CXX object src/modules/mc_pos_control/CMakeFiles/modules__mc_pos_control.dir/MulticopterPositionControl.cpp.o\x1b[0m\n'}
[26.069509] (px4) StdoutLine: {'line': b'[ 78%] \x1b[32mBuilding CXX object src/modules/mavlink/CMakeFiles/modules__mavlink.dir/mavlink_mission.cpp.o\x1b[0m\n'}
[26.075757] (-) TimerEvent: {}
[26.081510] (px4) StdoutLine: {'line': b'[ 78%] \x1b[32mBuilding CXX object src/modules/mc_rate_control/CMakeFiles/modules__mc_rate_control.dir/MulticopterRateControl.cpp.o\x1b[0m\n'}
[26.120581] (px4) StdoutLine: {'line': b'[ 78%] \x1b[32mBuilding CXX object src/modules/navigator/MissionFeasibility/CMakeFiles/mission_feasibility_checker.dir/FeasibilityChecker.cpp.o\x1b[0m\n'}
[26.175876] (-) TimerEvent: {}
[26.179586] (px4) StdoutLine: {'line': b'[ 78%] \x1b[32mBuilding CXX object src/modules/ekf2/CMakeFiles/modules__ekf2.dir/EKF/aid_sources/magnetometer/mag_fusion.cpp.o\x1b[0m\n'}
[26.193605] (px4) StdoutLine: {'line': b'[ 78%] \x1b[32mBuilding CXX object src/modules/mavlink/CMakeFiles/modules__mavlink.dir/mavlink_parameters.cpp.o\x1b[0m\n'}
[26.234221] (px4) StdoutLine: {'line': b'[ 78%] \x1b[32mBuilding CXX object src/modules/payload_deliverer/CMakeFiles/modules__payload_deliverer.dir/payload_deliverer.cpp.o\x1b[0m\n'}
[26.243983] (px4) StdoutLine: {'line': b'[ 78%] \x1b[32m\x1b[1mLinking CXX static library libmodules__manual_control.a\x1b[0m\n'}
[26.257989] (px4) StdoutLine: {'line': b'[ 78%] \x1b[32mBuilding CXX object src/modules/ekf2/CMakeFiles/modules__ekf2.dir/EKF/aid_sources/optical_flow/optical_flow_control.cpp.o\x1b[0m\n'}
[26.271425] (px4) StdoutLine: {'line': b'[ 78%] \x1b[32mBuilding CXX object src/modules/ekf2/CMakeFiles/modules__ekf2.dir/EKF/aid_sources/optical_flow/optical_flow_fusion.cpp.o\x1b[0m\n'}
[26.275990] (-) TimerEvent: {}
[26.324576] (px4) StdoutLine: {'line': b'[ 78%] Built target modules__manual_control\n'}
[26.346577] (px4) StdoutLine: {'line': b'[ 78%] \x1b[32mBuilding CXX object src/modules/mavlink/CMakeFiles/modules__mavlink.dir/mavlink_rate_limiter.cpp.o\x1b[0m\n'}
[26.376100] (-) TimerEvent: {}
[26.386565] (px4) StdoutLine: {'line': b'[ 78%] \x1b[32mBuilding CXX object src/modules/mavlink/CMakeFiles/modules__mavlink.dir/mavlink_receiver.cpp.o\x1b[0m\n'}
[26.410036] (px4) StdoutLine: {'line': b'[ 78%] \x1b[32mBuilding CXX object src/modules/payload_deliverer/CMakeFiles/modules__payload_deliverer.dir/gripper.cpp.o\x1b[0m\n'}
[26.424667] (px4) StdoutLine: {'line': b'[ 78%] \x1b[32mBuilding CXX object src/modules/rc_update/CMakeFiles/modules__rc_update.dir/rc_update.cpp.o\x1b[0m\n'}
[26.430578] (px4) StdoutLine: {'line': b'[ 78%] \x1b[32mBuilding CXX object src/modules/replay/CMakeFiles/modules__replay.dir/replay_main.cpp.o\x1b[0m\n'}
[26.446570] (px4) StdoutLine: {'line': b'[ 78%] \x1b[32m\x1b[1mLinking CXX static library libmodules__logger.a\x1b[0m\n'}
[26.476220] (-) TimerEvent: {}
[26.478585] (px4) StdoutLine: {'line': b'[ 78%] \x1b[32mBuilding CXX object src/modules/mavlink/CMakeFiles/modules__mavlink.dir/mavlink_shell.cpp.o\x1b[0m\n'}
[26.485180] (px4) StdoutLine: {'line': b'[ 78%] \x1b[32mBuilding CXX object src/modules/mavlink/CMakeFiles/modules__mavlink.dir/mavlink_simple_analyzer.cpp.o\x1b[0m\n'}
[26.499882] (px4) StdoutLine: {'line': b'[ 80%] \x1b[32m\x1b[1mLinking CXX static library libmodules__mc_hover_thrust_estimator.a\x1b[0m\n'}
[26.500127] (px4) StdoutLine: {'line': b'[ 80%] \x1b[32mBuilding CXX object src/modules/mavlink/CMakeFiles/modules__mavlink.dir/mavlink_stream.cpp.o\x1b[0m\n'}
[26.508564] (px4) StdoutLine: {'line': b'[ 80%] Built target modules__logger\n'}
[26.522505] (px4) StdoutLine: {'line': b'[ 80%] \x1b[32mBuilding CXX object src/modules/replay/CMakeFiles/modules__replay.dir/Replay.cpp.o\x1b[0m\n'}
[26.539503] (px4) StdoutLine: {'line': b'[ 80%] Built target modules__mc_hover_thrust_estimator\n'}
[26.572570] (px4) StdoutLine: {'line': b'[ 80%] \x1b[32mBuilding CXX object src/modules/rover_differential/CMakeFiles/modules__rover_differential.dir/RoverDifferential.cpp.o\x1b[0m\n'}
[26.573544] (px4) StdoutLine: {'line': b'[ 80%] \x1b[32mBuilding CXX object src/modules/rover_ackermann/CMakeFiles/modules__rover_ackermann.dir/RoverAckermann.cpp.o\x1b[0m\n'}
[26.576506] (-) TimerEvent: {}
[26.615328] (px4) StdoutLine: {'line': b'[ 80%] \x1b[32mBuilding CXX object src/modules/mavlink/CMakeFiles/modules__mavlink.dir/mavlink_timesync.cpp.o\x1b[0m\n'}
[26.676636] (-) TimerEvent: {}
[26.705593] (px4) StdoutLine: {'line': b'[ 80%] \x1b[32mBuilding CXX object src/modules/ekf2/CMakeFiles/modules__ekf2.dir/EKF/aid_sources/range_finder/range_finder_consistency_check.cpp.o\x1b[0m\n'}
[26.776747] (-) TimerEvent: {}
[26.782143] (px4) StdoutLine: {'line': b'[ 80%] \x1b[32m\x1b[1mLinking CXX static library libmission_feasibility_checker.a\x1b[0m\n'}
[26.803601] (px4) StdoutLine: {'line': b'[ 80%] \x1b[32mBuilding CXX object src/modules/replay/CMakeFiles/modules__replay.dir/ReplayEkf2.cpp.o\x1b[0m\n'}
[26.815521] (px4) StdoutLine: {'line': b'[ 80%] \x1b[32mBuilding CXX object src/modules/rover_mecanum/CMakeFiles/modules__rover_mecanum.dir/RoverMecanum.cpp.o\x1b[0m\n'}
[26.836248] (px4) StdoutLine: {'line': b'[ 80%] Built target mission_feasibility_checker\n'}
[26.849222] (px4) StdoutLine: {'line': b'[ 80%] \x1b[32mBuilding CXX object src/modules/mavlink/CMakeFiles/modules__mavlink.dir/mavlink_ulog.cpp.o\x1b[0m\n'}
[26.861419] (px4) StdoutLine: {'line': b'[ 80%] \x1b[32mBuilding CXX object src/modules/ekf2/CMakeFiles/modules__ekf2.dir/EKF/aid_sources/range_finder/range_height_control.cpp.o\x1b[0m\n'}
[26.876420] (px4) StdoutLine: {'line': b'[ 80%] \x1b[32m\x1b[1mLinking CXX static library libmodules__payload_deliverer.a\x1b[0m\n'}
[26.876810] (-) TimerEvent: {}
[26.894342] (px4) StdoutLine: {'line': b'[ 80%] \x1b[32m\x1b[1mLinking CXX static library libmc_autotune_attitude_control.a\x1b[0m\n'}
[26.906230] (px4) StdoutLine: {'line': b'[ 80%] \x1b[32m\x1b[1mLinking CXX static library libmodules__mc_att_control.a\x1b[0m\n'}
[26.914182] (px4) StdoutLine: {'line': b'[ 80%] \x1b[32mBuilding CXX object src/modules/mavlink/CMakeFiles/modules__mavlink.dir/MavlinkStatustextHandler.cpp.o\x1b[0m\n'}
[26.915905] (px4) StdoutLine: {'line': b'[ 80%] \x1b[32m\x1b[1mLinking CXX static library libmodules__mc_rate_control.a\x1b[0m\n'}
[26.917746] (px4) StdoutLine: {'line': b'[ 80%] \x1b[32m\x1b[1mLinking CXX static library libmodules__fw_mode_manager.a\x1b[0m\n'}
[26.929087] (px4) StdoutLine: {'line': b'[ 80%] \x1b[32mBuilding CXX object src/modules/ekf2/CMakeFiles/modules__ekf2.dir/EKF/aid_sources/range_finder/range_height_fusion.cpp.o\x1b[0m\n'}
[26.931548] (px4) StdoutLine: {'line': b'[ 80%] Built target modules__payload_deliverer\n'}
[26.936052] (px4) StdoutLine: {'line': b'[ 80%] Built target mc_autotune_attitude_control\n'}
[26.946216] (px4) StdoutLine: {'line': b'[ 80%] \x1b[32mBuilding CXX object src/modules/mavlink/CMakeFiles/modules__mavlink.dir/open_drone_id_translations.cpp.o\x1b[0m\n'}
[26.948056] (px4) StdoutLine: {'line': b'[ 80%] \x1b[32mBuilding CXX object src/modules/mavlink/CMakeFiles/modules__mavlink.dir/tune_publisher.cpp.o\x1b[0m\n'}
[26.963502] (px4) StdoutLine: {'line': b'[ 80%] Built target modules__mc_att_control\n'}
[26.963698] (px4) StdoutLine: {'line': b'[ 80%] Built target modules__mc_rate_control\n'}
[26.968049] (px4) StdoutLine: {'line': b'[ 80%] Built target modules__fw_mode_manager\n'}
[26.976934] (-) TimerEvent: {}
[26.981687] (px4) StdoutLine: {'line': b'[ 80%] \x1b[32mBuilding CXX object src/modules/ekf2/CMakeFiles/modules__ekf2.dir/EKF/aid_sources/range_finder/sensor_range_finder.cpp.o\x1b[0m\n'}
[26.990433] (px4) StdoutLine: {'line': b'[ 80%] \x1b[32mBuilding CXX object src/modules/sensors/vehicle_acceleration/CMakeFiles/vehicle_acceleration.dir/VehicleAcceleration.cpp.o\x1b[0m\n'}
[26.994646] (px4) StdoutLine: {'line': b'[ 80%] \x1b[32mBuilding CXX object src/modules/sensors/vehicle_imu/CMakeFiles/vehicle_imu.dir/VehicleIMU.cpp.o\x1b[0m\n'}
[27.027154] (px4) StdoutLine: {'line': b'[ 82%] \x1b[32mBuilding CXX object src/modules/sensors/vehicle_angular_velocity/CMakeFiles/vehicle_angular_velocity.dir/VehicleAngularVelocity.cpp.o\x1b[0m\n'}
[27.038345] (px4) StdoutLine: {'line': b'[ 82%] \x1b[32mBuilding CXX object src/modules/sensors/vehicle_air_data/CMakeFiles/vehicle_air_data.dir/VehicleAirData.cpp.o\x1b[0m\n'}
[27.077039] (-) TimerEvent: {}
[27.087798] (px4) StdoutLine: {'line': b'[ 82%] \x1b[32mBuilding CXX object src/modules/sensors/vehicle_magnetometer/CMakeFiles/vehicle_magnetometer.dir/VehicleMagnetometer.cpp.o\x1b[0m\n'}
[27.122875] (px4) StdoutLine: {'line': b'[ 82%] \x1b[32mBuilding CXX object src/modules/simulation/battery_simulator/CMakeFiles/modules__simulation__battery_simulator.dir/BatterySimulator.cpp.o\x1b[0m\n'}
[27.177143] (-) TimerEvent: {}
[27.277429] (-) TimerEvent: {}
[27.284287] (px4) StdoutLine: {'line': b'[ 82%] \x1b[32mBuilding CXX object src/modules/ekf2/CMakeFiles/modules__ekf2.dir/EKF/aid_sources/sideslip/sideslip_fusion.cpp.o\x1b[0m\n'}
[27.293243] (px4) StdoutLine: {'line': b'[ 82%] \x1b[32mBuilding CXX object src/modules/ekf2/CMakeFiles/modules__ekf2.dir/EKF/terrain_control.cpp.o\x1b[0m\n'}
[27.293825] (px4) StdoutLine: {'line': b'[ 82%] \x1b[32m\x1b[1mLinking CXX static library libmodules__rover_differential.a\x1b[0m\n'}
[27.363353] (px4) StdoutLine: {'line': b'[ 82%] Built target modules__rover_differential\n'}
[27.376568] (px4) StdoutLine: {'line': b'[ 82%] \x1b[32mBuilding CXX object src/modules/simulation/gz_bridge/CMakeFiles/modules__simulation__gz_bridge.dir/GZBridge.cpp.o\x1b[0m\n'}
[27.377492] (-) TimerEvent: {}
[27.388621] (px4) StdoutLine: {'line': b'[ 82%] \x1b[32m\x1b[1mLinking CXX static library libmodules__rover_ackermann.a\x1b[0m\n'}
[27.398225] (px4) StdoutLine: {'line': b'[ 82%] \x1b[32mBuilding CXX object src/modules/simulation/pwm_out_sim/CMakeFiles/modules__simulation__pwm_out_sim.dir/PWMSim.cpp.o\x1b[0m\n'}
[27.417606] (px4) StdoutLine: {'line': b'[ 82%] \x1b[32m\x1b[1mLinking CXX static library libmodules__local_position_estimator.a\x1b[0m\n'}
[27.424794] (px4) StdoutLine: {'line': b'[ 82%] \x1b[32m\x1b[1mLinking CXX static library libmodules__rc_update.a\x1b[0m\n'}
[27.434883] (px4) StdoutLine: {'line': b'[ 82%] Built target modules__rover_ackermann\n'}
[27.440015] (px4) StdoutLine: {'line': b'[ 82%] \x1b[32mBuilding CXX object src/modules/ekf2/CMakeFiles/modules__ekf2.dir/EKF/wind.cpp.o\x1b[0m\n'}
[27.451577] (px4) StdoutLine: {'line': b'[ 82%] \x1b[32mBuilding CXX object src/modules/ekf2/CMakeFiles/modules__ekf2.dir/EKF2.cpp.o\x1b[0m\n'}
[27.462557] (px4) StdoutLine: {'line': b'[ 82%] \x1b[32mBuilding CXX object src/modules/simulation/sensor_agp_sim/CMakeFiles/modules__simulation__sensor_agp_sim.dir/SensorAgpSim.cpp.o\x1b[0m\n'}
[27.470035] (px4) StdoutLine: {'line': b'[ 82%] Built target modules__rc_update\n'}
[27.474441] (px4) StdoutLine: {'line': b'[ 82%] Built target modules__local_position_estimator\n'}
[27.477604] (-) TimerEvent: {}
[27.482911] (px4) StdoutLine: {'line': b'[ 82%] \x1b[32mBuilding CXX object src/modules/simulation/gz_bridge/CMakeFiles/modules__simulation__gz_bridge.dir/GZMixingInterfaceESC.cpp.o\x1b[0m\n'}
[27.507578] (px4) StdoutLine: {'line': b'[ 83%] \x1b[32mBuilding CXX object src/modules/ekf2/CMakeFiles/modules__ekf2.dir/EKF2Selector.cpp.o\x1b[0m\n'}
[27.532548] (px4) StdoutLine: {'line': b'[ 83%] \x1b[32mBuilding CXX object src/modules/simulation/sensor_airspeed_sim/CMakeFiles/modules__simulation__sensor_airspeed_sim.dir/SensorAirspeedSim.cpp.o\x1b[0m\n'}
[27.533583] (px4) StdoutLine: {'line': b'[ 83%] \x1b[32m\x1b[1mLinking CXX static library libmodules__mc_pos_control.a\x1b[0m\n'}
[27.557553] (px4) StdoutLine: {'line': b'[ 83%] \x1b[32mBuilding CXX object src/modules/simulation/gz_bridge/CMakeFiles/modules__simulation__gz_bridge.dir/GZMixingInterfaceServo.cpp.o\x1b[0m\n'}
[27.577704] (-) TimerEvent: {}
[27.594989] (px4) StdoutLine: {'line': b'[ 83%] Built target modules__mc_pos_control\n'}
[27.615185] (px4) StdoutLine: {'line': b'[ 85%] \x1b[32m\x1b[1mLinking CXX static library libmodules__simulation__battery_simulator.a\x1b[0m\n'}
[27.630547] (px4) StdoutLine: {'line': b'[ 85%] \x1b[32mBuilding CXX object src/modules/simulation/sensor_baro_sim/CMakeFiles/modules__simulation__sensor_baro_sim.dir/SensorBaroSim.cpp.o\x1b[0m\n'}
[27.646006] (px4) StdoutLine: {'line': b'[ 85%] \x1b[32m\x1b[1mLinking CXX static library libmodules__rover_mecanum.a\x1b[0m\n'}
[27.667345] (px4) StdoutLine: {'line': b'[ 85%] Built target modules__simulation__battery_simulator\n'}
[27.677550] (px4) StdoutLine: {'line': b'[ 85%] \x1b[32mBuilding CXX object src/modules/simulation/gz_bridge/CMakeFiles/modules__simulation__gz_bridge.dir/GZMixingInterfaceWheel.cpp.o\x1b[0m\n'}
[27.677797] (-) TimerEvent: {}
[27.690845] (px4) StdoutLine: {'line': b'[ 85%] \x1b[32mBuilding CXX object src/modules/simulation/gz_bridge/CMakeFiles/modules__simulation__gz_bridge.dir/GZGimbal.cpp.o\x1b[0m\n'}
[27.704538] (px4) StdoutLine: {'line': b'[ 85%] Built target modules__rover_mecanum\n'}
[27.737556] (px4) StdoutLine: {'line': b'[ 85%] \x1b[32m\x1b[1mLinking CXX static library libvehicle_acceleration.a\x1b[0m\n'}
[27.753878] (px4) StdoutLine: {'line': b'[ 85%] \x1b[32mBuilding CXX object src/modules/simulation/sensor_gps_sim/CMakeFiles/modules__simulation__sensor_gps_sim.dir/SensorGpsSim.cpp.o\x1b[0m\n'}
[27.778521] (-) TimerEvent: {}
[27.799607] (px4) StdoutLine: {'line': b'[ 85%] \x1b[32mBuilding CXX object src/modules/simulation/sensor_mag_sim/CMakeFiles/modules__simulation__senosr_mag_sim.dir/SensorMagSim.cpp.o\x1b[0m\n'}
[27.815361] (px4) StdoutLine: {'line': b'[ 85%] Built target vehicle_acceleration\n'}
[27.851500] (px4) StdoutLine: {'line': b'[ 85%] \x1b[32mBuilding CXX object src/modules/simulation/simulator_mavlink/CMakeFiles/modules__simulation__simulator_mavlink.dir/SimulatorMavlink.cpp.o\x1b[0m\n'}
[27.864507] (px4) StdoutLine: {'line': b'[ 85%] \x1b[32mBuilding CXX object src/modules/simulation/simulator_sih/CMakeFiles/modules__simulation__simulator_sih.dir/sih.cpp.o\x1b[0m\n'}
[27.874314] (px4) StdoutLine: {'line': b'[ 85%] \x1b[32m\x1b[1mLinking CXX static library libmodules__simulation__pwm_out_sim.a\x1b[0m\n'}
[27.878624] (-) TimerEvent: {}
[27.899982] (px4) StdoutLine: {'line': b'[ 85%] \x1b[32mBuilding CXX object src/modules/simulation/system_power_simulator/CMakeFiles/modules__simulation__system_power_simulator.dir/SystemPowerSimulator.cpp.o\x1b[0m\n'}
[27.919648] (px4) StdoutLine: {'line': b'[ 85%] \x1b[32mBuilding CXX object src/modules/temperature_compensation/CMakeFiles/modules__temperature_compensation.dir/TemperatureCompensationModule.cpp.o\x1b[0m\n'}
[27.935480] (px4) StdoutLine: {'line': b'[ 85%] \x1b[32mBuilding CXX object src/modules/uuv_att_control/CMakeFiles/modules__uuv_att_control.dir/uuv_att_control.cpp.o\x1b[0m\n'}
[27.968543] (px4) StdoutLine: {'line': b'[ 85%] Built target modules__simulation__pwm_out_sim\n'}
[27.978732] (-) TimerEvent: {}
[27.991227] (px4) StdoutLine: {'line': b'[ 85%] \x1b[32m\x1b[1mLinking CXX static library libvehicle_air_data.a\x1b[0m\n'}
[27.993489] (px4) StdoutLine: {'line': b'[ 85%] \x1b[32m\x1b[1mLinking CXX static library libmodules__simulation__sensor_agp_sim.a\x1b[0m\n'}
[28.003856] (px4) StdoutLine: {'line': b'[ 85%] \x1b[32mBuilding CXX object src/modules/uuv_pos_control/CMakeFiles/modules__uuv_pos_control.dir/uuv_pos_control.cpp.o\x1b[0m\n'}
[28.036584] (px4) StdoutLine: {'line': b'[ 85%] Built target modules__simulation__sensor_agp_sim\n'}
[28.040249] (px4) StdoutLine: {'line': b'[ 85%] Built target vehicle_air_data\n'}
[28.045140] (px4) StdoutLine: {'line': b'[ 85%] \x1b[32mBuilding CXX object src/modules/temperature_compensation/CMakeFiles/modules__temperature_compensation.dir/TemperatureCompensation.cpp.o\x1b[0m\n'}
[28.054574] (px4) StdoutLine: {'line': b'[ 85%] \x1b[32mBuilding CXX object src/modules/temperature_compensation/CMakeFiles/modules__temperature_compensation.dir/temperature_calibration/accel.cpp.o\x1b[0m\n'}
[28.078838] (-) TimerEvent: {}
[28.157555] (px4) StdoutLine: {'line': b'[ 85%] \x1b[32m\x1b[1mLinking CXX shared library ../libGenericMotorModelPlugin.so\x1b[0m\n'}
[28.178946] (-) TimerEvent: {}
[28.207698] (px4) StdoutLine: {'line': b'[ 87%] \x1b[32mBuilding CXX object src/modules/uxrce_dds_client/CMakeFiles/modules__uxrce_dds_client.dir/uxrce_dds_client.cpp.o\x1b[0m\n'}
[28.220039] (px4) StdoutLine: {'line': b'[ 87%] \x1b[32m\x1b[1mLinking CXX static library libmodules__simulation__system_power_simulator.a\x1b[0m\n'}
[28.249381] (px4) StdoutLine: {'line': b'[ 87%] \x1b[32m\x1b[1mLinking CXX static library libmodules__simulation__sensor_baro_sim.a\x1b[0m\n'}
[28.263586] (px4) StdoutLine: {'line': b'[ 87%] Built target modules__simulation__system_power_simulator\n'}
[28.273688] (px4) StdoutLine: {'line': b'[ 87%] \x1b[32mBuilding CXX object src/modules/uxrce_dds_client/CMakeFiles/modules__uxrce_dds_client.dir/vehicle_command_srv.cpp.o\x1b[0m\n'}
[28.279056] (-) TimerEvent: {}
[28.305507] (px4) StdoutLine: {'line': b'[ 87%] \x1b[32m\x1b[1mLinking CXX static library libmodules__simulation__sensor_airspeed_sim.a\x1b[0m\n'}
[28.311313] (px4) StdoutLine: {'line': b'[ 87%] \x1b[32m\x1b[1mLinking CXX static library libmodules__simulation__sensor_gps_sim.a\x1b[0m\n'}
[28.321495] (px4) StdoutLine: {'line': b'[ 87%] Built target modules__simulation__sensor_baro_sim\n'}
[28.334504] (px4) StdoutLine: {'line': b'[ 87%] \x1b[32mBuilding CXX object src/modules/temperature_compensation/CMakeFiles/modules__temperature_compensation.dir/temperature_calibration/baro.cpp.o\x1b[0m\n'}
[28.358489] (px4) StdoutLine: {'line': b'[ 87%] \x1b[32mBuilding CXX object src/modules/temperature_compensation/CMakeFiles/modules__temperature_compensation.dir/temperature_calibration/gyro.cpp.o\x1b[0m\n'}
[28.358788] (px4) StdoutLine: {'line': b'[ 87%] Built target modules__simulation__sensor_gps_sim\n'}
[28.359516] (px4) StdoutLine: {'line': b'[ 87%] Built target modules__simulation__sensor_airspeed_sim\n'}
[28.374082] (px4) StdoutLine: {'line': b'[ 87%] \x1b[32mBuilding CXX object src/modules/uxrce_dds_client/CMakeFiles/modules__uxrce_dds_client.dir/srv_base.cpp.o\x1b[0m\n'}
[28.379521] (-) TimerEvent: {}
[28.388575] (px4) StdoutLine: {'line': b'[ 87%] \x1b[32mBuilding CXX object src/modules/vtol_att_control/CMakeFiles/modules__vtol_att_control.dir/vtol_att_control_main.cpp.o\x1b[0m\n'}
[28.388949] (px4) StdoutLine: {'line': b'[ 87%] Built target GenericMotorModelPlugin\n'}
[28.442491] (px4) StdoutLine: {'line': b'[ 87%] \x1b[32m\x1b[1mLinking CXX static library libvehicle_magnetometer.a\x1b[0m\n'}
[28.448502] (px4) StdoutLine: {'line': b'[ 87%] \x1b[32mBuilding CXX object src/systemcmds/actuator_test/CMakeFiles/systemcmds__actuator_test.dir/actuator_test.cpp.o\x1b[0m\n'}
[28.449880] (px4) StdoutLine: {'line': b'[ 87%] \x1b[32m\x1b[1mLinking CXX static library libmodules__simulation__senosr_mag_sim.a\x1b[0m\n'}
[28.479638] (-) TimerEvent: {}
[28.510895] (px4) StdoutLine: {'line': b'[ 87%] Built target modules__simulation__senosr_mag_sim\n'}
[28.518453] (px4) StdoutLine: {'line': b'[ 87%] \x1b[32mBuilding CXX object src/modules/temperature_compensation/CMakeFiles/modules__temperature_compensation.dir/temperature_calibration/task.cpp.o\x1b[0m\n'}
[28.518722] (px4) StdoutLine: {'line': b'[ 87%] \x1b[32mBuilding CXX object src/modules/temperature_compensation/CMakeFiles/modules__temperature_compensation.dir/temperature_calibration/mag.cpp.o\x1b[0m\n'}
[28.526257] (px4) StdoutLine: {'line': b'[ 87%] Built target vehicle_magnetometer\n'}
[28.528236] (px4) StdoutLine: {'line': b'[ 87%] \x1b[32mBuilding CXX object src/modules/vtol_att_control/CMakeFiles/modules__vtol_att_control.dir/tiltrotor.cpp.o\x1b[0m\n'}
[28.541628] (px4) StdoutLine: {'line': b'[ 87%] \x1b[32m\x1b[1mLinking CXX static library libvehicle_imu.a\x1b[0m\n'}
[28.554494] (px4) StdoutLine: {'line': b'[ 87%] \x1b[32mBuilding CXX object src/systemcmds/bsondump/CMakeFiles/systemcmds__bsondump.dir/bsondump.cpp.o\x1b[0m\n'}
[28.564602] (px4) StdoutLine: {'line': b'[ 87%] \x1b[32mBuilding CXX object src/systemcmds/dyn/CMakeFiles/systemcmds__dyn.dir/dyn.cpp.o\x1b[0m\n'}
[28.574597] (px4) StdoutLine: {'line': b'[ 87%] \x1b[32m\x1b[1mLinking CXX static library libvehicle_angular_velocity.a\x1b[0m\n'}
[28.581525] (-) TimerEvent: {}
[28.592768] (px4) StdoutLine: {'line': b'[ 87%] Built target vehicle_imu\n'}
[28.607130] (px4) StdoutLine: {'line': b'[ 87%] \x1b[32mBuilding CXX object src/modules/vtol_att_control/CMakeFiles/modules__vtol_att_control.dir/tailsitter.cpp.o\x1b[0m\n'}
[28.609168] (px4) StdoutLine: {'line': b'[ 87%] \x1b[32mBuilding CXX object src/modules/vtol_att_control/CMakeFiles/modules__vtol_att_control.dir/vtol_type.cpp.o\x1b[0m\n'}
[28.624513] (px4) StdoutLine: {'line': b'[ 87%] Built target vehicle_angular_velocity\n'}
[28.634526] (px4) StdoutLine: {'line': b'[ 87%] \x1b[32mBuilding CXX object src/systemcmds/failure/CMakeFiles/systemcmds__failure.dir/failure.cpp.o\x1b[0m\n'}
[28.634870] (px4) StdoutLine: {'line': b'[ 87%] \x1b[32mBuilding CXX object src/modules/vtol_att_control/CMakeFiles/modules__vtol_att_control.dir/standard.cpp.o\x1b[0m\n'}
[28.638935] (px4) StdoutLine: {'line': b'[ 87%] \x1b[32m\x1b[1mLinking CXX static library libsystemcmds__actuator_test.a\x1b[0m\n'}
[28.654320] (px4) StdoutLine: {'line': b'[ 87%] \x1b[32m\x1b[1mLinking CXX static library libsystemcmds__dyn.a\x1b[0m\n'}
[28.668745] (px4) StdoutLine: {'line': b'[ 87%] \x1b[32mBuilding CXX object src/systemcmds/led_control/CMakeFiles/systemcmds__led_control.dir/led_control.cpp.o\x1b[0m\n'}
[28.671740] (px4) StdoutLine: {'line': b'[ 87%] \x1b[32mBuilding CXX object src/systemcmds/param/CMakeFiles/systemcmds__param.dir/param.cpp.o\x1b[0m\n'}
[28.681652] (-) TimerEvent: {}
[28.687964] (px4) StdoutLine: {'line': b'[ 89%] \x1b[32m\x1b[1mLinking CXX static library libsystemcmds__bsondump.a\x1b[0m\n'}
[28.704829] (px4) StdoutLine: {'line': b'[ 89%] Built target systemcmds__dyn\n'}
[28.705413] (px4) StdoutLine: {'line': b'[ 89%] Built target systemcmds__actuator_test\n'}
[28.733426] (px4) StdoutLine: {'line': b'[ 89%] \x1b[32mBuilding CXX object src/systemcmds/perf/CMakeFiles/systemcmds__perf.dir/perf.cpp.o\x1b[0m\n'}
[28.739524] (px4) StdoutLine: {'line': b'[ 89%] Built target systemcmds__bsondump\n'}
[28.740497] (px4) StdoutLine: {'line': b'[ 89%] \x1b[32mBuilding CXX object src/systemcmds/sd_bench/CMakeFiles/systemcmds__sd_bench.dir/sd_bench.cpp.o\x1b[0m\n'}
[28.762600] (px4) StdoutLine: {'line': b'[ 89%] \x1b[32mBuilding CXX object src/systemcmds/shutdown/CMakeFiles/systemcmds__shutdown.dir/shutdown.cpp.o\x1b[0m\n'}
[28.781772] (-) TimerEvent: {}
[28.809556] (px4) StdoutLine: {'line': b'[ 89%] \x1b[32mBuilding CXX object src/systemcmds/system_time/CMakeFiles/systemcmds__system_time.dir/system_time.cpp.o\x1b[0m\n'}
[28.829105] (px4) StdoutLine: {'line': b'[ 89%] \x1b[32m\x1b[1mLinking CXX static library libmodules__uuv_att_control.a\x1b[0m\n'}
[28.832767] (px4) StdoutLine: {'line': b'[ 89%] \x1b[32m\x1b[1mLinking CXX static library libsystemcmds__perf.a\x1b[0m\n'}
[28.838841] (px4) StdoutLine: {'line': b'[ 89%] \x1b[32m\x1b[1mLinking CXX static library libsystemcmds__led_control.a\x1b[0m\n'}
[28.853385] (px4) StdoutLine: {'line': b'[ 89%] \x1b[32m\x1b[1mLinking CXX static library libsystemcmds__shutdown.a\x1b[0m\n'}
[28.878622] (px4) StdoutLine: {'line': b'[ 89%] Built target systemcmds__led_control\n'}
[28.878868] (px4) StdoutLine: {'line': b'[ 89%] Built target modules__uuv_att_control\n'}
[28.881894] (-) TimerEvent: {}
[28.885278] (px4) StdoutLine: {'line': b'[ 89%] \x1b[32m\x1b[1mLinking CXX static library libmodules__uuv_pos_control.a\x1b[0m\n'}
[28.890392] (px4) StdoutLine: {'line': b'[ 89%] \x1b[32m\x1b[1mLinking CXX static library libsystemcmds__failure.a\x1b[0m\n'}
[28.891533] (px4) StdoutLine: {'line': b'[ 89%] Built target systemcmds__shutdown\n'}
[28.902920] (px4) StdoutLine: {'line': b'[ 89%] \x1b[32mBuilding CXX object src/systemcmds/tests/CMakeFiles/systemcmds__tests.dir/test_atomic_bitset.cpp.o\x1b[0m\n'}
[28.905496] (px4) StdoutLine: {'line': b'[ 89%] \x1b[32mBuilding CXX object src/systemcmds/tests/hrt_test/CMakeFiles/systemcmds__tests__hrt_test.dir/hrt_test_main.cpp.o\x1b[0m\n'}
[28.911491] (px4) StdoutLine: {'line': b'[ 89%] \x1b[32m\x1b[1mLinking CXX static library libsystemcmds__system_time.a\x1b[0m\n'}
[28.915837] (px4) StdoutLine: {'line': b'[ 89%] Built target systemcmds__perf\n'}
[28.915980] (px4) StdoutLine: {'line': b'[ 89%] \x1b[32mBuilding CXX object src/systemcmds/topic_listener/CMakeFiles/systemcmds__topic_listener.dir/listener_main.cpp.o\x1b[0m\n'}
[28.927301] (px4) StdoutLine: {'line': b'[ 89%] \x1b[32mBuilding CXX object src/systemcmds/tests/hrt_test/CMakeFiles/systemcmds__tests__hrt_test.dir/hrt_test_start.cpp.o\x1b[0m\n'}
[28.930335] (px4) StdoutLine: {'line': b'[ 89%] Built target systemcmds__failure\n'}
[28.938058] (px4) StdoutLine: {'line': b'[ 89%] Built target modules__uuv_pos_control\n'}
[28.941867] (px4) StdoutLine: {'line': b'[ 89%] \x1b[32mBuilding CXX object src/systemcmds/tests/hrt_test/CMakeFiles/systemcmds__tests__hrt_test.dir/hrt_test.cpp.o\x1b[0m\n'}
[28.948523] (px4) StdoutLine: {'line': b'[ 89%] Built target systemcmds__system_time\n'}
[28.949003] (px4) StdoutLine: {'line': b'[ 89%] \x1b[32mBuilding CXX object src/systemcmds/tests/CMakeFiles/systemcmds__tests.dir/test_bson.cpp.o\x1b[0m\n'}
[28.953592] (px4) StdoutLine: {'line': b'[ 89%] \x1b[32mBuilding CXX object src/systemcmds/tests/CMakeFiles/systemcmds__tests.dir/test_bitset.cpp.o\x1b[0m\n'}
[28.973752] (px4) StdoutLine: {'line': b'[ 89%] \x1b[32mBuilding CXX object src/systemcmds/tune_control/CMakeFiles/systemcmds__tune_control.dir/tune_control.cpp.o\x1b[0m\n'}
[28.982008] (-) TimerEvent: {}
[28.988271] (px4) StdoutLine: {'line': b'[ 89%] \x1b[32mBuilding CXX object src/systemcmds/tests/CMakeFiles/systemcmds__tests.dir/test_dataman.cpp.o\x1b[0m\n'}
[28.999718] (px4) StdoutLine: {'line': b'[ 89%] \x1b[32m\x1b[1mLinking CXX static library libsystemcmds__sd_bench.a\x1b[0m\n'}
[29.002651] (px4) StdoutLine: {'line': b'[ 89%] \x1b[32mBuilding CXX object src/systemcmds/uorb/CMakeFiles/systemcmds__uorb.dir/uorb.cpp.o\x1b[0m\n'}
[29.021575] (px4) StdoutLine: {'line': b'[ 89%] \x1b[32mBuilding C object src/systemcmds/tests/CMakeFiles/systemcmds__tests.dir/test_file2.c.o\x1b[0m\n'}
[29.030604] (px4) StdoutLine: {'line': b'[ 91%] \x1b[32mBuilding C object src/systemcmds/tests/CMakeFiles/systemcmds__tests.dir/test_file.c.o\x1b[0m\n'}
[29.050611] (px4) StdoutLine: {'line': b'[ 91%] Built target systemcmds__sd_bench\n'}
[29.062635] (px4) StdoutLine: {'line': b'[ 91%] \x1b[32mBuilding CXX object src/systemcmds/tests/CMakeFiles/systemcmds__tests.dir/test_float.cpp.o\x1b[0m\n'}
[29.065558] (px4) StdoutLine: {'line': b'[ 91%] \x1b[32m\x1b[1mLinking CXX static library libsystemcmds__topic_listener.a\x1b[0m\n'}
[29.070338] (px4) StdoutLine: {'line': b'[ 91%] \x1b[32m\x1b[1mLinking CXX shared library ../libBuoyancySystemPlugin.so\x1b[0m\n'}
[29.082127] (-) TimerEvent: {}
[29.086957] (px4) StdoutLine: {'line': b'[ 91%] \x1b[32m\x1b[1mLinking CXX static library libsystemcmds__tests__hrt_test.a\x1b[0m\n'}
[29.120518] (px4) StdoutLine: {'line': b'[ 91%] \x1b[32m\x1b[1mLinking CXX static library libsystemcmds__uorb.a\x1b[0m\n'}
[29.120784] (px4) StdoutLine: {'line': b'[ 91%] \x1b[32m\x1b[1mLinking CXX static library libsystemcmds__tune_control.a\x1b[0m\n'}
[29.125578] (px4) StdoutLine: {'line': b'[ 91%] Built target systemcmds__tests__hrt_test\n'}
[29.137317] (px4) StdoutLine: {'line': b'[ 91%] Built target systemcmds__topic_listener\n'}
[29.146580] (px4) StdoutLine: {'line': b'[ 91%] \x1b[32mBuilding C object src/systemcmds/tests/CMakeFiles/systemcmds__tests.dir/test_hott_telemetry.c.o\x1b[0m\n'}
[29.151989] (px4) StdoutLine: {'line': b'[ 91%] \x1b[32mBuilding CXX object src/systemcmds/ver/CMakeFiles/systemcmds__ver.dir/ver.cpp.o\x1b[0m\n'}
[29.155763] (px4) StdoutLine: {'line': b'[ 91%] \x1b[32mBuilding CXX object src/systemcmds/tests/CMakeFiles/systemcmds__tests.dir/test_hrt.cpp.o\x1b[0m\n'}
[29.166599] (px4) StdoutLine: {'line': b'[ 91%] \x1b[32mBuilding CXX object src/systemcmds/work_queue/CMakeFiles/systemcmds__work_queue.dir/work_queue_main.cpp.o\x1b[0m\n'}
[29.174615] (px4) StdoutLine: {'line': b'[ 91%] Built target systemcmds__tune_control\n'}
[29.182242] (-) TimerEvent: {}
[29.186655] (px4) StdoutLine: {'line': b'[ 91%] Built target systemcmds__uorb\n'}
[29.190516] (px4) StdoutLine: {'line': b'[ 91%] \x1b[32mBuilding CXX object src/systemcmds/tests/CMakeFiles/systemcmds__tests.dir/test_int.cpp.o\x1b[0m\n'}
[29.197283] (px4) StdoutLine: {'line': b'[ 91%] \x1b[32mBuilding CXX object src/examples/fake_gps/CMakeFiles/modules__fake_gps.dir/FakeGps.cpp.o\x1b[0m\n'}
[29.198635] (px4) StdoutLine: {'line': b'[ 91%] \x1b[32mBuilding CXX object src/systemcmds/tests/CMakeFiles/systemcmds__tests.dir/test_i2c_spi_cli.cpp.o\x1b[0m\n'}
[29.237512] (px4) StdoutLine: {'line': b'[ 91%] \x1b[32mBuilding CXX object src/systemcmds/tests/CMakeFiles/systemcmds__tests.dir/test_IntrusiveQueue.cpp.o\x1b[0m\n'}
[29.240499] (px4) StdoutLine: {'line': b'[ 91%] \x1b[32mBuilding C object src/systemcmds/tests/CMakeFiles/systemcmds__tests.dir/test_led.c.o\x1b[0m\n'}
[29.241545] (px4) StdoutLine: {'line': b'[ 91%] \x1b[32mBuilding CXX object src/examples/fake_imu/CMakeFiles/modules__fake_imu.dir/FakeImu.cpp.o\x1b[0m\n'}
[29.246513] (px4) StdoutLine: {'line': b'[ 91%] \x1b[32mBuilding CXX object src/systemcmds/tests/CMakeFiles/systemcmds__tests.dir/test_List.cpp.o\x1b[0m\n'}
[29.246770] (px4) StdoutLine: {'line': b'[ 91%] \x1b[32mBuilding CXX object src/systemcmds/tests/CMakeFiles/systemcmds__tests.dir/test_IntrusiveSortedList.cpp.o\x1b[0m\n'}
[29.257562] (px4) StdoutLine: {'line': b'[ 91%] \x1b[32m\x1b[1mLinking CXX static library libmodules__temperature_compensation.a\x1b[0m\n'}
[29.261283] (px4) StdoutLine: {'line': b'[ 91%] \x1b[32m\x1b[1mLinking CXX static library libsystemcmds__param.a\x1b[0m\n'}
[29.273250] (px4) StdoutLine: {'line': b'[ 91%] \x1b[32mBuilding CXX object src/systemcmds/tests/CMakeFiles/systemcmds__tests.dir/test_mathlib.cpp.o\x1b[0m\n'}
[29.274106] (px4) StdoutLine: {'line': b'[ 91%] \x1b[32m\x1b[1mLinking CXX static library libsystemcmds__work_queue.a\x1b[0m\n'}
[29.280869] (px4) StdoutLine: {'line': b'[ 91%] Built target BuoyancySystemPlugin\n'}
[29.282330] (-) TimerEvent: {}
[29.295860] (px4) StdoutLine: {'line': b'[ 91%] \x1b[32mBuilding CXX object src/systemcmds/tests/CMakeFiles/systemcmds__tests.dir/test_matrix.cpp.o\x1b[0m\n'}
[29.296084] (px4) StdoutLine: {'line': b'[ 91%] \x1b[32m\x1b[1mLinking CXX static library libsystemcmds__ver.a\x1b[0m\n'}
[29.302461] (px4) StdoutLine: {'line': b'[ 91%] \x1b[32mBuilding C object src/systemcmds/tests/CMakeFiles/systemcmds__tests.dir/test_param.c.o\x1b[0m\n'}
[29.307113] (px4) StdoutLine: {'line': b'[ 91%] Built target systemcmds__param\n'}
[29.317563] (px4) StdoutLine: {'line': b'[ 91%] \x1b[32mBuilding CXX object src/systemcmds/tests/CMakeFiles/systemcmds__tests.dir/test_parameters.cpp.o\x1b[0m\n'}
[29.323875] (px4) StdoutLine: {'line': b'[ 91%] Built target systemcmds__work_queue\n'}
[29.326489] (px4) StdoutLine: {'line': b'[ 91%] \x1b[32mBuilding CXX object src/examples/fake_magnetometer/CMakeFiles/examples__fake_magnetometer.dir/FakeMagnetometer.cpp.o\x1b[0m\n'}
[29.331102] (px4) StdoutLine: {'line': b'[ 91%] Built target systemcmds__ver\n'}
[29.334802] (px4) StdoutLine: {'line': b'[ 91%] Built target modules__temperature_compensation\n'}
[29.335142] (px4) StdoutLine: {'line': b'[ 91%] \x1b[32mBuilding C object src/systemcmds/tests/CMakeFiles/systemcmds__tests.dir/test_perf.c.o\x1b[0m\n'}
[29.342654] (px4) StdoutLine: {'line': b'[ 91%] \x1b[32mBuilding CXX object src/systemcmds/tests/CMakeFiles/systemcmds__tests.dir/test_rc.cpp.o\x1b[0m\n'}
[29.343376] (px4) StdoutLine: {'line': b'[ 91%] \x1b[32mBuilding CXX object src/systemcmds/tests/CMakeFiles/systemcmds__tests.dir/test_ppm.cpp.o\x1b[0m\n'}
[29.344473] (px4) StdoutLine: {'line': b'[ 91%] \x1b[32mBuilding CXX object src/systemcmds/tests/CMakeFiles/systemcmds__tests.dir/test_search_min.cpp.o\x1b[0m\n'}
[29.371412] (px4) StdoutLine: {'line': b'[ 91%] \x1b[32mBuilding CXX object src/examples/px4_mavlink_debug/CMakeFiles/examples__px4_mavlink_debug.dir/px4_mavlink_debug.cpp.o\x1b[0m\n'}
[29.376047] (px4) StdoutLine: {'line': b'[ 91%] \x1b[32mBuilding CXX object src/examples/hello/CMakeFiles/examples__hello.dir/hello_main.cpp.o\x1b[0m\n'}
[29.382440] (-) TimerEvent: {}
[29.415137] (px4) StdoutLine: {'line': b'[ 91%] \x1b[32mBuilding C object src/examples/px4_simple_app/CMakeFiles/examples__px4_simple_app.dir/px4_simple_app.c.o\x1b[0m\n'}
[29.425646] (px4) StdoutLine: {'line': b'[ 91%] \x1b[32mBuilding CXX object src/examples/hello/CMakeFiles/examples__hello.dir/hello_start.cpp.o\x1b[0m\n'}
[29.443583] (px4) StdoutLine: {'line': b'[ 91%] \x1b[32mBuilding C object src/systemcmds/tests/CMakeFiles/systemcmds__tests.dir/test_sleep.c.o\x1b[0m\n'}
[29.478573] (px4) StdoutLine: {'line': b'[ 91%] \x1b[32m\x1b[1mLinking CXX static library libexamples__px4_mavlink_debug.a\x1b[0m\n'}
[29.482508] (-) TimerEvent: {}
[29.498196] (px4) StdoutLine: {'line': b'[ 91%] \x1b[32mBuilding CXX object src/examples/work_item/CMakeFiles/examples__work_item.dir/WorkItemExample.cpp.o\x1b[0m\n'}
[29.515510] (px4) StdoutLine: {'line': b'[ 91%] \x1b[32mBuilding C object src/systemcmds/tests/CMakeFiles/systemcmds__tests.dir/test_uart_baudchange.c.o\x1b[0m\n'}
[29.520376] (px4) StdoutLine: {'line': b'[ 91%] \x1b[32mBuilding CXX object src/examples/hello/CMakeFiles/examples__hello.dir/hello_example.cpp.o\x1b[0m\n'}
[29.531844] (px4) StdoutLine: {'line': b'[ 91%] \x1b[32m\x1b[1mLinking CXX static library libexamples__px4_simple_app.a\x1b[0m\n'}
[29.537260] (px4) StdoutLine: {'line': b'[ 92%] \x1b[32mBuilding C object src/systemcmds/tests/CMakeFiles/systemcmds__tests.dir/test_uart_console.c.o\x1b[0m\n'}
[29.545614] (px4) StdoutLine: {'line': b'[ 92%] Built target examples__px4_mavlink_debug\n'}
[29.572481] (px4) StdoutLine: {'line': b'[ 92%] Built target px4_gz_plugins\n'}
[29.579980] (px4) StdoutLine: {'line': b'[ 92%] \x1b[32m\x1b[1mLinking CXX static library libmodules__vtol_att_control.a\x1b[0m\n'}
[29.582653] (-) TimerEvent: {}
[29.582857] (px4) StdoutLine: {'line': b'[ 92%] \x1b[32mBuilding C object src/systemcmds/tests/CMakeFiles/systemcmds__tests.dir/test_uart_loopback.c.o\x1b[0m\n'}
[29.589996] (px4) StdoutLine: {'line': b'[ 92%] Built target examples__px4_simple_app\n'}
[29.590249] (px4) StdoutLine: {'line': b'[ 92%] \x1b[32mBuilding C object src/systemcmds/tests/CMakeFiles/systemcmds__tests.dir/test_uart_send.c.o\x1b[0m\n'}
[29.608002] (px4) StdoutLine: {'line': b'[ 92%] \x1b[32mBuilding CXX object src/modules/control_allocator/CMakeFiles/modules__control_allocator.dir/ControlAllocator.cpp.o\x1b[0m\n'}
[29.612330] (px4) StdoutLine: {'line': b'[ 92%] \x1b[32m\x1b[1mLinking CXX static library libexamples__hello.a\x1b[0m\n'}
[29.613491] (px4) StdoutLine: {'line': b'[ 92%] \x1b[32mBuilding CXX object src/modules/flight_mode_manager/tasks/ManualAltitudeSmoothVel/CMakeFiles/FlightTaskManualAltitudeSmoothVel.dir/FlightTaskManualAltitudeSmoothVel.cpp.o\x1b[0m\n'}
[29.616025] (px4) StdoutLine: {'line': b'[ 92%] \x1b[32mBuilding CXX object src/systemcmds/tests/CMakeFiles/systemcmds__tests.dir/test_versioning.cpp.o\x1b[0m\n'}
[29.624567] (px4) StdoutLine: {'line': b'[ 92%] \x1b[32mBuilding CXX object src/modules/flight_mode_manager/tasks/ManualPosition/CMakeFiles/FlightTaskManualPosition.dir/FlightTaskManualPosition.cpp.o\x1b[0m\n'}
[29.634064] (px4) StdoutLine: {'line': b'[ 92%] \x1b[32mBuilding CXX object src/modules/flight_mode_manager/tasks/AutoFollowTarget/CMakeFiles/FlightTaskAutoFollowTarget.dir/FlightTaskAutoFollowTarget.cpp.o\x1b[0m\n'}
[29.646491] (px4) StdoutLine: {'line': b'[ 92%] Built target modules__vtol_att_control\n'}
[29.653345] (px4) StdoutLine: {'line': b'[ 92%] \x1b[32mBuilding C object src/systemcmds/tests/CMakeFiles/systemcmds__tests.dir/test_cli.c.o\x1b[0m\n'}
[29.655546] (px4) StdoutLine: {'line': b'[ 92%] \x1b[32m\x1b[1mLinking CXX static library libmodules__fake_gps.a\x1b[0m\n'}
[29.655888] (px4) StdoutLine: {'line': b'[ 92%] \x1b[32mBuilding CXX object src/modules/navigator/CMakeFiles/modules__navigator.dir/navigator_mode.cpp.o\x1b[0m\n'}
[29.659898] (px4) StdoutLine: {'line': b'[ 92%] Built target examples__hello\n'}
[29.662211] (px4) StdoutLine: {'line': b'[ 92%] \x1b[32mBuilding CXX object src/modules/navigator/CMakeFiles/modules__navigator.dir/navigator_main.cpp.o\x1b[0m\n'}
[29.672627] (px4) StdoutLine: {'line': b'[ 92%] \x1b[32mBuilding CXX object src/modules/navigator/CMakeFiles/modules__navigator.dir/mission_base.cpp.o\x1b[0m\n'}
[29.682765] (-) TimerEvent: {}
[29.688733] (px4) StdoutLine: {'line': b'[ 92%] \x1b[32m\x1b[1mLinking CXX static library libmodules__fake_imu.a\x1b[0m\n'}
[29.697501] (px4) StdoutLine: {'line': b'[ 92%] Built target modules__fake_gps\n'}
[29.704500] (px4) StdoutLine: {'line': b'[ 92%] \x1b[32mBuilding CXX object src/modules/sensors/CMakeFiles/modules__sensors.dir/sensors.cpp.o\x1b[0m\n'}
[29.709510] (px4) StdoutLine: {'line': b'[ 92%] \x1b[32mBuilding CXX object src/modules/navigator/CMakeFiles/modules__navigator.dir/mission_block.cpp.o\x1b[0m\n'}
[29.709930] (px4) StdoutLine: {'line': b'[ 92%] \x1b[32mBuilding C object src/systemcmds/tests/CMakeFiles/systemcmds__tests.dir/tests_main.c.o\x1b[0m\n'}
[29.723571] (px4) StdoutLine: {'line': b'[ 92%] \x1b[32mBuilding CXX object src/modules/navigator/CMakeFiles/modules__navigator.dir/mission.cpp.o\x1b[0m\n'}
[29.733932] (px4) StdoutLine: {'line': b'[ 92%] \x1b[32mBuilding CXX object src/modules/navigator/CMakeFiles/modules__navigator.dir/loiter.cpp.o\x1b[0m\n'}
[29.735653] (px4) StdoutLine: {'line': b'[ 92%] Built target modules__fake_imu\n'}
[29.747253] (px4) StdoutLine: {'line': b'[ 92%] \x1b[32mBuilding CXX object src/modules/sensors/CMakeFiles/modules__sensors.dir/voted_sensors_update.cpp.o\x1b[0m\n'}
[29.747498] (px4) StdoutLine: {'line': b'[ 92%] \x1b[32mBuilding CXX object src/modules/navigator/CMakeFiles/modules__navigator.dir/rtl.cpp.o\x1b[0m\n'}
[29.777278] (px4) StdoutLine: {'line': b'[ 92%] \x1b[32m\x1b[1mLinking CXX static library libmodules__replay.a\x1b[0m\n'}
[29.783525] (-) TimerEvent: {}
[29.844531] (px4) StdoutLine: {'line': b'[ 92%] Built target modules__replay\n'}
[29.865003] (px4) StdoutLine: {'line': b'[ 92%] \x1b[32mBuilding CXX object src/modules/navigator/CMakeFiles/modules__navigator.dir/rtl_direct.cpp.o\x1b[0m\n'}
[29.883656] (-) TimerEvent: {}
[29.911233] (px4) StdoutLine: {'line': b'[ 92%] \x1b[32mBuilding CXX object src/modules/navigator/CMakeFiles/modules__navigator.dir/rtl_direct_mission_land.cpp.o\x1b[0m\n'}
[29.959636] (px4) StdoutLine: {'line': b'[ 92%] \x1b[32mBuilding CXX object src/modules/navigator/CMakeFiles/modules__navigator.dir/rtl_mission_fast.cpp.o\x1b[0m\n'}
[29.986518] (-) TimerEvent: {}
[30.020212] (px4) StdoutLine: {'line': b'[ 92%] \x1b[32mBuilding CXX object src/modules/navigator/CMakeFiles/modules__navigator.dir/rtl_mission_fast_reverse.cpp.o\x1b[0m\n'}
[30.039141] (px4) StdoutLine: {'line': b'[ 92%] \x1b[32m\x1b[1mLinking CXX static library libexamples__fake_magnetometer.a\x1b[0m\n'}
[30.086646] (-) TimerEvent: {}
[30.151519] (px4) StdoutLine: {'line': b'[ 92%] \x1b[32m\x1b[1mLinking CXX static library libFlightTaskManualAltitudeSmoothVel.a\x1b[0m\n'}
[30.151881] (px4) StdoutLine: {'line': b'[ 92%] Built target examples__fake_magnetometer\n'}
[30.167512] (px4) StdoutLine: {'line': b'[ 92%] \x1b[32mBuilding CXX object src/modules/navigator/CMakeFiles/modules__navigator.dir/takeoff.cpp.o\x1b[0m\n'}
[30.186769] (-) TimerEvent: {}
[30.254570] (px4) StdoutLine: {'line': b'[ 92%] Built target FlightTaskManualAltitudeSmoothVel\n'}
[30.280223] (px4) StdoutLine: {'line': b'[ 92%] \x1b[32m\x1b[1mLinking CXX static library libexamples__work_item.a\x1b[0m\n'}
[30.287538] (-) TimerEvent: {}
[30.303690] (px4) StdoutLine: {'line': b'[ 92%] \x1b[32mBuilding CXX object src/modules/flight_mode_manager/tasks/ManualAcceleration/CMakeFiles/FlightTaskManualAcceleration.dir/FlightTaskManualAcceleration.cpp.o\x1b[0m\n'}
[30.342642] (px4) StdoutLine: {'line': b'[ 92%] \x1b[32mBuilding CXX object src/modules/navigator/CMakeFiles/modules__navigator.dir/land.cpp.o\x1b[0m\n'}
[30.387650] (-) TimerEvent: {}
[30.410592] (px4) StdoutLine: {'line': b'[ 92%] \x1b[32m\x1b[1mLinking CXX static library libFlightTaskManualPosition.a\x1b[0m\n'}
[30.411527] (px4) StdoutLine: {'line': b'[ 92%] Built target examples__work_item\n'}
[30.430670] (px4) StdoutLine: {'line': b'[ 92%] \x1b[32mBuilding CXX object src/modules/navigator/CMakeFiles/modules__navigator.dir/mission_feasibility_checker.cpp.o\x1b[0m\n'}
[30.434684] (px4) StdoutLine: {'line': b'[ 92%] \x1b[32mBuilding CXX object src/modules/navigator/CMakeFiles/modules__navigator.dir/precland.cpp.o\x1b[0m\n'}
[30.479345] (px4) StdoutLine: {'line': b'[ 92%] \x1b[32mBuilding CXX object src/modules/navigator/CMakeFiles/modules__navigator.dir/geofence.cpp.o\x1b[0m\n'}
[30.487824] (-) TimerEvent: {}
[30.514580] (px4) StdoutLine: {'line': b'[ 92%] Built target FlightTaskManualPosition\n'}
[30.529181] (px4) StdoutLine: {'line': b'[ 94%] \x1b[32mBuilding CXX object src/modules/navigator/CMakeFiles/modules__navigator.dir/vtol_takeoff.cpp.o\x1b[0m\n'}
[30.577804] (px4) StdoutLine: {'line': b'[ 94%] \x1b[32m\x1b[1mLinking CXX static library libmodules__simulation__simulator_sih.a\x1b[0m\n'}
[30.586506] (px4) StdoutLine: {'line': b'[ 94%] \x1b[32mBuilding CXX object src/modules/flight_mode_manager/tasks/AltitudeCruise/CMakeFiles/FlightTaskAltitudeCruise.dir/FlightTaskAltitudeCruise.cpp.o\x1b[0m\n'}
[30.587909] (-) TimerEvent: {}
[30.664126] (px4) StdoutLine: {'line': b'[ 94%] \x1b[32mBuilding CXX object src/modules/flight_mode_manager/tasks/Orbit/CMakeFiles/FlightTaskOrbit.dir/FlightTaskOrbit.cpp.o\x1b[0m\n'}
[30.687592] (px4) StdoutLine: {'line': b'[ 94%] Built target modules__simulation__simulator_sih\n'}
[30.687978] (-) TimerEvent: {}
[30.788212] (-) TimerEvent: {}
[30.888510] (-) TimerEvent: {}
[30.952462] (px4) StdoutLine: {'line': b'[ 94%] \x1b[32m\x1b[1mLinking CXX static library libFlightTaskAutoFollowTarget.a\x1b[0m\n'}
[30.986837] (px4) StdoutLine: {'line': b'[ 94%] Built target FlightTaskAutoFollowTarget\n'}
[30.988596] (-) TimerEvent: {}
[31.001214] (px4) StdoutLine: {'line': b'[ 94%] \x1b[32m\x1b[1mLinking CXX static library libmodules__sensors.a\x1b[0m\n'}
[31.042099] (px4) StdoutLine: {'line': b'[ 94%] Built target modules__sensors\n'}
[31.087385] (px4) StdoutLine: {'line': b'[ 94%] \x1b[32m\x1b[1mLinking CXX static library libmodules__uxrce_dds_client.a\x1b[0m\n'}
[31.088683] (-) TimerEvent: {}
[31.100942] (px4) StdoutLine: {'line': b'[ 94%] \x1b[32m\x1b[1mLinking CXX static library libFlightTaskManualAcceleration.a\x1b[0m\n'}
[31.131137] (px4) StdoutLine: {'line': b'[ 94%] Built target modules__uxrce_dds_client\n'}
[31.137830] (px4) StdoutLine: {'line': b'[ 94%] Built target FlightTaskManualAcceleration\n'}
[31.157872] (px4) StdoutLine: {'line': b'[ 94%] \x1b[32mBuilding CXX object src/modules/flight_mode_manager/tasks/ManualAccelerationSlow/CMakeFiles/FlightTaskManualAccelerationSlow.dir/FlightTaskManualAccelerationSlow.cpp.o\x1b[0m\n'}
[31.188799] (-) TimerEvent: {}
[31.240199] (px4) StdoutLine: {'line': b'[ 94%] \x1b[32m\x1b[1mLinking CXX static library libFlightTaskAltitudeCruise.a\x1b[0m\n'}
[31.276426] (px4) StdoutLine: {'line': b'[ 94%] Built target FlightTaskAltitudeCruise\n'}
[31.288917] (-) TimerEvent: {}
[31.389253] (-) TimerEvent: {}
[31.424310] (px4) StdoutLine: {'line': b'[ 94%] \x1b[32m\x1b[1mLinking CXX static library libmodules__navigator.a\x1b[0m\n'}
[31.460981] (px4) StdoutLine: {'line': b'[ 94%] \x1b[32m\x1b[1mLinking CXX static library libmodules__control_allocator.a\x1b[0m\n'}
[31.471074] (px4) StdoutLine: {'line': b'[ 94%] \x1b[32m\x1b[1mLinking CXX static library libFlightTaskOrbit.a\x1b[0m\n'}
[31.474762] (px4) StdoutLine: {'line': b'[ 94%] Built target modules__navigator\n'}
[31.489411] (-) TimerEvent: {}
[31.490443] (px4) StdoutLine: {'line': b'[ 94%] Built target modules__control_allocator\n'}
[31.506904] (px4) StdoutLine: {'line': b'[ 94%] Built target FlightTaskOrbit\n'}
[31.516114] (px4) StdoutLine: {'line': b'[ 96%] \x1b[32m\x1b[1mLinking CXX static library libmodules__simulation__simulator_mavlink.a\x1b[0m\n'}
[31.554923] (px4) StdoutLine: {'line': b'[ 96%] Built target modules__simulation__simulator_mavlink\n'}
[31.567019] (px4) StdoutLine: {'line': b'[ 98%] \x1b[32m\x1b[1mLinking CXX static library libFlightTaskManualAccelerationSlow.a\x1b[0m\n'}
[31.589605] (-) TimerEvent: {}
[31.604465] (px4) StdoutLine: {'line': b'[ 98%] Built target FlightTaskManualAccelerationSlow\n'}
[31.625764] (px4) StdoutLine: {'line': b'[ 98%] \x1b[32mBuilding CXX object src/modules/flight_mode_manager/CMakeFiles/modules__flight_mode_manager.dir/FlightTasks_generated.cpp.o\x1b[0m\n'}
[31.625993] (px4) StdoutLine: {'line': b'[ 98%] \x1b[32mBuilding CXX object src/modules/flight_mode_manager/CMakeFiles/modules__flight_mode_manager.dir/FlightModeManager.cpp.o\x1b[0m\n'}
[31.689714] (-) TimerEvent: {}
[31.790001] (-) TimerEvent: {}
[31.890327] (-) TimerEvent: {}
[31.990561] (-) TimerEvent: {}
[32.043206] (px4) StdoutLine: {'line': b'[ 98%] \x1b[32m\x1b[1mLinking CXX static library libsystemcmds__tests.a\x1b[0m\n'}
[32.090669] (-) TimerEvent: {}
[32.109688] (px4) StdoutLine: {'line': b'[ 98%] Built target systemcmds__tests\n'}
[32.148000] (px4) StdoutLine: {'line': b'[ 98%] \x1b[32m\x1b[1mLinking CXX static library libmodules__mavlink.a\x1b[0m\n'}
[32.190772] (-) TimerEvent: {}
[32.225383] (px4) StdoutLine: {'line': b'[ 98%] Built target modules__mavlink\n'}
[32.264891] (px4) StdoutLine: {'line': b'[ 98%] \x1b[32m\x1b[1mLinking CXX static library libmodules__flight_mode_manager.a\x1b[0m\n'}
[32.290915] (-) TimerEvent: {}
[32.309197] (px4) StdoutLine: {'line': b'[ 98%] Built target modules__flight_mode_manager\n'}
[32.360882] (px4) StdoutLine: {'line': b'[ 98%] \x1b[32m\x1b[1mLinking CXX static library libmodules__ekf2.a\x1b[0m\n'}
[32.391021] (-) TimerEvent: {}
[32.445239] (px4) StdoutLine: {'line': b'[ 98%] Built target modules__ekf2\n'}
[32.491264] (-) TimerEvent: {}
[32.591658] (-) TimerEvent: {}
[32.691936] (-) TimerEvent: {}
[32.792241] (-) TimerEvent: {}
[32.892586] (-) TimerEvent: {}
[32.992830] (-) TimerEvent: {}
[33.093108] (-) TimerEvent: {}
[33.193353] (-) TimerEvent: {}
[33.293605] (-) TimerEvent: {}
[33.393837] (-) TimerEvent: {}
[33.494150] (-) TimerEvent: {}
[33.594444] (-) TimerEvent: {}
[33.694649] (-) TimerEvent: {}
[33.794866] (-) TimerEvent: {}
[33.895090] (-) TimerEvent: {}
[33.995391] (-) TimerEvent: {}
[34.095751] (-) TimerEvent: {}
[34.196022] (-) TimerEvent: {}
[34.296392] (-) TimerEvent: {}
[34.396668] (-) TimerEvent: {}
[34.496940] (-) TimerEvent: {}
[34.597218] (-) TimerEvent: {}
[34.697585] (-) TimerEvent: {}
[34.797824] (-) TimerEvent: {}
[34.898150] (-) TimerEvent: {}
[34.998472] (-) TimerEvent: {}
[35.015058] (px4) StdoutLine: {'line': b'[ 98%] \x1b[32m\x1b[1mLinking CXX static library libmodules__simulation__gz_bridge.a\x1b[0m\n'}
[35.073370] (px4) StdoutLine: {'line': b'[ 98%] Built target modules__simulation__gz_bridge\n'}
[35.089811] (px4) StdoutLine: {'line': b'[ 98%] \x1b[32mBuilding CXX object platforms/posix/CMakeFiles/px4.dir/src/px4/common/main.cpp.o\x1b[0m\n'}
[35.090844] (px4) StdoutLine: {'line': b'[ 98%] \x1b[32mBuilding CXX object platforms/posix/CMakeFiles/px4.dir/apps.cpp.o\x1b[0m\n'}
[35.098652] (-) TimerEvent: {}
[35.198895] (-) TimerEvent: {}
[35.299164] (-) TimerEvent: {}
[35.399519] (-) TimerEvent: {}
[35.499762] (-) TimerEvent: {}
[35.600081] (-) TimerEvent: {}
[35.607305] (px4) StdoutLine: {'line': b'[ 98%] \x1b[32m\x1b[1mLinking CXX executable ../../bin/px4\x1b[0m\n'}
[35.700299] (-) TimerEvent: {}
[35.800685] (-) TimerEvent: {}
[35.900942] (-) TimerEvent: {}
[36.001279] (-) TimerEvent: {}
[36.101557] (-) TimerEvent: {}
[36.201812] (-) TimerEvent: {}
[36.302064] (-) TimerEvent: {}
[36.402467] (-) TimerEvent: {}
[36.502746] (-) TimerEvent: {}
[36.603018] (-) TimerEvent: {}
[36.703297] (-) TimerEvent: {}
[36.803501] (-) TimerEvent: {}
[36.819659] (px4) StdoutLine: {'line': b'[ 98%] Built target px4\n'}
[36.837195] (px4) StdoutLine: {'line': b'[ 98%] \x1b[32mBuilding CXX object src/examples/dyn_hello/CMakeFiles/examples__dyn_hello.dir/hello.cpp.o\x1b[0m\n'}
[36.881903] (px4) StdoutLine: {'line': b'[100%] \x1b[32m\x1b[1mLinking CXX shared library examples__dyn_hello.px4mod\x1b[0m\n'}
[36.903597] (-) TimerEvent: {}
[36.916431] (px4) StdoutLine: {'line': b'[100%] Built target examples__dyn_hello\n'}
[36.927294] (px4) CommandEnded: {'returncode': 0}
[36.930586] (px4) JobProgress: {'identifier': 'px4', 'progress': 'install'}
[36.937940] (px4) Command: {'cmd': ['/usr/bin/cmake', '--install', '/home/adamgb/phd/gazebo_ws/build/px4'], 'cwd': '/home/adamgb/phd/gazebo_ws/build/px4', 'env': OrderedDict({'GZ_SIM_SYSTEM_PLUGIN_PATH': '/opt/ros/jazzy/lib/mrs_gazebo_common_resources', 'HYPRCURSOR_THEME': 'Bibata-Modern-Ice', 'QT_SCALE_FACTOR': '1', 'GZ_SIM_RESOURCE_PATH': '/opt/ros/jazzy/share', 'HYPRLAND_CMD': 'Hyprland --watchdog-fd 4', 'HYPRLAND_INSTANCE_SIGNATURE': 'efb50993780079460b0cbed1363e2166a2de1d9f_1790332321_1325343215', 'USER': 'adamgb', 'FONTCONFIG_PATH': '/etc/fonts', 'GIO_MODULE_DIR': '/home/adamgb/snap/code/common/.cache/gio-modules', 'GZ_CONFIG_PATH': '/opt/ros/jazzy/opt/gz_sim_vendor/share/gz:/opt/ros/jazzy/opt/sdformat_vendor/share/gz:/opt/ros/jazzy/opt/gz_gui_vendor/share/gz:/opt/ros/jazzy/opt/gz_transport_vendor/share/gz:/opt/ros/jazzy/opt/gz_rendering_vendor/share/gz:/opt/ros/jazzy/opt/gz_plugin_vendor/share/gz:/opt/ros/jazzy/opt/gz_fuel_tools_vendor/share/gz:/opt/ros/jazzy/opt/gz_msgs_vendor/share/gz:/opt/ros/jazzy/opt/gz_common_vendor/share/gz', 'XDG_SEAT': 'seat0', 'GTK_EXE_PREFIX_VSCODE_SNAP_ORIG': '', 'XDG_SESSION_TYPE': 'wayland', '__GLX_VENDOR_LIBRARY_NAME': 'nvidia', 'GIT_ASKPASS': '/snap/code/265/usr/share/code/resources/app/extensions/git/dist/askpass.sh', 'GDK_BACKEND_VSCODE_SNAP_ORIG': 'wayland,x11,*', 'LD_LIBRARY_PATH': '/home/adamgb/phd/gazebo_ws/install/srt_controller/lib:/home/adamgb/phd/gazebo_ws/install/lvhr_controller/lib:/opt/ros/jazzy/opt/zenoh_cpp_vendor/lib:/opt/ros/jazzy/opt/gz_sim_vendor/lib:/opt/ros/jazzy/opt/gz_sensors_vendor/lib:/opt/ros/jazzy/opt/gz_physics_vendor/lib:/opt/ros/jazzy/opt/sdformat_vendor/lib:/opt/ros/jazzy/opt/rviz_ogre_vendor/lib:/opt/ros/jazzy/lib/x86_64-linux-gnu:/opt/ros/jazzy/opt/gz_gui_vendor/lib:/opt/ros/jazzy/opt/gz_transport_vendor/lib:/opt/ros/jazzy/opt/gz_rendering_vendor/lib:/opt/ros/jazzy/opt/gz_plugin_vendor/lib:/opt/ros/jazzy/opt/gz_fuel_tools_vendor/lib:/opt/ros/jazzy/opt/gz_msgs_vendor/lib:/opt/ros/jazzy/opt/gz_common_vendor/lib:/opt/ros/jazzy/opt/gz_math_vendor/lib:/opt/ros/jazzy/opt/gz_utils_vendor/lib:/opt/ros/jazzy/opt/gz_tools_vendor/lib:/opt/ros/jazzy/opt/gz_ogre_next_vendor/lib:/opt/ros/jazzy/opt/gz_dartsim_vendor/lib:/opt/ros/jazzy/opt/gz_cmake_vendor/lib:/opt/ros/jazzy/lib', 'SHLVL': '2', 'CHROME_DESKTOP': 'code_code.desktop', 'CONDA_SHLVL': '0', 'HOME': '/home/adamgb', 'LESS': '-R', 'LOCPATH_VSCODE_SNAP_ORIG': '', 'MOZ_ENABLE_WAYLAND': '1', 'OLDPWD': '/home/adamgb/phd/gazebo_ws', 'TERMINFO': '/usr/lib/kitty/terminfo', 'DESKTOP_SESSION': 'hyprland', 'GTK_PATH': '/snap/code/265/usr/lib/x86_64-linux-gnu/gtk-3.0', 'KITTY_INSTALLATION_DIR': '/usr/lib/kitty', 'TERM_PROGRAM_VERSION': '1.139.0', 'GTK_IM_MODULE_FILE': '/home/adamgb/snap/code/common/.cache/immodules/immodules.cache', 'LSCOLORS': 'Gxfxcxdxbxegedabagacad', 'ZSH': '/home/adamgb/.oh-my-zsh', 'GSETTINGS_SCHEMA_DIR_VSCODE_SNAP_ORIG': '', 'GTK_MODULES': 'gail:atk-bridge', 'PAGER': 'less', 'ROS_PYTHON_VERSION': '3', 'VSCODE_GIT_ASKPASS_MAIN': '/snap/code/265/usr/share/code/resources/app/extensions/git/dist/askpass-main.js', 'KITTY_PID': '6739', 'VSCODE_GIT_ASKPASS_NODE': '/snap/code/265/usr/share/code/code', 'DBUS_SESSION_BUS_ADDRESS': 'unix:path=/run/user/1000/bus', 'GDK_SCALE': '1', 'GSM_SKIP_SSH_AGENT_WORKAROUND': 'true', 'VSCODE_PYTHON_AUTOACTIVATE_GUARD': '1', 'COLORTERM': 'truecolor', 'QT_WAYLAND_DISABLE_WINDOWDECORATION': '1', '_CE_M': '', '_CONDA_ROOT': '/home/adamgb/miniconda3', 'COLCON_PREFIX_PATH': '/home/adamgb/phd/gazebo_ws/install', 'QT_QPA_PLATFORMTHEME': 'qt6ct', 'ROS_DISTRO': 'jazzy', 'WAYLAND_DISPLAY': 'wayland-1', 'LOGNAME': 'adamgb', '__VK_LAYER_NV_optimus': 'NVIDIA_only', 'IGN_GAZEBO_MODEL_PATH': '/opt/ros/jazzy/share', 'QT_AUTO_SCREEN_SCALE_FACTOR': '1', '_': '/usr/bin/colcon', 'ROS_VERSION': '2', 'XDG_CONFIG_DIRS_VSCODE_SNAP_ORIG': '', 'XDG_DATA_DIRS_VSCODE_SNAP_ORIG': '/usr/local/share/:/usr/share/:/var/lib/snapd/desktop', 'XDG_SESSION_CLASS': 'user', 'CLAUDE_CODE_SSE_PORT': '20544', 'USER_ZDOTDIR': '/home/adamgb', 'CLUTTER_BACKEND': 'wayland', 'GAZEBO_MODEL_PATH': '/opt/ros/jazzy/share', 'KITTY_PUBLIC_KEY': '1:o0Gg<WNaLG!PSNPcz(c(-}K*hme%J?XG~d+=H-7b', 'TERM': 'xterm-256color', 'USERNAME': 'adamgb', 'XDG_SESSION_ID': '2', 'DOTS_VERSION': '2.3.20', 'FC_FONTATIONS': '1', '_CE_CONDA': '', 'PATH': '/home/adamgb/.local/bin:/home/adamgb/.config/Code/User/globalStorage/github.copilot-chat/debugCommand:/home/adamgb/.config/Code/User/globalStorage/github.copilot-chat/copilotCli:/opt/ros/jazzy/opt/gz_msgs_vendor/bin:/opt/ros/jazzy/opt/gz_tools_vendor/bin:/opt/ros/jazzy/opt/gz_ogre_next_vendor/bin:/opt/ros/jazzy/bin:/home/adamgb/miniconda3/condabin:/home/adamgb/.local/bin:/usr/local/sbin:/usr/local/bin:/usr/sbin:/usr/bin:/sbin:/bin:/usr/games:/usr/local/games:/snap/bin:/snap/bin', 'GTK_EXE_PREFIX': '/snap/code/265/usr', 'GDK_BACKEND': 'x11', 'XDG_RUNTIME_DIR': '/run/user/1000', 'DISPLAY': ':0', 'HYPRCURSOR_SIZE': '24', 'LOCPATH': '/snap/code/265/usr/lib/locale', 'LANG': 'en_US.UTF-8', 'XDG_CURRENT_DESKTOP': 'Hyprland', '__NV_PRIME_RENDER_OFFLOAD': '1', 'VSCODE_INJECTION': '1', 'GIO_MODULE_DIR_VSCODE_SNAP_ORIG': '', 'LIBVA_DRIVER_NAME': 'nvidia', 'LS_COLORS': 'rs=0:di=01;34:ln=01;36:mh=00:pi=40;33:so=01;35:do=01;35:bd=40;33;01:cd=40;33;01:or=40;31;01:mi=00:su=37;41:sg=30;43:ca=00:tw=30;42:ow=34;42:st=37;44:ex=01;32:*.tar=01;31:*.tgz=01;31:*.arc=01;31:*.arj=01;31:*.taz=01;31:*.lha=01;31:*.lz4=01;31:*.lzh=01;31:*.lzma=01;31:*.tlz=01;31:*.txz=01;31:*.tzo=01;31:*.t7z=01;31:*.zip=01;31:*.z=01;31:*.dz=01;31:*.gz=01;31:*.lrz=01;31:*.lz=01;31:*.lzo=01;31:*.xz=01;31:*.zst=01;31:*.tzst=01;31:*.bz2=01;31:*.bz=01;31:*.tbz=01;31:*.tbz2=01;31:*.tz=01;31:*.deb=01;31:*.rpm=01;31:*.jar=01;31:*.war=01;31:*.ear=01;31:*.sar=01;31:*.rar=01;31:*.alz=01;31:*.ace=01;31:*.zoo=01;31:*.cpio=01;31:*.7z=01;31:*.rz=01;31:*.cab=01;31:*.wim=01;31:*.swm=01;31:*.dwm=01;31:*.esd=01;31:*.avif=01;35:*.jpg=01;35:*.jpeg=01;35:*.mjpg=01;35:*.mjpeg=01;35:*.gif=01;35:*.bmp=01;35:*.pbm=01;35:*.pgm=01;35:*.ppm=01;35:*.tga=01;35:*.xbm=01;35:*.xpm=01;35:*.tif=01;35:*.tiff=01;35:*.png=01;35:*.svg=01;35:*.svgz=01;35:*.mng=01;35:*.pcx=01;35:*.mov=01;35:*.mpg=01;35:*.mpeg=01;35:*.m2v=01;35:*.mkv=01;35:*.webm=01;35:*.webp=01;35:*.ogm=01;35:*.mp4=01;35:*.m4v=01;35:*.mp4v=01;35:*.vob=01;35:*.qt=01;35:*.nuv=01;35:*.wmv=01;35:*.asf=01;35:*.rm=01;35:*.rmvb=01;35:*.flc=01;35:*.avi=01;35:*.fli=01;35:*.flv=01;35:*.gl=01;35:*.dl=01;35:*.xcf=01;35:*.xwd=01;35:*.yuv=01;35:*.cgm=01;35:*.emf=01;35:*.ogv=01;35:*.ogx=01;35:*.aac=00;36:*.au=00;36:*.flac=00;36:*.m4a=00;36:*.mid=00;36:*.midi=00;36:*.mka=00;36:*.mp3=00;36:*.mpc=00;36:*.ogg=00;36:*.ra=00;36:*.wav=00;36:*.oga=00;36:*.opus=00;36:*.spx=00;36:*.xspf=00;36:*~=00;90:*#=00;90:*.bak=00;90:*.crdownload=00;90:*.dpkg-dist=00;90:*.dpkg-new=00;90:*.dpkg-old=00;90:*.dpkg-tmp=00;90:*.old=00;90:*.orig=00;90:*.part=00;90:*.rej=00;90:*.rpmnew=00;90:*.rpmorig=00;90:*.rpmsave=00;90:*.swp=00;90:*.tmp=00;90:*.ucf-dist=00;90:*.ucf-new=00;90:*.ucf-old=00;90:', 'XDG_SESSION_DESKTOP': 'Hyprland', 'TERM_PROGRAM': 'vscode', 'VSCODE_GIT_IPC_HANDLE': '/run/user/1000/vscode-git-1fb221dda8.sock', 'AMENT_PREFIX_PATH': '/home/adamgb/phd/gazebo_ws/install/srt_controller:/home/adamgb/phd/gazebo_ws/install/lvhr_controller:/home/adamgb/phd/gazebo_ws/install/alien_gazebo_resources:/opt/ros/jazzy', 'CONDA_PYTHON_EXE': '/home/adamgb/miniconda3/bin/python', 'GSETTINGS_SCHEMA_DIR': '/home/adamgb/snap/code/265/.local/share/glib-2.0/schemas', 'SSH_AUTH_SOCK': '/run/user/1000/gnupg/S.gpg-agent.ssh', 'SHELL': '/usr/bin/zsh', 'GDMSESSION': 'hyprland', 'QT_ACCESSIBILITY': '1', 'NO_AT_BRIDGE': '1', 'FONTCONFIG_FILE': '/etc/fonts/fonts.conf', 'GTK_PATH_VSCODE_SNAP_ORIG': '', 'IGN_GAZEBO_RESOURCE_PATH': '/opt/ros/jazzy/share', 'KITTY_WINDOW_ID': '1', '_JAVA_AWT_WM_NONREPARENTING': '1', 'GTK_IM_MODULE_FILE_VSCODE_SNAP_ORIG': '', 'GAZEBO_RESOURCE_PATH': '/opt/ros/jazzy/share', 'GSK_RENDERER': 'ngl', '_CONDA_EXE': '/home/adamgb/miniconda3/bin/conda', 'ROS_AUTOMATIC_DISCOVERY_RANGE': 'SUBNET', 'XDG_VTNR': '2', 'VSCODE_GIT_ASKPASS_EXTRA_ARGS': '', 'PWD': '/home/adamgb/phd/gazebo_ws/build/px4', 'QT_QPA_PLATFORM': 'xcb', 'CONDA_EXE': '/home/adamgb/miniconda3/bin/conda', 'XDG_BACKEND': 'wayland', 'XDG_DATA_DIRS': '/home/adamgb/snap/code/265/.local/share:/home/adamgb/snap/code/265:/snap/code/265/usr/share:/usr/local/share/:/usr/share/:/var/lib/snapd/desktop', 'COPILOT_DEBUG_NONCE': '122ec61a4d926cff7e090c1816c9867a', 'ZDOTDIR': '/home/adamgb', 'NVD_BACKEND': 'direct', 'PYTHONPATH': '/opt/ros/jazzy/opt/gz_sim_vendor/lib/python:/opt/ros/jazzy/opt/sdformat_vendor/lib/python:/opt/ros/jazzy/opt/gz_transport_vendor/lib/python:/opt/ros/jazzy/opt/gz_msgs_vendor/lib/python:/opt/ros/jazzy/opt/gz_math_vendor/lib/python:/opt/ros/jazzy/lib/python3.12/site-packages', 'PYOPENGL_PLATFORM': 'glx', 'QT_QUICK_CONTROLS_STYLE': 'org.hyprland.style', 'COLCON': '1', 'CMAKE_PREFIX_PATH': '/home/adamgb/phd/gazebo_ws/install/srt_controller:/home/adamgb/phd/gazebo_ws/install/lvhr_controller:/home/adamgb/phd/gazebo_ws/install/alien_gazebo_resources:/opt/ros/jazzy:/opt/ros/jazzy/opt/gz_sim_vendor:/opt/ros/jazzy/opt/gz_sensors_vendor:/opt/ros/jazzy/opt/gz_physics_vendor:/opt/ros/jazzy/opt/sdformat_vendor:/opt/ros/jazzy/opt/gz_gui_vendor:/opt/ros/jazzy/opt/gz_transport_vendor:/opt/ros/jazzy/opt/gz_rendering_vendor:/opt/ros/jazzy/opt/gz_plugin_vendor:/opt/ros/jazzy/opt/gz_fuel_tools_vendor:/opt/ros/jazzy/opt/gz_msgs_vendor:/opt/ros/jazzy/opt/gz_common_vendor:/opt/ros/jazzy/opt/gz_math_vendor:/opt/ros/jazzy/opt/gz_utils_vendor:/opt/ros/jazzy/opt/gz_tools_vendor:/opt/ros/jazzy/opt/gz_ogre_next_vendor:/opt/ros/jazzy/opt/gz_dartsim_vendor:/opt/ros/jazzy/opt/gz_cmake_vendor'}), 'shell': False}
[36.945378] (px4) StdoutLine: {'line': b'-- Install configuration: "Release"\n'}
[36.945531] (px4) StdoutLine: {'line': b'-- Installing: /home/adamgb/phd/gazebo_ws/install/px4/share/ament_index/resource_index/package_run_dependencies/px4\n'}
[36.945612] (px4) StdoutLine: {'line': b'-- Installing: /home/adamgb/phd/gazebo_ws/install/px4/share/ament_index/resource_index/parent_prefix_path/px4\n'}
[36.945789] (px4) StdoutLine: {'line': b'-- Installing: /home/adamgb/phd/gazebo_ws/install/px4/share/px4/environment/ament_prefix_path.sh\n'}
[36.946019] (px4) StdoutLine: {'line': b'-- Installing: /home/adamgb/phd/gazebo_ws/install/px4/share/px4/environment/ament_prefix_path.dsv\n'}
[36.946140] (px4) StdoutLine: {'line': b'-- Installing: /home/adamgb/phd/gazebo_ws/install/px4/share/px4/environment/path.sh\n'}
[36.946243] (px4) StdoutLine: {'line': b'-- Installing: /home/adamgb/phd/gazebo_ws/install/px4/share/px4/environment/path.dsv\n'}
[36.946319] (px4) StdoutLine: {'line': b'-- Installing: /home/adamgb/phd/gazebo_ws/install/px4/share/px4/local_setup.bash\n'}
[36.946404] (px4) StdoutLine: {'line': b'-- Installing: /home/adamgb/phd/gazebo_ws/install/px4/share/px4/local_setup.sh\n'}
[36.946495] (px4) StdoutLine: {'line': b'-- Installing: /home/adamgb/phd/gazebo_ws/install/px4/share/px4/local_setup.zsh\n'}
[36.946566] (px4) StdoutLine: {'line': b'-- Installing: /home/adamgb/phd/gazebo_ws/install/px4/share/px4/local_setup.dsv\n'}
[36.946651] (px4) StdoutLine: {'line': b'-- Installing: /home/adamgb/phd/gazebo_ws/install/px4/share/px4/package.dsv\n'}
[36.946734] (px4) StdoutLine: {'line': b'-- Installing: /home/adamgb/phd/gazebo_ws/install/px4/share/ament_index/resource_index/packages/px4\n'}
[36.946815] (px4) StdoutLine: {'line': b'-- Installing: /home/adamgb/phd/gazebo_ws/install/px4/share/px4/cmake/px4Config.cmake\n'}
[36.946885] (px4) StdoutLine: {'line': b'-- Installing: /home/adamgb/phd/gazebo_ws/install/px4/share/px4/cmake/px4Config-version.cmake\n'}
[36.946968] (px4) StdoutLine: {'line': b'-- Installing: /home/adamgb/phd/gazebo_ws/install/px4/share/px4/package.xml\n'}
[36.957772] (px4) StdoutLine: {'line': b'-- Installing: /home/adamgb/phd/gazebo_ws/install/px4/share/px4/etc\n'}
[36.957903] (px4) StdoutLine: {'line': b'-- Installing: /home/adamgb/phd/gazebo_ws/install/px4/share/px4/etc/init.d-posix\n'}
[36.958032] (px4) StdoutLine: {'line': b'-- Installing: /home/adamgb/phd/gazebo_ws/install/px4/share/px4/etc/init.d-posix/rc.replay\n'}
[36.958110] (px4) StdoutLine: {'line': b'-- Installing: /home/adamgb/phd/gazebo_ws/install/px4/share/px4/etc/init.d-posix/airframes\n'}
[36.958149] (px4) StdoutLine: {'line': b'-- Installing: /home/adamgb/phd/gazebo_ws/install/px4/share/px4/etc/init.d-posix/airframes/10017_jmavsim_iris\n'}
[36.958185] (px4) StdoutLine: {'line': b'-- Installing: /home/adamgb/phd/gazebo_ws/install/px4/share/px4/etc/init.d-posix/airframes/51000_gz_rover_ackermann\n'}
[36.958219] (px4) StdoutLine: {'line': b'-- Installing: /home/adamgb/phd/gazebo_ws/install/px4/share/px4/etc/init.d-posix/airframes/3011_jsbsim_hexarotor_x\n'}
[36.958275] (px4) StdoutLine: {'line': b'-- Installing: /home/adamgb/phd/gazebo_ws/install/px4/share/px4/etc/init.d-posix/airframes/10040_sihsim_quadx\n'}
[36.958309] (px4) StdoutLine: {'line': b'-- Installing: /home/adamgb/phd/gazebo_ws/install/px4/share/px4/etc/init.d-posix/airframes/10016_none_iris\n'}
[36.958342] (px4) StdoutLine: {'line': b'-- Installing: /home/adamgb/phd/gazebo_ws/install/px4/share/px4/etc/init.d-posix/airframes/1036_jsbsim_malolo\n'}
[36.958376] (px4) StdoutLine: {'line': b'-- Installing: /home/adamgb/phd/gazebo_ws/install/px4/share/px4/etc/init.d-posix/airframes/1013_gazebo-classic_iris_vision.post\n'}
[36.958409] (px4) StdoutLine: {'line': b'-- Installing: /home/adamgb/phd/gazebo_ws/install/px4/share/px4/etc/init.d-posix/airframes/10015_gazebo-classic_iris\n'}
[36.958444] (px4) StdoutLine: {'line': b'-- Installing: /home/adamgb/phd/gazebo_ws/install/px4/share/px4/etc/init.d-posix/airframes/1016_gazebo-classic_iris_downward_depth_camera\n'}
[36.958487] (px4) StdoutLine: {'line': b'-- Installing: /home/adamgb/phd/gazebo_ws/install/px4/share/px4/etc/init.d-posix/airframes/1033_jsbsim_rascal\n'}
[36.958520] (px4) StdoutLine: {'line': b'-- Installing: /home/adamgb/phd/gazebo_ws/install/px4/share/px4/etc/init.d-posix/airframes/52000_gz_rover_mecanum\n'}
[36.958553] (px4) StdoutLine: {'line': b'-- Installing: /home/adamgb/phd/gazebo_ws/install/px4/share/px4/etc/init.d-posix/airframes/1042_gazebo-classic_tiltrotor\n'}
[36.958606] (px4) StdoutLine: {'line': b'-- Installing: /home/adamgb/phd/gazebo_ws/install/px4/share/px4/etc/init.d-posix/airframes/1022_gazebo-classic_uuv_bluerov2_heavy\n'}
[36.958643] (px4) StdoutLine: {'line': b'-- Installing: /home/adamgb/phd/gazebo_ws/install/px4/share/px4/etc/init.d-posix/airframes/4010_gz_x500_mono_cam\n'}
[36.958700] (px4) StdoutLine: {'line': b'-- Installing: /home/adamgb/phd/gazebo_ws/install/px4/share/px4/etc/init.d-posix/airframes/10045_sihsim_rover_ackermann\n'}
[36.958733] (px4) StdoutLine: {'line': b'-- Installing: /home/adamgb/phd/gazebo_ws/install/px4/share/px4/etc/init.d-posix/airframes/6011_gazebo-classic_typhoon_h480\n'}
[36.958768] (px4) StdoutLine: {'line': b'-- Installing: /home/adamgb/phd/gazebo_ws/install/px4/share/px4/etc/init.d-posix/airframes/1037_gazebo-classic_believer\n'}
[36.958816] (px4) StdoutLine: {'line': b'-- Installing: /home/adamgb/phd/gazebo_ws/install/px4/share/px4/etc/init.d-posix/airframes/8011_gz_omnicopter\n'}
[36.958850] (px4) StdoutLine: {'line': b'-- Installing: /home/adamgb/phd/gazebo_ws/install/px4/share/px4/etc/init.d-posix/airframes/1010_gazebo-classic_iris_opt_flow.post\n'}
[36.958884] (px4) StdoutLine: {'line': b'-- Installing: /home/adamgb/phd/gazebo_ws/install/px4/share/px4/etc/init.d-posix/airframes/4011_gz_lawnmower\n'}
[36.958919] (px4) StdoutLine: {'line': b'-- Installing: /home/adamgb/phd/gazebo_ws/install/px4/share/px4/etc/init.d-posix/airframes/1032_gazebo-classic_plane_catapult\n'}
[36.958952] (px4) StdoutLine: {'line': b'-- Installing: /home/adamgb/phd/gazebo_ws/install/px4/share/px4/etc/init.d-posix/airframes/17001_flightgear_tf-g1\n'}
[36.958985] (px4) StdoutLine: {'line': b'-- Installing: /home/adamgb/phd/gazebo_ws/install/px4/share/px4/etc/init.d-posix/airframes/1040_gazebo-classic_standard_vtol\n'}
[36.959018] (px4) StdoutLine: {'line': b'-- Installing: /home/adamgb/phd/gazebo_ws/install/px4/share/px4/etc/init.d-posix/airframes/6011_gazebo-classic_typhoon_h480.post\n'}
[36.959051] (px4) StdoutLine: {'line': b'-- Installing: /home/adamgb/phd/gazebo_ws/install/px4/share/px4/etc/init.d-posix/airframes/4013_gz_x500_lidar_2d\n'}
[36.959083] (px4) StdoutLine: {'line': b'-- Installing: /home/adamgb/phd/gazebo_ws/install/px4/share/px4/etc/init.d-posix/airframes/1013_gazebo-classic_iris_vision\n'}
[36.959133] (px4) StdoutLine: {'line': b'-- Installing: /home/adamgb/phd/gazebo_ws/install/px4/share/px4/etc/init.d-posix/airframes/1034_flightgear_rascal-electric\n'}
[36.959168] (px4) StdoutLine: {'line': b'-- Installing: /home/adamgb/phd/gazebo_ws/install/px4/share/px4/etc/init.d-posix/airframes/1031_gazebo-classic_plane_cam.post\n'}
[36.959227] (px4) StdoutLine: {'line': b'-- Installing: /home/adamgb/phd/gazebo_ws/install/px4/share/px4/etc/init.d-posix/airframes/1010_gazebo-classic_iris_opt_flow\n'}
[36.959262] (px4) StdoutLine: {'line': b'-- Installing: /home/adamgb/phd/gazebo_ws/install/px4/share/px4/etc/init.d-posix/airframes/4020_gz_tiltrotor\n'}
[36.959297] (px4) StdoutLine: {'line': b'-- Installing: /home/adamgb/phd/gazebo_ws/install/px4/share/px4/etc/init.d-posix/airframes/50000_gz_rover_differential\n'}
[36.959329] (px4) StdoutLine: {'line': b'-- Installing: /home/adamgb/phd/gazebo_ws/install/px4/share/px4/etc/init.d-posix/airframes/1031_gazebo-classic_plane_cam\n'}
[36.959376] (px4) StdoutLine: {'line': b'-- Installing: /home/adamgb/phd/gazebo_ws/install/px4/share/px4/etc/init.d-posix/airframes/4005_gz_x500_vision\n'}
[36.959409] (px4) StdoutLine: {'line': b'-- Installing: /home/adamgb/phd/gazebo_ws/install/px4/share/px4/etc/init.d-posix/airframes/4001_gz_x500\n'}
[36.959442] (px4) StdoutLine: {'line': b'-- Installing: /home/adamgb/phd/gazebo_ws/install/px4/share/px4/etc/init.d-posix/airframes/4004_gz_standard_vtol\n'}
[36.959482] (px4) StdoutLine: {'line': b'-- Installing: /home/adamgb/phd/gazebo_ws/install/px4/share/px4/etc/init.d-posix/airframes/1041_gazebo-classic_tailsitter\n'}
[36.959517] (px4) StdoutLine: {'line': b'-- Installing: /home/adamgb/phd/gazebo_ws/install/px4/share/px4/etc/init.d-posix/airframes/1039_gazebo-classic_advanced_plane\n'}
[36.959552] (px4) StdoutLine: {'line': b'-- Installing: /home/adamgb/phd/gazebo_ws/install/px4/share/px4/etc/init.d-posix/airframes/10044_sihsim_hex\n'}
[36.959604] (px4) StdoutLine: {'line': b'-- Installing: /home/adamgb/phd/gazebo_ws/install/px4/share/px4/etc/init.d-posix/airframes/4014_gz_x500_mono_cam_down\n'}
[36.959640] (px4) StdoutLine: {'line': b'-- Installing: /home/adamgb/phd/gazebo_ws/install/px4/share/px4/etc/init.d-posix/airframes/1035_gazebo-classic_techpod\n'}
[36.959690] (px4) StdoutLine: {'line': b'-- Installing: /home/adamgb/phd/gazebo_ws/install/px4/share/px4/etc/init.d-posix/airframes/10043_sihsim_standard_vtol\n'}
[36.959723] (px4) StdoutLine: {'line': b'-- Installing: /home/adamgb/phd/gazebo_ws/install/px4/share/px4/etc/init.d-posix/airframes/1011_gazebo-classic_iris_irlock\n'}
[36.959777] (px4) StdoutLine: {'line': b'-- Installing: /home/adamgb/phd/gazebo_ws/install/px4/share/px4/etc/init.d-posix/airframes/2507_gazebo-classic_cloudship\n'}
[36.959810] (px4) StdoutLine: {'line': b'-- Installing: /home/adamgb/phd/gazebo_ws/install/px4/share/px4/etc/init.d-posix/airframes/1044_gazebo-classic_plane_lidar\n'}
[36.959843] (px4) StdoutLine: {'line': b'-- Installing: /home/adamgb/phd/gazebo_ws/install/px4/share/px4/etc/init.d-posix/airframes/4002_gz_x500_depth\n'}
[36.959877] (px4) StdoutLine: {'line': b'-- Installing: /home/adamgb/phd/gazebo_ws/install/px4/share/px4/etc/init.d-posix/airframes/1043_gazebo-classic_standard_vtol_drop\n'}
[36.959920] (px4) StdoutLine: {'line': b'-- Installing: /home/adamgb/phd/gazebo_ws/install/px4/share/px4/etc/init.d-posix/airframes/10041_sihsim_airplane\n'}
[36.959954] (px4) StdoutLine: {'line': b'-- Installing: /home/adamgb/phd/gazebo_ws/install/px4/share/px4/etc/init.d-posix/airframes/4019_gz_x500_gimbal\n'}
[36.959987] (px4) StdoutLine: {'line': b'-- Installing: /home/adamgb/phd/gazebo_ws/install/px4/share/px4/etc/init.d-posix/airframes/10019_gazebo-classic_omnicopter\n'}
[36.960019] (px4) StdoutLine: {'line': b'-- Installing: /home/adamgb/phd/gazebo_ws/install/px4/share/px4/etc/init.d-posix/airframes/4008_gz_advanced_plane\n'}
[36.960070] (px4) StdoutLine: {'line': b'-- Installing: /home/adamgb/phd/gazebo_ws/install/px4/share/px4/etc/init.d-posix/airframes/1038_gazebo-classic_glider\n'}
[36.960105] (px4) StdoutLine: {'line': b'-- Installing: /home/adamgb/phd/gazebo_ws/install/px4/share/px4/etc/init.d-posix/airframes/70000_gz_atmos\n'}
[36.960138] (px4) StdoutLine: {'line': b'-- Installing: /home/adamgb/phd/gazebo_ws/install/px4/share/px4/etc/init.d-posix/airframes/4009_gz_r1_rover\n'}
[36.960188] (px4) StdoutLine: {'line': b'-- Installing: /home/adamgb/phd/gazebo_ws/install/px4/share/px4/etc/init.d-posix/airframes/10018_gazebo-classic_iris_foggy_lidar\n'}
[36.960223] (px4) StdoutLine: {'line': b'-- Installing: /home/adamgb/phd/gazebo_ws/install/px4/share/px4/etc/init.d-posix/airframes/4017_gz_x500_lidar_front\n'}
[36.960256] (px4) StdoutLine: {'line': b'-- Installing: /home/adamgb/phd/gazebo_ws/install/px4/share/px4/etc/init.d-posix/airframes/17002_flightgear_tf-g2\n'}
[36.960309] (px4) StdoutLine: {'line': b'-- Installing: /home/adamgb/phd/gazebo_ws/install/px4/share/px4/etc/init.d-posix/airframes/1021_gazebo-classic_uuv_hippocampus\n'}
[36.960344] (px4) StdoutLine: {'line': b'-- Installing: /home/adamgb/phd/gazebo_ws/install/px4/share/px4/etc/init.d-posix/airframes/1030_gazebo-classic_plane\n'}
[36.960377] (px4) StdoutLine: {'line': b'-- Installing: /home/adamgb/phd/gazebo_ws/install/px4/share/px4/etc/init.d-posix/airframes/60002_gz_uuv_bluerov2_heavy\n'}
[36.960428] (px4) StdoutLine: {'line': b'-- Installing: /home/adamgb/phd/gazebo_ws/install/px4/share/px4/etc/init.d-posix/airframes/4018_gz_quadtailsitter\n'}
[36.960469] (px4) StdoutLine: {'line': b'-- Installing: /home/adamgb/phd/gazebo_ws/install/px4/share/px4/etc/init.d-posix/airframes/1019_gazebo-classic_iris_dual_gps\n'}
[36.960502] (px4) StdoutLine: {'line': b'-- Installing: /home/adamgb/phd/gazebo_ws/install/px4/share/px4/etc/init.d-posix/airframes/4016_gz_x500_lidar_down\n'}
[36.960551] (px4) StdoutLine: {'line': b'-- Installing: /home/adamgb/phd/gazebo_ws/install/px4/share/px4/etc/init.d-posix/airframes/4021_gz_x500_flow\n'}
[36.960584] (px4) StdoutLine: {'line': b'-- Installing: /home/adamgb/phd/gazebo_ws/install/px4/share/px4/etc/init.d-posix/airframes/1017_gazebo-classic_iris_opt_flow_mockup\n'}
[36.960642] (px4) StdoutLine: {'line': b'-- Installing: /home/adamgb/phd/gazebo_ws/install/px4/share/px4/etc/init.d-posix/airframes/4003_gz_rc_cessna\n'}
[36.960674] (px4) StdoutLine: {'line': b'-- Installing: /home/adamgb/phd/gazebo_ws/install/px4/share/px4/etc/init.d-posix/airframes/3010_jsbsim_quadrotor_x\n'}
[36.960708] (px4) StdoutLine: {'line': b'-- Installing: /home/adamgb/phd/gazebo_ws/install/px4/share/px4/etc/init.d-posix/airframes/1015_gazebo-classic_iris_depth_camera\n'}
[36.960757] (px4) StdoutLine: {'line': b'-- Installing: /home/adamgb/phd/gazebo_ws/install/px4/share/px4/etc/init.d-posix/airframes/1070_gazebo-classic_boat\n'}
[36.960789] (px4) StdoutLine: {'line': b'-- Installing: /home/adamgb/phd/gazebo_ws/install/px4/share/px4/etc/init.d-posix/airframes/1012_gazebo-classic_iris_rplidar\n'}
[36.960820] (px4) StdoutLine: {'line': b'-- Installing: /home/adamgb/phd/gazebo_ws/install/px4/share/px4/etc/init.d-posix/airframes/1045_gazebo-classic_quadtailsitter\n'}
[36.960852] (px4) StdoutLine: {'line': b'-- Installing: /home/adamgb/phd/gazebo_ws/install/px4/share/px4/etc/init.d-posix/airframes/4006_gz_px4vision\n'}
[36.960901] (px4) StdoutLine: {'line': b'-- Installing: /home/adamgb/phd/gazebo_ws/install/px4/share/px4/etc/init.d-posix/airframes/10030_gazebo-classic_px4vision\n'}
[36.960954] (px4) StdoutLine: {'line': b'-- Installing: /home/adamgb/phd/gazebo_ws/install/px4/share/px4/etc/init.d-posix/airframes/1062_flightgear_tf-r1\n'}
[36.960990] (px4) StdoutLine: {'line': b'-- Installing: /home/adamgb/phd/gazebo_ws/install/px4/share/px4/etc/init.d-posix/airframes/10042_sihsim_xvert\n'}
[36.961023] (px4) StdoutLine: {'line': b'-- Installing: /home/adamgb/phd/gazebo_ws/install/px4/share/px4/etc/init.d-posix/px4-rc.gzsim\n'}
[36.961070] (px4) StdoutLine: {'line': b'-- Installing: /home/adamgb/phd/gazebo_ws/install/px4/share/px4/etc/init.d-posix/px4-rc.mavlink\n'}
[36.961119] (px4) StdoutLine: {'line': b'-- Installing: /home/adamgb/phd/gazebo_ws/install/px4/share/px4/etc/init.d-posix/px4-rc.simulator\n'}
[36.961153] (px4) StdoutLine: {'line': b'-- Installing: /home/adamgb/phd/gazebo_ws/install/px4/share/px4/etc/init.d-posix/rcS\n'}
[36.961201] (px4) StdoutLine: {'line': b'-- Installing: /home/adamgb/phd/gazebo_ws/install/px4/share/px4/etc/init.d-posix/px4-rc.mavlinksim\n'}
[36.961237] (px4) StdoutLine: {'line': b'-- Installing: /home/adamgb/phd/gazebo_ws/install/px4/share/px4/etc/init.d-posix/px4-rc.jmavsim\n'}
[36.961306] (px4) StdoutLine: {'line': b'-- Installing: /home/adamgb/phd/gazebo_ws/install/px4/share/px4/etc/init.d-posix/px4-rc.sihsim\n'}
[36.961339] (px4) StdoutLine: {'line': b'-- Installing: /home/adamgb/phd/gazebo_ws/install/px4/share/px4/etc/extras\n'}
[36.961373] (px4) StdoutLine: {'line': b'-- Installing: /home/adamgb/phd/gazebo_ws/install/px4/share/px4/etc/extras/component_general.json.xz\n'}
[36.961405] (px4) StdoutLine: {'line': b'-- Installing: /home/adamgb/phd/gazebo_ws/install/px4/share/px4/etc/extras/parameters.json.xz\n'}
[36.961474] (px4) StdoutLine: {'line': b'-- Installing: /home/adamgb/phd/gazebo_ws/install/px4/share/px4/etc/extras/actuators.json.xz\n'}
[36.961570] (px4) StdoutLine: {'line': b'-- Installing: /home/adamgb/phd/gazebo_ws/install/px4/share/px4/etc/extras/all_events.json.xz\n'}
[36.961613] (px4) StdoutLine: {'line': b'-- Installing: /home/adamgb/phd/gazebo_ws/install/px4/share/px4/etc/init.d\n'}
[36.961648] (px4) StdoutLine: {'line': b'-- Installing: /home/adamgb/phd/gazebo_ws/install/px4/share/px4/etc/init.d/rc.uuv_defaults\n'}
[36.961682] (px4) StdoutLine: {'line': b'-- Installing: /home/adamgb/phd/gazebo_ws/install/px4/share/px4/etc/init.d/rc.serial\n'}
[36.961738] (px4) StdoutLine: {'line': b'-- Installing: /home/adamgb/phd/gazebo_ws/install/px4/share/px4/etc/init.d/rc.airship_apps\n'}
[36.961790] (px4) StdoutLine: {'line': b'-- Installing: /home/adamgb/phd/gazebo_ws/install/px4/share/px4/etc/init.d/rc.mc_apps\n'}
[36.961828] (px4) StdoutLine: {'line': b'-- Installing: /home/adamgb/phd/gazebo_ws/install/px4/share/px4/etc/init.d/rc.balloon_apps\n'}
[36.961859] (px4) StdoutLine: {'line': b'-- Installing: /home/adamgb/phd/gazebo_ws/install/px4/share/px4/etc/init.d/rc.rover_mecanum_defaults\n'}
[36.961892] (px4) StdoutLine: {'line': b'-- Installing: /home/adamgb/phd/gazebo_ws/install/px4/share/px4/etc/init.d/airframes\n'}
[36.961924] (px4) StdoutLine: {'line': b'-- Installing: /home/adamgb/phd/gazebo_ws/install/px4/share/px4/etc/init.d/airframes/4001_quad_x\n'}
[36.961971] (px4) StdoutLine: {'line': b'-- Installing: /home/adamgb/phd/gazebo_ws/install/px4/share/px4/etc/init.d/airframes/1100_rc_quad_x_sih.hil\n'}
[36.962003] (px4) StdoutLine: {'line': b'-- Installing: /home/adamgb/phd/gazebo_ws/install/px4/share/px4/etc/init.d/airframes/14001_generic_mc_with_tilt\n'}
[36.962044] (px4) StdoutLine: {'line': b'-- Installing: /home/adamgb/phd/gazebo_ws/install/px4/share/px4/etc/init.d/airframes/4019_x500_v2\n'}
[36.962076] (px4) StdoutLine: {'line': b'-- Installing: /home/adamgb/phd/gazebo_ws/install/px4/share/px4/etc/init.d/airframes/16001_helicopter\n'}
[36.962116] (px4) StdoutLine: {'line': b'-- Installing: /home/adamgb/phd/gazebo_ws/install/px4/share/px4/etc/init.d/airframes/13200_generic_vtol_tailsitter\n'}
[36.962153] (px4) StdoutLine: {'line': b'-- Installing: /home/adamgb/phd/gazebo_ws/install/px4/share/px4/etc/init.d/airframes/2106_albatross\n'}
[36.962186] (px4) StdoutLine: {'line': b'-- Installing: /home/adamgb/phd/gazebo_ws/install/px4/share/px4/etc/init.d/airframes/12001_octo_cox\n'}
[36.962224] (px4) StdoutLine: {'line': b'-- Installing: /home/adamgb/phd/gazebo_ws/install/px4/share/px4/etc/init.d/airframes/2100_standard_plane\n'}
[36.962268] (px4) StdoutLine: {'line': b'-- Installing: /home/adamgb/phd/gazebo_ws/install/px4/share/px4/etc/init.d/airframes/4050_generic_250\n'}
[36.962307] (px4) StdoutLine: {'line': b'-- Installing: /home/adamgb/phd/gazebo_ws/install/px4/share/px4/etc/init.d/airframes/52000_generic_rover_mecanum\n'}
[36.962338] (px4) StdoutLine: {'line': b'-- Installing: /home/adamgb/phd/gazebo_ws/install/px4/share/px4/etc/init.d/airframes/4053_holybro_kopis2\n'}
[36.962372] (px4) StdoutLine: {'line': b'-- Installing: /home/adamgb/phd/gazebo_ws/install/px4/share/px4/etc/init.d/airframes/1002_standard_vtol.hil\n'}
[36.962415] (px4) StdoutLine: {'line': b'-- Installing: /home/adamgb/phd/gazebo_ws/install/px4/share/px4/etc/init.d/airframes/4041_beta75x\n'}
[36.962451] (px4) StdoutLine: {'line': b'-- Installing: /home/adamgb/phd/gazebo_ws/install/px4/share/px4/etc/init.d/airframes/17003_TF-G2\n'}
[36.962490] (px4) StdoutLine: {'line': b'-- Installing: /home/adamgb/phd/gazebo_ws/install/px4/share/px4/etc/init.d/airframes/4061_atl_mantis_edu\n'}
[36.962530] (px4) StdoutLine: {'line': b'-- Installing: /home/adamgb/phd/gazebo_ws/install/px4/share/px4/etc/init.d/airframes/51002_nxp_b3rb\n'}
[36.962568] (px4) StdoutLine: {'line': b'-- Installing: /home/adamgb/phd/gazebo_ws/install/px4/share/px4/etc/init.d/airframes/3000_generic_wing\n'}
[36.962602] (px4) StdoutLine: {'line': b'-- Installing: /home/adamgb/phd/gazebo_ws/install/px4/share/px4/etc/init.d/airframes/51001_axial_scx10_2_trail_honcho\n'}
[36.962638] (px4) StdoutLine: {'line': b'-- Installing: /home/adamgb/phd/gazebo_ws/install/px4/share/px4/etc/init.d/airframes/60002_uuv_bluerov2_heavy\n'}
[36.962671] (px4) StdoutLine: {'line': b'-- Installing: /home/adamgb/phd/gazebo_ws/install/px4/share/px4/etc/init.d/airframes/1103_standard_vtol_sih.hil\n'}
[36.962704] (px4) StdoutLine: {'line': b'-- Installing: /home/adamgb/phd/gazebo_ws/install/px4/share/px4/etc/init.d/airframes/13000_generic_vtol_standard\n'}
[36.962745] (px4) StdoutLine: {'line': b'-- Installing: /home/adamgb/phd/gazebo_ws/install/px4/share/px4/etc/init.d/airframes/60000_uuv_generic\n'}
[36.962782] (px4) StdoutLine: {'line': b'-- Installing: /home/adamgb/phd/gazebo_ws/install/px4/share/px4/etc/init.d/airframes/1104_standard_ackermann_sih.hil\n'}
[36.962822] (px4) StdoutLine: {'line': b'-- Installing: /home/adamgb/phd/gazebo_ws/install/px4/share/px4/etc/init.d/airframes/51000_generic_rover_ackermann\n'}
[36.962860] (px4) StdoutLine: {'line': b'-- Installing: /home/adamgb/phd/gazebo_ws/install/px4/share/px4/etc/init.d/airframes/1102_tailsitter_duo_sih.hil\n'}
[36.962896] (px4) StdoutLine: {'line': b'-- Installing: /home/adamgb/phd/gazebo_ws/install/px4/share/px4/etc/init.d/airframes/5001_quad_+\n'}
[36.962934] (px4) StdoutLine: {'line': b'-- Installing: /home/adamgb/phd/gazebo_ws/install/px4/share/px4/etc/init.d/airframes/18001_TF-B1\n'}
[36.962965] (px4) StdoutLine: {'line': b'-- Installing: /home/adamgb/phd/gazebo_ws/install/px4/share/px4/etc/init.d/airframes/4601_droneblocks_dexi_5\n'}
[36.963002] (px4) StdoutLine: {'line': b'-- Installing: /home/adamgb/phd/gazebo_ws/install/px4/share/px4/etc/init.d/airframes/6002_draco_r\n'}
[36.963037] (px4) StdoutLine: {'line': b'-- Installing: /home/adamgb/phd/gazebo_ws/install/px4/share/px4/etc/init.d/airframes/8001_octo_x\n'}
[36.963075] (px4) StdoutLine: {'line': b'-- Installing: /home/adamgb/phd/gazebo_ws/install/px4/share/px4/etc/init.d/airframes/17002_TF-AutoG2\n'}
[36.963116] (px4) StdoutLine: {'line': b'-- Installing: /home/adamgb/phd/gazebo_ws/install/px4/share/px4/etc/init.d/airframes/7001_hexa_+\n'}
[36.963156] (px4) StdoutLine: {'line': b'-- Installing: /home/adamgb/phd/gazebo_ws/install/px4/share/px4/etc/init.d/airframes/4901_crazyflie21\n'}
[36.963193] (px4) StdoutLine: {'line': b'-- Installing: /home/adamgb/phd/gazebo_ws/install/px4/share/px4/etc/init.d/airframes/4052_holybro_qav250\n'}
[36.963231] (px4) StdoutLine: {'line': b'-- Installing: /home/adamgb/phd/gazebo_ws/install/px4/share/px4/etc/init.d/airframes/11001_hexa_cox\n'}
[36.963266] (px4) StdoutLine: {'line': b'-- Installing: /home/adamgb/phd/gazebo_ws/install/px4/share/px4/etc/init.d/airframes/24001_dodeca_cox\n'}
[36.963300] (px4) StdoutLine: {'line': b'-- Installing: /home/adamgb/phd/gazebo_ws/install/px4/share/px4/etc/init.d/airframes/4020_holybro_px4vision_v1_5\n'}
[36.963347] (px4) StdoutLine: {'line': b'-- Installing: /home/adamgb/phd/gazebo_ws/install/px4/share/px4/etc/init.d/airframes/1101_rc_plane_sih.hil\n'}
[36.963389] (px4) StdoutLine: {'line': b'-- Installing: /home/adamgb/phd/gazebo_ws/install/px4/share/px4/etc/init.d/airframes/9001_octo_+\n'}
[36.963431] (px4) StdoutLine: {'line': b'-- Installing: /home/adamgb/phd/gazebo_ws/install/px4/share/px4/etc/init.d/airframes/4015_holybro_s500\n'}
[36.963474] (px4) StdoutLine: {'line': b'-- Installing: /home/adamgb/phd/gazebo_ws/install/px4/share/px4/etc/init.d/airframes/50001_aion_robotics_r1_rover\n'}
[36.963516] (px4) StdoutLine: {'line': b'-- Installing: /home/adamgb/phd/gazebo_ws/install/px4/share/px4/etc/init.d/airframes/50000_generic_rover_differential\n'}
[36.963563] (px4) StdoutLine: {'line': b'-- Installing: /home/adamgb/phd/gazebo_ws/install/px4/share/px4/etc/init.d/airframes/4017_nxp_hovergames\n'}
[36.963606] (px4) StdoutLine: {'line': b'-- Installing: /home/adamgb/phd/gazebo_ws/install/px4/share/px4/etc/init.d/airframes/4500_clover4\n'}
[36.963648] (px4) StdoutLine: {'line': b'-- Installing: /home/adamgb/phd/gazebo_ws/install/px4/share/px4/etc/init.d/airframes/4073_ifo-s\n'}
[36.963687] (px4) StdoutLine: {'line': b'-- Installing: /home/adamgb/phd/gazebo_ws/install/px4/share/px4/etc/init.d/airframes/1001_rc_quad_x.hil\n'}
[36.963731] (px4) StdoutLine: {'line': b'-- Installing: /home/adamgb/phd/gazebo_ws/install/px4/share/px4/etc/init.d/airframes/4016_holybro_px4vision\n'}
[36.963775] (px4) StdoutLine: {'line': b'-- Installing: /home/adamgb/phd/gazebo_ws/install/px4/share/px4/etc/init.d/airframes/4071_ifo\n'}
[36.963817] (px4) StdoutLine: {'line': b'-- Installing: /home/adamgb/phd/gazebo_ws/install/px4/share/px4/etc/init.d/airframes/13030_generic_vtol_quad_tiltrotor\n'}
[36.963861] (px4) StdoutLine: {'line': b'-- Installing: /home/adamgb/phd/gazebo_ws/install/px4/share/px4/etc/init.d/airframes/13100_generic_vtol_tiltrotor\n'}
[36.963904] (px4) StdoutLine: {'line': b'-- Installing: /home/adamgb/phd/gazebo_ws/install/px4/share/px4/etc/init.d/airframes/60001_uuv_hippocampus\n'}
[36.963946] (px4) StdoutLine: {'line': b'-- Installing: /home/adamgb/phd/gazebo_ws/install/px4/share/px4/etc/init.d/airframes/6001_hexa_x\n'}
[36.963988] (px4) StdoutLine: {'line': b'-- Installing: /home/adamgb/phd/gazebo_ws/install/px4/share/px4/etc/init.d/airframes/2507_cloudship\n'}
[36.964032] (px4) StdoutLine: {'line': b'-- Installing: /home/adamgb/phd/gazebo_ws/install/px4/share/px4/etc/init.d/airframes/4014_s500\n'}
[36.964076] (px4) StdoutLine: {'line': b'-- Installing: /home/adamgb/phd/gazebo_ws/install/px4/share/px4/etc/init.d/rc.sensors\n'}
[36.964120] (px4) StdoutLine: {'line': b'-- Installing: /home/adamgb/phd/gazebo_ws/install/px4/share/px4/etc/init.d/rc.vtol_defaults\n'}
[36.964159] (px4) StdoutLine: {'line': b'-- Installing: /home/adamgb/phd/gazebo_ws/install/px4/share/px4/etc/init.d/rc.thermal_cal\n'}
[36.964198] (px4) StdoutLine: {'line': b'-- Installing: /home/adamgb/phd/gazebo_ws/install/px4/share/px4/etc/init.d/rc.rover_ackermann_defaults\n'}
[36.964241] (px4) StdoutLine: {'line': b'-- Installing: /home/adamgb/phd/gazebo_ws/install/px4/share/px4/etc/init.d/rc.rover_differential_apps\n'}
[36.964281] (px4) StdoutLine: {'line': b'-- Installing: /home/adamgb/phd/gazebo_ws/install/px4/share/px4/etc/init.d/rc.rover_differential_defaults\n'}
[36.964322] (px4) StdoutLine: {'line': b'-- Installing: /home/adamgb/phd/gazebo_ws/install/px4/share/px4/etc/init.d/rc.mc_defaults\n'}
[36.964361] (px4) StdoutLine: {'line': b'-- Installing: /home/adamgb/phd/gazebo_ws/install/px4/share/px4/etc/init.d/rc.sysinit\n'}
[36.964400] (px4) StdoutLine: {'line': b'-- Installing: /home/adamgb/phd/gazebo_ws/install/px4/share/px4/etc/init.d/rc.autostart.post\n'}
[36.964438] (px4) StdoutLine: {'line': b'-- Installing: /home/adamgb/phd/gazebo_ws/install/px4/share/px4/etc/init.d/rc.filepaths\n'}
[36.964480] (px4) StdoutLine: {'line': b'-- Installing: /home/adamgb/phd/gazebo_ws/install/px4/share/px4/etc/init.d/rc.autostart_ext\n'}
[36.964519] (px4) StdoutLine: {'line': b'-- Installing: /home/adamgb/phd/gazebo_ws/install/px4/share/px4/etc/init.d/rcS\n'}
[36.964565] (px4) StdoutLine: {'line': b'-- Installing: /home/adamgb/phd/gazebo_ws/install/px4/share/px4/etc/init.d/rc.autostart\n'}
[36.964609] (px4) StdoutLine: {'line': b'-- Installing: /home/adamgb/phd/gazebo_ws/install/px4/share/px4/etc/init.d/rc.fw_defaults\n'}
[36.964649] (px4) StdoutLine: {'line': b'-- Installing: /home/adamgb/phd/gazebo_ws/install/px4/share/px4/etc/init.d/rc.uuv_apps\n'}
[36.964688] (px4) StdoutLine: {'line': b'-- Installing: /home/adamgb/phd/gazebo_ws/install/px4/share/px4/etc/init.d/rc.balloon_defaults\n'}
[36.964729] (px4) StdoutLine: {'line': b'-- Installing: /home/adamgb/phd/gazebo_ws/install/px4/share/px4/etc/init.d/rc.rover_ackermann_apps\n'}
[36.964771] (px4) StdoutLine: {'line': b'-- Installing: /home/adamgb/phd/gazebo_ws/install/px4/share/px4/etc/init.d/rc.vtol_apps\n'}
[36.964810] (px4) StdoutLine: {'line': b'-- Installing: /home/adamgb/phd/gazebo_ws/install/px4/share/px4/etc/init.d/rc.airship_defaults\n'}
[36.964850] (px4) StdoutLine: {'line': b'-- Installing: /home/adamgb/phd/gazebo_ws/install/px4/share/px4/etc/init.d/rc.logging\n'}
[36.964890] (px4) StdoutLine: {'line': b'-- Installing: /home/adamgb/phd/gazebo_ws/install/px4/share/px4/etc/init.d/rc.fw_apps\n'}
[36.964934] (px4) StdoutLine: {'line': b'-- Installing: /home/adamgb/phd/gazebo_ws/install/px4/share/px4/etc/init.d/rc.vehicle_setup\n'}
[36.964975] (px4) StdoutLine: {'line': b'-- Installing: /home/adamgb/phd/gazebo_ws/install/px4/share/px4/etc/init.d/rc.rover_mecanum_apps\n'}
[36.965015] (px4) StdoutLine: {'line': b'-- Installing: /home/adamgb/phd/gazebo_ws/install/px4/share/px4/etc/init.d/rc.heli_defaults\n'}
[36.965079] (px4) StdoutLine: {'line': b'-- Installing: /home/adamgb/phd/gazebo_ws/install/px4/lib/px4\n'}
[36.965146] (px4) StdoutLine: {'line': b'-- Installing: /home/adamgb/phd/gazebo_ws/install/px4/lib/px4/px4-rover_mecanum\n'}
[36.965187] (px4) StdoutLine: {'line': b'-- Installing: /home/adamgb/phd/gazebo_ws/install/px4/lib/px4/px4-rover_differential\n'}
[36.965235] (px4) StdoutLine: {'line': b'-- Installing: /home/adamgb/phd/gazebo_ws/install/px4/lib/px4/px4-airship_att_control\n'}
[36.965283] (px4) StdoutLine: {'line': b'-- Installing: /home/adamgb/phd/gazebo_ws/install/px4/lib/px4/px4-tests\n'}
[36.965330] (px4) StdoutLine: {'line': b'-- Installing: /home/adamgb/phd/gazebo_ws/install/px4/lib/px4/px4-hello\n'}
[36.965374] (px4) StdoutLine: {'line': b'-- Installing: /home/adamgb/phd/gazebo_ws/install/px4/lib/px4/px4-airspeed_selector\n'}
[36.965406] (px4) StdoutLine: {'line': b'-- Installing: /home/adamgb/phd/gazebo_ws/install/px4/lib/px4/px4-failure\n'}
[36.965457] (px4) StdoutLine: {'line': b'-- Installing: /home/adamgb/phd/gazebo_ws/install/px4/lib/px4/px4-fw_autotune_attitude_control\n'}
[36.965490] (px4) StdoutLine: {'line': b'-- Installing: /home/adamgb/phd/gazebo_ws/install/px4/lib/px4/px4-flight_mode_manager\n'}
[36.965554] (px4) StdoutLine: {'line': b'-- Installing: /home/adamgb/phd/gazebo_ws/install/px4/lib/px4/px4-gyro_calibration\n'}
[36.965596] (px4) StdoutLine: {'line': b'-- Installing: /home/adamgb/phd/gazebo_ws/install/px4/lib/px4/px4-dataman\n'}
[36.965639] (px4) StdoutLine: {'line': b'-- Installing: /home/adamgb/phd/gazebo_ws/install/px4/lib/px4/px4-sensors\n'}
[36.965686] (px4) StdoutLine: {'line': b'-- Installing: /home/adamgb/phd/gazebo_ws/install/px4/lib/px4/px4-fake_gps\n'}
[36.965717] (px4) StdoutLine: {'line': b'-- Installing: /home/adamgb/phd/gazebo_ws/install/px4/lib/px4/px4-sd_bench\n'}
[36.965759] (px4) StdoutLine: {'line': b'-- Installing: /home/adamgb/phd/gazebo_ws/install/px4/lib/px4/px4-mc_hover_thrust_estimator\n'}
[36.965790] (px4) StdoutLine: {'line': b'-- Installing: /home/adamgb/phd/gazebo_ws/install/px4/lib/px4/px4-battery_simulator\n'}
[36.965819] (px4) StdoutLine: {'line': b'-- Installing: /home/adamgb/phd/gazebo_ws/install/px4/lib/px4/px4-vtol_att_control\n'}
[36.965850] (px4) StdoutLine: {'line': b'-- Installing: /home/adamgb/phd/gazebo_ws/install/px4/lib/px4/px4-mag_bias_estimator\n'}
[36.965880] (px4) StdoutLine: {'line': b'-- Installing: /home/adamgb/phd/gazebo_ws/install/px4/lib/px4/px4-mc_pos_control\n'}
[36.965912] (px4) StdoutLine: {'line': b'-- Installing: /home/adamgb/phd/gazebo_ws/install/px4/lib/px4/px4-sensor_mag_sim\n'}
[36.965942] (px4) StdoutLine: {'line': b'-- Installing: /home/adamgb/phd/gazebo_ws/install/px4/lib/px4/px4-camera_trigger\n'}
[36.965975] (px4) StdoutLine: {'line': b'-- Installing: /home/adamgb/phd/gazebo_ws/install/px4/lib/px4/px4-uuv_pos_control\n'}
[36.966006] (px4) StdoutLine: {'line': b'-- Installing: /home/adamgb/phd/gazebo_ws/install/px4/lib/px4/px4-sensor_airspeed_sim\n'}
[36.966037] (px4) StdoutLine: {'line': b'-- Installing: /home/adamgb/phd/gazebo_ws/install/px4/lib/px4/px4-work_item_example\n'}
[36.966066] (px4) StdoutLine: {'line': b'-- Installing: /home/adamgb/phd/gazebo_ws/install/px4/lib/px4/px4-work_queue\n'}
[36.966095] (px4) StdoutLine: {'line': b'-- Installing: /home/adamgb/phd/gazebo_ws/install/px4/lib/px4/px4-rc_update\n'}
[36.966124] (px4) StdoutLine: {'line': b'-- Installing: /home/adamgb/phd/gazebo_ws/install/px4/lib/px4/px4-landing_target_estimator\n'}
[36.966156] (px4) StdoutLine: {'line': b'-- Installing: /home/adamgb/phd/gazebo_ws/install/px4/lib/px4/px4-navigator\n'}
[36.966186] (px4) StdoutLine: {'line': b'-- Installing: /home/adamgb/phd/gazebo_ws/install/px4/lib/px4/px4-actuator_test\n'}
[36.966216] (px4) StdoutLine: {'line': b'-- Installing: /home/adamgb/phd/gazebo_ws/install/px4/lib/px4/px4-land_detector\n'}
[36.966245] (px4) StdoutLine: {'line': b'-- Installing: /home/adamgb/phd/gazebo_ws/install/px4/lib/px4/px4-msp_osd\n'}
[36.966274] (px4) StdoutLine: {'line': b'-- Installing: /home/adamgb/phd/gazebo_ws/install/px4/lib/px4/px4-px4_mavlink_debug\n'}
[36.966304] (px4) StdoutLine: {'line': b'-- Installing: /home/adamgb/phd/gazebo_ws/install/px4/lib/px4/px4-load_mon\n'}
[36.966332] (px4) StdoutLine: {'line': b'-- Installing: /home/adamgb/phd/gazebo_ws/install/px4/lib/px4/px4-controllib_test\n'}
[36.966361] (px4) StdoutLine: {'line': b'-- Installing: /home/adamgb/phd/gazebo_ws/install/px4/lib/px4/px4-rc_tests\n'}
[36.966391] (px4) StdoutLine: {'line': b'-- Installing: /home/adamgb/phd/gazebo_ws/install/px4/lib/px4/px4-send_event\n'}
[36.966420] (px4) StdoutLine: {'line': b'-- Installing: /home/adamgb/phd/gazebo_ws/install/px4/lib/px4/px4-led_control\n'}
[36.966453] (px4) StdoutLine: {'line': b'-- Installing: /home/adamgb/phd/gazebo_ws/install/px4/lib/px4/px4-temperature_compensation\n'}
[36.966481] (px4) StdoutLine: {'line': b'-- Installing: /home/adamgb/phd/gazebo_ws/install/px4/lib/px4/px4-fw_lat_lon_control\n'}
[36.966512] (px4) StdoutLine: {'line': b'-- Installing: /home/adamgb/phd/gazebo_ws/install/px4/lib/px4/px4-wqueue_test\n'}
[36.966541] (px4) StdoutLine: {'line': b'-- Installing: /home/adamgb/phd/gazebo_ws/install/px4/lib/px4/px4-logger\n'}
[36.966570] (px4) StdoutLine: {'line': b'-- Installing: /home/adamgb/phd/gazebo_ws/install/px4/lib/px4/px4-septentrio\n'}
[36.966600] (px4) StdoutLine: {'line': b'-- Installing: /home/adamgb/phd/gazebo_ws/install/px4/lib/px4/px4-tune_control\n'}
[36.966629] (px4) StdoutLine: {'line': b'-- Installing: /home/adamgb/phd/gazebo_ws/install/px4/lib/px4/px4-cdev_test\n'}
[36.966657] (px4) StdoutLine: {'line': b'-- Installing: /home/adamgb/phd/gazebo_ws/install/px4/lib/px4/px4-commander\n'}
[36.966687] (px4) StdoutLine: {'line': b'-- Installing: /home/adamgb/phd/gazebo_ws/install/px4/lib/px4/px4-tone_alarm\n'}
[36.966718] (px4) StdoutLine: {'line': b'-- Installing: /home/adamgb/phd/gazebo_ws/install/px4/lib/px4/px4-fake_imu\n'}
[36.966747] (px4) StdoutLine: {'line': b'-- Installing: /home/adamgb/phd/gazebo_ws/install/px4/lib/px4/px4-simulator_sih\n'}
[36.966776] (px4) StdoutLine: {'line': b'-- Installing: /home/adamgb/phd/gazebo_ws/install/px4/lib/px4/px4-sensor_baro_sim\n'}
[36.966806] (px4) StdoutLine: {'line': b'-- Installing: /home/adamgb/phd/gazebo_ws/install/px4/lib/px4/px4-camera_feedback\n'}
[36.966835] (px4) StdoutLine: {'line': b'-- Installing: /home/adamgb/phd/gazebo_ws/install/px4/lib/px4/px4\n'}
[36.988281] (px4) StdoutLine: {'line': b'-- Installing: /home/adamgb/phd/gazebo_ws/install/px4/lib/px4/px4-system_time\n'}
[36.988403] (px4) StdoutLine: {'line': b'-- Installing: /home/adamgb/phd/gazebo_ws/install/px4/lib/px4/px4-replay\n'}
[36.988459] (px4) StdoutLine: {'line': b'-- Installing: /home/adamgb/phd/gazebo_ws/install/px4/lib/px4/px4-gyro_fft\n'}
[36.988513] (px4) StdoutLine: {'line': b'-- Installing: /home/adamgb/phd/gazebo_ws/install/px4/lib/px4/px4-pwm_out_sim\n'}
[36.988556] (px4) StdoutLine: {'line': b'-- Installing: /home/adamgb/phd/gazebo_ws/install/px4/lib/px4/px4-gimbal\n'}
[36.988595] (px4) StdoutLine: {'line': b'-- Installing: /home/adamgb/phd/gazebo_ws/install/px4/lib/px4/px4-uorb_tests\n'}
[36.988641] (px4) StdoutLine: {'line': b'-- Installing: /home/adamgb/phd/gazebo_ws/install/px4/lib/px4/px4-fw_mode_manager\n'}
[36.988697] (px4) StdoutLine: {'line': b'-- Installing: /home/adamgb/phd/gazebo_ws/install/px4/lib/px4/px4-fw_att_control\n'}
[36.988746] (px4) StdoutLine: {'line': b'-- Installing: /home/adamgb/phd/gazebo_ws/install/px4/lib/px4/px4-perf\n'}
[36.988792] (px4) StdoutLine: {'line': b'-- Installing: /home/adamgb/phd/gazebo_ws/install/px4/lib/px4/px4-px4_simple_app\n'}
[36.988824] (px4) StdoutLine: {'line': b'-- Installing: /home/adamgb/phd/gazebo_ws/install/px4/lib/px4/px4-local_position_estimator\n'}
[36.988863] (px4) StdoutLine: {'line': b'-- Installing: /home/adamgb/phd/gazebo_ws/install/px4/lib/px4/px4-gps\n'}
[36.988896] (px4) StdoutLine: {'line': b'-- Installing: /home/adamgb/phd/gazebo_ws/install/px4/lib/px4/px4-sensor_gps_sim\n'}
[36.988935] (px4) StdoutLine: {'line': b'-- Installing: /home/adamgb/phd/gazebo_ws/install/px4/lib/px4/px4-shutdown\n'}
[36.988974] (px4) StdoutLine: {'line': b'-- Installing: /home/adamgb/phd/gazebo_ws/install/px4/lib/px4/px4-payload_deliverer\n'}
[36.989013] (px4) StdoutLine: {'line': b'-- Installing: /home/adamgb/phd/gazebo_ws/install/px4/lib/px4/px4-system_power_simulator\n'}
[36.989057] (px4) StdoutLine: {'line': b'-- Installing: /home/adamgb/phd/gazebo_ws/install/px4/lib/px4/px4-dyn\n'}
[36.989097] (px4) StdoutLine: {'line': b'-- Installing: /home/adamgb/phd/gazebo_ws/install/px4/lib/px4/px4-attitude_estimator_q\n'}
[36.989135] (px4) StdoutLine: {'line': b'-- Installing: /home/adamgb/phd/gazebo_ws/install/px4/lib/px4/px4-listener\n'}
[36.989169] (px4) StdoutLine: {'line': b'-- Installing: /home/adamgb/phd/gazebo_ws/install/px4/lib/px4/px4-fw_rate_control\n'}
[36.989209] (px4) StdoutLine: {'line': b'-- Installing: /home/adamgb/phd/gazebo_ws/install/px4/lib/px4/px4-rover_ackermann\n'}
[36.989249] (px4) StdoutLine: {'line': b'-- Installing: /home/adamgb/phd/gazebo_ws/install/px4/lib/px4/px4-ekf2\n'}
[36.989283] (px4) StdoutLine: {'line': b'-- Installing: /home/adamgb/phd/gazebo_ws/install/px4/lib/px4/px4-uorb\n'}
[36.989321] (px4) StdoutLine: {'line': b'-- Installing: /home/adamgb/phd/gazebo_ws/install/px4/lib/px4/px4-mavlink\n'}
[36.989363] (px4) StdoutLine: {'line': b'-- Installing: /home/adamgb/phd/gazebo_ws/install/px4/lib/px4/px4-fake_magnetometer\n'}
[36.989403] (px4) StdoutLine: {'line': b'-- Installing: /home/adamgb/phd/gazebo_ws/install/px4/lib/px4/px4-alias.sh\n'}
[36.989435] (px4) StdoutLine: {'line': b'-- Installing: /home/adamgb/phd/gazebo_ws/install/px4/lib/px4/px4-mc_att_control\n'}
[36.989472] (px4) StdoutLine: {'line': b'-- Installing: /home/adamgb/phd/gazebo_ws/install/px4/lib/px4/px4-uuv_att_control\n'}
[36.989504] (px4) StdoutLine: {'line': b'-- Installing: /home/adamgb/phd/gazebo_ws/install/px4/lib/px4/px4-uxrce_dds_client\n'}
[36.989536] (px4) StdoutLine: {'line': b'-- Installing: /home/adamgb/phd/gazebo_ws/install/px4/lib/px4/px4-sensor_agp_sim\n'}
[36.989566] (px4) StdoutLine: {'line': b'-- Installing: /home/adamgb/phd/gazebo_ws/install/px4/lib/px4/px4-bsondump\n'}
[36.989597] (px4) StdoutLine: {'line': b'-- Installing: /home/adamgb/phd/gazebo_ws/install/px4/lib/px4/px4-ver\n'}
[36.989628] (px4) StdoutLine: {'line': b'-- Installing: /home/adamgb/phd/gazebo_ws/install/px4/lib/px4/px4-gz_bridge\n'}
[36.989660] (px4) StdoutLine: {'line': b'-- Installing: /home/adamgb/phd/gazebo_ws/install/px4/lib/px4/px4-mc_autotune_attitude_control\n'}
[36.989690] (px4) StdoutLine: {'line': b'-- Installing: /home/adamgb/phd/gazebo_ws/install/px4/lib/px4/px4-hrt_test\n'}
[36.989721] (px4) StdoutLine: {'line': b'-- Installing: /home/adamgb/phd/gazebo_ws/install/px4/lib/px4/px4-control_allocator\n'}
[36.989752] (px4) StdoutLine: {'line': b'-- Installing: /home/adamgb/phd/gazebo_ws/install/px4/lib/px4/px4-manual_control\n'}
[36.989784] (px4) StdoutLine: {'line': b'-- Installing: /home/adamgb/phd/gazebo_ws/install/px4/lib/px4/px4-param\n'}
[36.989815] (px4) StdoutLine: {'line': b'-- Installing: /home/adamgb/phd/gazebo_ws/install/px4/lib/px4/px4-mc_rate_control\n'}
[36.989847] (px4) StdoutLine: {'line': b'-- Installing: /home/adamgb/phd/gazebo_ws/install/px4/lib/px4/px4-simulator_mavlink\n'}
[36.989880] (px4) StdoutLine: {'line': b'-- Installing: /home/adamgb/phd/gazebo_ws/install/px4/share/px4/Tools/simulation/gz/models\n'}
[36.989911] (px4) StdoutLine: {'line': b'-- Installing: /home/adamgb/phd/gazebo_ws/install/px4/share/px4/Tools/simulation/gz/models/x500_vision\n'}
[36.989944] (px4) StdoutLine: {'line': b'-- Installing: /home/adamgb/phd/gazebo_ws/install/px4/share/px4/Tools/simulation/gz/models/x500_vision/model.sdf\n'}
[36.989976] (px4) StdoutLine: {'line': b'-- Installing: /home/adamgb/phd/gazebo_ws/install/px4/share/px4/Tools/simulation/gz/models/x500_vision/model.config\n'}
[36.990008] (px4) StdoutLine: {'line': b'-- Installing: /home/adamgb/phd/gazebo_ws/install/px4/share/px4/Tools/simulation/gz/models/px4vision\n'}
[36.990039] (px4) StdoutLine: {'line': b'-- Installing: /home/adamgb/phd/gazebo_ws/install/px4/share/px4/Tools/simulation/gz/models/px4vision/model.sdf\n'}
[36.990071] (px4) StdoutLine: {'line': b'-- Installing: /home/adamgb/phd/gazebo_ws/install/px4/share/px4/Tools/simulation/gz/models/px4vision/thumbnails\n'}
[36.990102] (px4) StdoutLine: {'line': b'-- Installing: /home/adamgb/phd/gazebo_ws/install/px4/share/px4/Tools/simulation/gz/models/px4vision/thumbnails/px4_vision_top.png\n'}
[36.990133] (px4) StdoutLine: {'line': b'-- Installing: /home/adamgb/phd/gazebo_ws/install/px4/share/px4/Tools/simulation/gz/models/px4vision/thumbnails/px4vision_diagonal.png\n'}
[36.990165] (px4) StdoutLine: {'line': b'-- Installing: /home/adamgb/phd/gazebo_ws/install/px4/share/px4/Tools/simulation/gz/models/px4vision/thumbnails/px4_vision_front.png\n'}
[36.990196] (px4) StdoutLine: {'line': b'-- Installing: /home/adamgb/phd/gazebo_ws/install/px4/share/px4/Tools/simulation/gz/models/px4vision/meshes\n'}
[36.990230] (px4) StdoutLine: {'line': b'-- Installing: /home/adamgb/phd/gazebo_ws/install/px4/share/px4/Tools/simulation/gz/models/px4vision/meshes/body.dae\n'}
[36.991631] (px4) StdoutLine: {'line': b'-- Installing: /home/adamgb/phd/gazebo_ws/install/px4/share/px4/Tools/simulation/gz/models/px4vision/meshes/iris_prop_ccw.dae\n'}
[36.991806] (px4) StdoutLine: {'line': b'-- Installing: /home/adamgb/phd/gazebo_ws/install/px4/share/px4/Tools/simulation/gz/models/px4vision/meshes/iris_prop_cw.dae\n'}
[36.991950] (px4) StdoutLine: {'line': b'-- Installing: /home/adamgb/phd/gazebo_ws/install/px4/share/px4/Tools/simulation/gz/models/px4vision/model.config\n'}
[36.991993] (px4) StdoutLine: {'line': b'-- Installing: /home/adamgb/phd/gazebo_ws/install/px4/share/px4/Tools/simulation/gz/models/rc_cessna\n'}
[36.992036] (px4) StdoutLine: {'line': b'-- Installing: /home/adamgb/phd/gazebo_ws/install/px4/share/px4/Tools/simulation/gz/models/rc_cessna/model.sdf\n'}
[36.992084] (px4) StdoutLine: {'line': b'-- Installing: /home/adamgb/phd/gazebo_ws/install/px4/share/px4/Tools/simulation/gz/models/rc_cessna/meshes\n'}
[36.992125] (px4) StdoutLine: {'line': b'-- Installing: /home/adamgb/phd/gazebo_ws/install/px4/share/px4/Tools/simulation/gz/models/rc_cessna/meshes/propeller_cw.dae\n'}
[36.992171] (px4) StdoutLine: {'line': b'-- Installing: /home/adamgb/phd/gazebo_ws/install/px4/share/px4/Tools/simulation/gz/models/rc_cessna/meshes/right_flap.dae\n'}
[36.992221] (px4) StdoutLine: {'line': b'-- Installing: /home/adamgb/phd/gazebo_ws/install/px4/share/px4/Tools/simulation/gz/models/rc_cessna/meshes/body.dae\n'}
[36.992705] (px4) StdoutLine: {'line': b'-- Installing: /home/adamgb/phd/gazebo_ws/install/px4/share/px4/Tools/simulation/gz/models/rc_cessna/meshes/left_flap.dae\n'}
[36.992778] (px4) StdoutLine: {'line': b'-- Installing: /home/adamgb/phd/gazebo_ws/install/px4/share/px4/Tools/simulation/gz/models/rc_cessna/meshes/elevators.dae\n'}
[36.992819] (px4) StdoutLine: {'line': b'-- Installing: /home/adamgb/phd/gazebo_ws/install/px4/share/px4/Tools/simulation/gz/models/rc_cessna/meshes/propeller_ccw.dae\n'}
[36.992862] (px4) StdoutLine: {'line': b'-- Installing: /home/adamgb/phd/gazebo_ws/install/px4/share/px4/Tools/simulation/gz/models/rc_cessna/meshes/rudder.dae\n'}
[36.992903] (px4) StdoutLine: {'line': b'-- Installing: /home/adamgb/phd/gazebo_ws/install/px4/share/px4/Tools/simulation/gz/models/rc_cessna/meshes/iris_prop_ccw.dae\n'}
[36.993058] (px4) StdoutLine: {'line': b'-- Installing: /home/adamgb/phd/gazebo_ws/install/px4/share/px4/Tools/simulation/gz/models/rc_cessna/meshes/right_aileron.dae\n'}
[36.993107] (px4) StdoutLine: {'line': b'-- Installing: /home/adamgb/phd/gazebo_ws/install/px4/share/px4/Tools/simulation/gz/models/rc_cessna/meshes/left_aileron.dae\n'}
[36.993154] (px4) StdoutLine: {'line': b'-- Installing: /home/adamgb/phd/gazebo_ws/install/px4/share/px4/Tools/simulation/gz/models/rc_cessna/meshes/iris_prop_cw.dae\n'}
[36.993335] (px4) StdoutLine: {'line': b'-- Installing: /home/adamgb/phd/gazebo_ws/install/px4/share/px4/Tools/simulation/gz/models/rc_cessna/model.config\n'}
[36.993379] (px4) StdoutLine: {'line': b'-- Installing: /home/adamgb/phd/gazebo_ws/install/px4/share/px4/Tools/simulation/gz/models/standard_vtol\n'}
[36.993419] (px4) StdoutLine: {'line': b'-- Installing: /home/adamgb/phd/gazebo_ws/install/px4/share/px4/Tools/simulation/gz/models/standard_vtol/model.sdf\n'}
[36.993465] (px4) StdoutLine: {'line': b'-- Installing: /home/adamgb/phd/gazebo_ws/install/px4/share/px4/Tools/simulation/gz/models/standard_vtol/meshes\n'}
[36.993581] (px4) StdoutLine: {'line': b'-- Installing: /home/adamgb/phd/gazebo_ws/install/px4/share/px4/Tools/simulation/gz/models/standard_vtol/meshes/x8_elevon_right.dae\n'}
[36.993615] (px4) StdoutLine: {'line': b'-- Installing: /home/adamgb/phd/gazebo_ws/install/px4/share/px4/Tools/simulation/gz/models/standard_vtol/meshes/x8_wing.dae\n'}
[36.994360] (px4) StdoutLine: {'line': b'-- Installing: /home/adamgb/phd/gazebo_ws/install/px4/share/px4/Tools/simulation/gz/models/standard_vtol/meshes/x8_elevon_left.dae\n'}
[36.994414] (px4) StdoutLine: {'line': b'-- Installing: /home/adamgb/phd/gazebo_ws/install/px4/share/px4/Tools/simulation/gz/models/standard_vtol/meshes/iris_prop_ccw.dae\n'}
[36.994457] (px4) StdoutLine: {'line': b'-- Installing: /home/adamgb/phd/gazebo_ws/install/px4/share/px4/Tools/simulation/gz/models/standard_vtol/meshes/iris_prop_cw.dae\n'}
[36.994669] (px4) StdoutLine: {'line': b'-- Installing: /home/adamgb/phd/gazebo_ws/install/px4/share/px4/Tools/simulation/gz/models/standard_vtol/model.config\n'}
[36.994703] (px4) StdoutLine: {'line': b'-- Installing: /home/adamgb/phd/gazebo_ws/install/px4/share/px4/Tools/simulation/gz/models/arucotag\n'}
[36.994760] (px4) StdoutLine: {'line': b'-- Installing: /home/adamgb/phd/gazebo_ws/install/px4/share/px4/Tools/simulation/gz/models/arucotag/arucotag.png\n'}
[36.994794] (px4) StdoutLine: {'line': b'-- Installing: /home/adamgb/phd/gazebo_ws/install/px4/share/px4/Tools/simulation/gz/models/arucotag/model.sdf\n'}
[36.994871] (px4) StdoutLine: {'line': b'-- Installing: /home/adamgb/phd/gazebo_ws/install/px4/share/px4/Tools/simulation/gz/models/arucotag/model.config\n'}
[36.994905] (px4) StdoutLine: {'line': b'-- Installing: /home/adamgb/phd/gazebo_ws/install/px4/share/px4/Tools/simulation/gz/models/x500_lidar_down\n'}
[36.994937] (px4) StdoutLine: {'line': b'-- Installing: /home/adamgb/phd/gazebo_ws/install/px4/share/px4/Tools/simulation/gz/models/x500_lidar_down/model.sdf\n'}
[36.994980] (px4) StdoutLine: {'line': b'-- Installing: /home/adamgb/phd/gazebo_ws/install/px4/share/px4/Tools/simulation/gz/models/x500_lidar_down/model.config\n'}
[36.995013] (px4) StdoutLine: {'line': b'-- Installing: /home/adamgb/phd/gazebo_ws/install/px4/share/px4/Tools/simulation/gz/models/x500_lidar_2d\n'}
[36.995061] (px4) StdoutLine: {'line': b'-- Installing: /home/adamgb/phd/gazebo_ws/install/px4/share/px4/Tools/simulation/gz/models/x500_lidar_2d/model.sdf\n'}
[36.995096] (px4) StdoutLine: {'line': b'-- Installing: /home/adamgb/phd/gazebo_ws/install/px4/share/px4/Tools/simulation/gz/models/x500_lidar_2d/model.config\n'}
[36.995131] (px4) StdoutLine: {'line': b'-- Installing: /home/adamgb/phd/gazebo_ws/install/px4/share/px4/Tools/simulation/gz/models/rover_ackermann\n'}
[36.995176] (px4) StdoutLine: {'line': b'-- Installing: /home/adamgb/phd/gazebo_ws/install/px4/share/px4/Tools/simulation/gz/models/rover_ackermann/model.sdf\n'}
[36.995212] (px4) StdoutLine: {'line': b'-- Installing: /home/adamgb/phd/gazebo_ws/install/px4/share/px4/Tools/simulation/gz/models/rover_ackermann/meshes\n'}
[36.995252] (px4) StdoutLine: {'line': b'-- Installing: /home/adamgb/phd/gazebo_ws/install/px4/share/px4/Tools/simulation/gz/models/rover_ackermann/meshes/rover_ackermann_base.dae\n'}
[36.995572] (px4) StdoutLine: {'line': b'-- Installing: /home/adamgb/phd/gazebo_ws/install/px4/share/px4/Tools/simulation/gz/models/rover_ackermann/meshes/rover_ackermann_wheel.dae\n'}
[36.995705] (px4) StdoutLine: {'line': b'-- Installing: /home/adamgb/phd/gazebo_ws/install/px4/share/px4/Tools/simulation/gz/models/rover_ackermann/model.config\n'}
[36.995748] (px4) StdoutLine: {'line': b'-- Installing: /home/adamgb/phd/gazebo_ws/install/px4/share/px4/Tools/simulation/gz/models/airspeed\n'}
[36.995790] (px4) StdoutLine: {'line': b'-- Installing: /home/adamgb/phd/gazebo_ws/install/px4/share/px4/Tools/simulation/gz/models/airspeed/model.sdf\n'}
[36.995830] (px4) StdoutLine: {'line': b'-- Installing: /home/adamgb/phd/gazebo_ws/install/px4/share/px4/Tools/simulation/gz/models/airspeed/model.config\n'}
[36.995872] (px4) StdoutLine: {'line': b'-- Installing: /home/adamgb/phd/gazebo_ws/install/px4/share/px4/Tools/simulation/gz/models/lidar_2d_v2\n'}
[36.995914] (px4) StdoutLine: {'line': b'-- Installing: /home/adamgb/phd/gazebo_ws/install/px4/share/px4/Tools/simulation/gz/models/lidar_2d_v2/model.sdf\n'}
[36.995954] (px4) StdoutLine: {'line': b'-- Installing: /home/adamgb/phd/gazebo_ws/install/px4/share/px4/Tools/simulation/gz/models/lidar_2d_v2/thumbnails\n'}
[36.995994] (px4) StdoutLine: {'line': b'-- Installing: /home/adamgb/phd/gazebo_ws/install/px4/share/px4/Tools/simulation/gz/models/lidar_2d_v2/thumbnails/5.jpg\n'}
[36.996037] (px4) StdoutLine: {'line': b'-- Installing: /home/adamgb/phd/gazebo_ws/install/px4/share/px4/Tools/simulation/gz/models/lidar_2d_v2/thumbnails/2.jpg\n'}
[36.996083] (px4) StdoutLine: {'line': b'-- Installing: /home/adamgb/phd/gazebo_ws/install/px4/share/px4/Tools/simulation/gz/models/lidar_2d_v2/thumbnails/4.jpg\n'}
[36.996134] (px4) StdoutLine: {'line': b'-- Installing: /home/adamgb/phd/gazebo_ws/install/px4/share/px4/Tools/simulation/gz/models/lidar_2d_v2/thumbnails/1.jpg\n'}
[36.996190] (px4) StdoutLine: {'line': b'-- Installing: /home/adamgb/phd/gazebo_ws/install/px4/share/px4/Tools/simulation/gz/models/lidar_2d_v2/thumbnails/3.jpg\n'}
[36.996243] (px4) StdoutLine: {'line': b'-- Installing: /home/adamgb/phd/gazebo_ws/install/px4/share/px4/Tools/simulation/gz/models/lidar_2d_v2/meshes\n'}
[36.996285] (px4) StdoutLine: {'line': b'-- Installing: /home/adamgb/phd/gazebo_ws/install/px4/share/px4/Tools/simulation/gz/models/lidar_2d_v2/meshes/lidar_2d_v2.jpg\n'}
[36.996352] (px4) StdoutLine: {'line': b'-- Installing: /home/adamgb/phd/gazebo_ws/install/px4/share/px4/Tools/simulation/gz/models/lidar_2d_v2/meshes/lidar_2d_v2.dae\n'}
[36.996546] (px4) StdoutLine: {'line': b'-- Installing: /home/adamgb/phd/gazebo_ws/install/px4/share/px4/Tools/simulation/gz/models/lidar_2d_v2/model.config\n'}
[36.996607] (px4) StdoutLine: {'line': b'-- Installing: /home/adamgb/phd/gazebo_ws/install/px4/share/px4/Tools/simulation/gz/models/rover_differential\n'}
[36.996665] (px4) StdoutLine: {'line': b'-- Installing: /home/adamgb/phd/gazebo_ws/install/px4/share/px4/Tools/simulation/gz/models/rover_differential/model.sdf\n'}
[36.996730] (px4) StdoutLine: {'line': b'-- Installing: /home/adamgb/phd/gazebo_ws/install/px4/share/px4/Tools/simulation/gz/models/rover_differential/meshes\n'}
[36.996781] (px4) StdoutLine: {'line': b'-- Installing: /home/adamgb/phd/gazebo_ws/install/px4/share/px4/Tools/simulation/gz/models/rover_differential/meshes/rover_differential_wheel.dae\n'}
[36.996842] (px4) StdoutLine: {'line': b'-- Installing: /home/adamgb/phd/gazebo_ws/install/px4/share/px4/Tools/simulation/gz/models/rover_differential/meshes/rover_differential_base.dae\n'}
[36.997114] (px4) StdoutLine: {'line': b'-- Installing: /home/adamgb/phd/gazebo_ws/install/px4/share/px4/Tools/simulation/gz/models/rover_differential/model.config\n'}
[36.997196] (px4) StdoutLine: {'line': b'-- Installing: /home/adamgb/phd/gazebo_ws/install/px4/share/px4/Tools/simulation/gz/models/x500_mono_cam\n'}
[36.997263] (px4) StdoutLine: {'line': b'-- Installing: /home/adamgb/phd/gazebo_ws/install/px4/share/px4/Tools/simulation/gz/models/x500_mono_cam/model.sdf\n'}
[36.997329] (px4) StdoutLine: {'line': b'-- Installing: /home/adamgb/phd/gazebo_ws/install/px4/share/px4/Tools/simulation/gz/models/x500_mono_cam/model.config\n'}
[36.997398] (px4) StdoutLine: {'line': b'-- Installing: /home/adamgb/phd/gazebo_ws/install/px4/share/px4/Tools/simulation/gz/models/x500_gimbal\n'}
[36.997487] (px4) StdoutLine: {'line': b'-- Installing: /home/adamgb/phd/gazebo_ws/install/px4/share/px4/Tools/simulation/gz/models/x500_gimbal/model.sdf\n'}
[36.997547] (px4) StdoutLine: {'line': b'-- Installing: /home/adamgb/phd/gazebo_ws/install/px4/share/px4/Tools/simulation/gz/models/x500_gimbal/model.config\n'}
[36.997606] (px4) StdoutLine: {'line': b'-- Installing: /home/adamgb/phd/gazebo_ws/install/px4/share/px4/Tools/simulation/gz/models/rover_mecanum\n'}
[36.997659] (px4) StdoutLine: {'line': b'-- Installing: /home/adamgb/phd/gazebo_ws/install/px4/share/px4/Tools/simulation/gz/models/rover_mecanum/model.sdf\n'}
[36.997708] (px4) StdoutLine: {'line': b'-- Installing: /home/adamgb/phd/gazebo_ws/install/px4/share/px4/Tools/simulation/gz/models/rover_mecanum/meshes\n'}
[36.997753] (px4) StdoutLine: {'line': b'-- Installing: /home/adamgb/phd/gazebo_ws/install/px4/share/px4/Tools/simulation/gz/models/rover_mecanum/meshes/rover_mec_base.dae\n'}
[36.997857] (px4) StdoutLine: {'line': b'-- Installing: /home/adamgb/phd/gazebo_ws/install/px4/share/px4/Tools/simulation/gz/models/rover_mecanum/model.config\n'}
[36.997905] (px4) StdoutLine: {'line': b'-- Installing: /home/adamgb/phd/gazebo_ws/install/px4/share/px4/Tools/simulation/gz/models/advanced_plane\n'}
[36.997948] (px4) StdoutLine: {'line': b'-- Installing: /home/adamgb/phd/gazebo_ws/install/px4/share/px4/Tools/simulation/gz/models/advanced_plane/model.sdf\n'}
[36.997991] (px4) StdoutLine: {'line': b'-- Installing: /home/adamgb/phd/gazebo_ws/install/px4/share/px4/Tools/simulation/gz/models/advanced_plane/model.config\n'}
[36.998035] (px4) StdoutLine: {'line': b'-- Installing: /home/adamgb/phd/gazebo_ws/install/px4/share/px4/Tools/simulation/gz/models/mono_cam\n'}
[36.998082] (px4) StdoutLine: {'line': b'-- Installing: /home/adamgb/phd/gazebo_ws/install/px4/share/px4/Tools/simulation/gz/models/mono_cam/model.sdf\n'}
[36.998123] (px4) StdoutLine: {'line': b'-- Installing: /home/adamgb/phd/gazebo_ws/install/px4/share/px4/Tools/simulation/gz/models/mono_cam/model.config\n'}
[36.998164] (px4) StdoutLine: {'line': b'-- Installing: /home/adamgb/phd/gazebo_ws/install/px4/share/px4/Tools/simulation/gz/models/x500_mono_cam_down\n'}
[36.998206] (px4) StdoutLine: {'line': b'-- Installing: /home/adamgb/phd/gazebo_ws/install/px4/share/px4/Tools/simulation/gz/models/x500_mono_cam_down/model.sdf\n'}
[36.998252] (px4) StdoutLine: {'line': b'-- Installing: /home/adamgb/phd/gazebo_ws/install/px4/share/px4/Tools/simulation/gz/models/x500_mono_cam_down/model.config\n'}
[36.998295] (px4) StdoutLine: {'line': b'-- Installing: /home/adamgb/phd/gazebo_ws/install/px4/share/px4/Tools/simulation/gz/models/lawnmower\n'}
[36.998337] (px4) StdoutLine: {'line': b'-- Installing: /home/adamgb/phd/gazebo_ws/install/px4/share/px4/Tools/simulation/gz/models/lawnmower/model.sdf\n'}
[36.998378] (px4) StdoutLine: {'line': b'-- Installing: /home/adamgb/phd/gazebo_ws/install/px4/share/px4/Tools/simulation/gz/models/lawnmower/meshes\n'}
[36.998418] (px4) StdoutLine: {'line': b'-- Installing: /home/adamgb/phd/gazebo_ws/install/px4/share/px4/Tools/simulation/gz/models/lawnmower/meshes/wheel_link.STL\n'}
[36.998609] (px4) StdoutLine: {'line': b'-- Installing: /home/adamgb/phd/gazebo_ws/install/px4/share/px4/Tools/simulation/gz/models/lawnmower/model.config\n'}
[36.998653] (px4) StdoutLine: {'line': b'-- Installing: /home/adamgb/phd/gazebo_ws/install/px4/share/px4/Tools/simulation/gz/models/x500_depth\n'}
[36.998692] (px4) StdoutLine: {'line': b'-- Installing: /home/adamgb/phd/gazebo_ws/install/px4/share/px4/Tools/simulation/gz/models/x500_depth/LICENSE\n'}
[36.998735] (px4) StdoutLine: {'line': b'-- Installing: /home/adamgb/phd/gazebo_ws/install/px4/share/px4/Tools/simulation/gz/models/x500_depth/model.sdf\n'}
[36.998774] (px4) StdoutLine: {'line': b'-- Installing: /home/adamgb/phd/gazebo_ws/install/px4/share/px4/Tools/simulation/gz/models/x500_depth/thumbnails\n'}
[36.998819] (px4) StdoutLine: {'line': b'-- Installing: /home/adamgb/phd/gazebo_ws/install/px4/share/px4/Tools/simulation/gz/models/x500_depth/thumbnails/4.png\n'}
[36.998858] (px4) StdoutLine: {'line': b'-- Installing: /home/adamgb/phd/gazebo_ws/install/px4/share/px4/Tools/simulation/gz/models/x500_depth/thumbnails/5.png\n'}
[36.998906] (px4) StdoutLine: {'line': b'-- Installing: /home/adamgb/phd/gazebo_ws/install/px4/share/px4/Tools/simulation/gz/models/x500_depth/thumbnails/3.png\n'}
[36.998961] (px4) StdoutLine: {'line': b'-- Installing: /home/adamgb/phd/gazebo_ws/install/px4/share/px4/Tools/simulation/gz/models/x500_depth/thumbnails/2.png\n'}
[36.999022] (px4) StdoutLine: {'line': b'-- Installing: /home/adamgb/phd/gazebo_ws/install/px4/share/px4/Tools/simulation/gz/models/x500_depth/thumbnails/1.png\n'}
[36.999091] (px4) StdoutLine: {'line': b'-- Installing: /home/adamgb/phd/gazebo_ws/install/px4/share/px4/Tools/simulation/gz/models/x500_depth/model.config\n'}
[36.999134] (px4) StdoutLine: {'line': b'-- Installing: /home/adamgb/phd/gazebo_ws/install/px4/share/px4/Tools/simulation/gz/models/atmos\n'}
[36.999176] (px4) StdoutLine: {'line': b'-- Installing: /home/adamgb/phd/gazebo_ws/install/px4/share/px4/Tools/simulation/gz/models/atmos/model.sdf\n'}
[36.999222] (px4) StdoutLine: {'line': b'-- Installing: /home/adamgb/phd/gazebo_ws/install/px4/share/px4/Tools/simulation/gz/models/omnicopter\n'}
[36.999254] (px4) StdoutLine: {'line': b'-- Installing: /home/adamgb/phd/gazebo_ws/install/px4/share/px4/Tools/simulation/gz/models/omnicopter/model.sdf\n'}
[36.999294] (px4) StdoutLine: {'line': b'-- Installing: /home/adamgb/phd/gazebo_ws/install/px4/share/px4/Tools/simulation/gz/models/omnicopter/thumbnails\n'}
[36.999334] (px4) StdoutLine: {'line': b'-- Installing: /home/adamgb/phd/gazebo_ws/install/px4/share/px4/Tools/simulation/gz/models/omnicopter/thumbnails/omnicopter.png\n'}
[36.999375] (px4) StdoutLine: {'line': b'-- Installing: /home/adamgb/phd/gazebo_ws/install/px4/share/px4/Tools/simulation/gz/models/omnicopter/meshes\n'}
[36.999418] (px4) StdoutLine: {'line': b'-- Installing: /home/adamgb/phd/gazebo_ws/install/px4/share/px4/Tools/simulation/gz/models/omnicopter/meshes/omnicopter.stl\n'}
[36.999963] (px4) StdoutLine: {'line': b'-- Installing: /home/adamgb/phd/gazebo_ws/install/px4/share/px4/Tools/simulation/gz/models/omnicopter/meshes/iris_prop_ccw.dae\n'}
[37.000163] (px4) StdoutLine: {'line': b'-- Installing: /home/adamgb/phd/gazebo_ws/install/px4/share/px4/Tools/simulation/gz/models/omnicopter/meshes/iris_prop_cw.dae\n'}
[37.000234] (px4) StdoutLine: {'line': b'-- Installing: /home/adamgb/phd/gazebo_ws/install/px4/share/px4/Tools/simulation/gz/models/omnicopter/model.config\n'}
[37.000278] (px4) StdoutLine: {'line': b'-- Installing: /home/adamgb/phd/gazebo_ws/install/px4/share/px4/Tools/simulation/gz/models/tiltrotor\n'}
[37.000323] (px4) StdoutLine: {'line': b'-- Installing: /home/adamgb/phd/gazebo_ws/install/px4/share/px4/Tools/simulation/gz/models/tiltrotor/model.sdf\n'}
[37.000367] (px4) StdoutLine: {'line': b'-- Installing: /home/adamgb/phd/gazebo_ws/install/px4/share/px4/Tools/simulation/gz/models/tiltrotor/model.config\n'}
[37.000412] (px4) StdoutLine: {'line': b'-- Installing: /home/adamgb/phd/gazebo_ws/install/px4/share/px4/Tools/simulation/gz/models/x500_lidar_front\n'}
[37.000457] (px4) StdoutLine: {'line': b'-- Installing: /home/adamgb/phd/gazebo_ws/install/px4/share/px4/Tools/simulation/gz/models/x500_lidar_front/model.sdf\n'}
[37.000498] (px4) StdoutLine: {'line': b'-- Installing: /home/adamgb/phd/gazebo_ws/install/px4/share/px4/Tools/simulation/gz/models/x500_lidar_front/model.config\n'}
[37.000538] (px4) StdoutLine: {'line': b'-- Installing: /home/adamgb/phd/gazebo_ws/install/px4/share/px4/Tools/simulation/gz/models/x500_base\n'}
[37.000580] (px4) StdoutLine: {'line': b'-- Installing: /home/adamgb/phd/gazebo_ws/install/px4/share/px4/Tools/simulation/gz/models/x500_base/LICENSE\n'}
[37.000627] (px4) StdoutLine: {'line': b'-- Installing: /home/adamgb/phd/gazebo_ws/install/px4/share/px4/Tools/simulation/gz/models/x500_base/model.sdf\n'}
[37.000668] (px4) StdoutLine: {'line': b'-- Installing: /home/adamgb/phd/gazebo_ws/install/px4/share/px4/Tools/simulation/gz/models/x500_base/thumbnails\n'}
[37.000709] (px4) StdoutLine: {'line': b'-- Installing: /home/adamgb/phd/gazebo_ws/install/px4/share/px4/Tools/simulation/gz/models/x500_base/thumbnails/4.png\n'}
[37.000750] (px4) StdoutLine: {'line': b'-- Installing: /home/adamgb/phd/gazebo_ws/install/px4/share/px4/Tools/simulation/gz/models/x500_base/thumbnails/5.png\n'}
[37.000789] (px4) StdoutLine: {'line': b'-- Installing: /home/adamgb/phd/gazebo_ws/install/px4/share/px4/Tools/simulation/gz/models/x500_base/thumbnails/3.png\n'}
[37.000839] (px4) StdoutLine: {'line': b'-- Installing: /home/adamgb/phd/gazebo_ws/install/px4/share/px4/Tools/simulation/gz/models/x500_base/thumbnails/2.png\n'}
[37.000901] (px4) StdoutLine: {'line': b'-- Installing: /home/adamgb/phd/gazebo_ws/install/px4/share/px4/Tools/simulation/gz/models/x500_base/thumbnails/1.png\n'}
[37.000953] (px4) StdoutLine: {'line': b'-- Installing: /home/adamgb/phd/gazebo_ws/install/px4/share/px4/Tools/simulation/gz/models/x500_base/materials\n'}
[37.000995] (px4) StdoutLine: {'line': b'-- Installing: /home/adamgb/phd/gazebo_ws/install/px4/share/px4/Tools/simulation/gz/models/x500_base/materials/textures\n'}
[37.001039] (px4) StdoutLine: {'line': b'-- Installing: /home/adamgb/phd/gazebo_ws/install/px4/share/px4/Tools/simulation/gz/models/x500_base/materials/textures/nxp.png\n'}
[37.001081] (px4) StdoutLine: {'line': b'-- Installing: /home/adamgb/phd/gazebo_ws/install/px4/share/px4/Tools/simulation/gz/models/x500_base/materials/textures/rd.png\n'}
[37.001126] (px4) StdoutLine: {'line': b'-- Installing: /home/adamgb/phd/gazebo_ws/install/px4/share/px4/Tools/simulation/gz/models/x500_base/materials/textures/CF.png\n'}
[37.001760] (px4) StdoutLine: {'line': b'-- Installing: /home/adamgb/phd/gazebo_ws/install/px4/share/px4/Tools/simulation/gz/models/x500_base/meshes\n'}
[37.001851] (px4) StdoutLine: {'line': b'-- Installing: /home/adamgb/phd/gazebo_ws/install/px4/share/px4/Tools/simulation/gz/models/x500_base/meshes/1345_prop_cw.stl\n'}
[37.002011] (px4) StdoutLine: {'line': b'-- Installing: /home/adamgb/phd/gazebo_ws/install/px4/share/px4/Tools/simulation/gz/models/x500_base/meshes/1345_prop_ccw.stl\n'}
[37.002254] (px4) StdoutLine: {'line': b'-- Installing: /home/adamgb/phd/gazebo_ws/install/px4/share/px4/Tools/simulation/gz/models/x500_base/meshes/NXP-HGD-CF.dae\n'}
[37.003645] (-) TimerEvent: {}
[37.010109] (px4) StdoutLine: {'line': b'-- Installing: /home/adamgb/phd/gazebo_ws/install/px4/share/px4/Tools/simulation/gz/models/x500_base/meshes/5010Bell.dae\n'}
[37.010237] (px4) StdoutLine: {'line': b'-- Installing: /home/adamgb/phd/gazebo_ws/install/px4/share/px4/Tools/simulation/gz/models/x500_base/meshes/5010Base.dae\n'}
[37.010406] (px4) StdoutLine: {'line': b'-- Installing: /home/adamgb/phd/gazebo_ws/install/px4/share/px4/Tools/simulation/gz/models/x500_base/meshes/CF.png\n'}
[37.011009] (px4) StdoutLine: {'line': b'-- Installing: /home/adamgb/phd/gazebo_ws/install/px4/share/px4/Tools/simulation/gz/models/x500_base/model.config\n'}
[37.011092] (px4) StdoutLine: {'line': b'-- Installing: /home/adamgb/phd/gazebo_ws/install/px4/share/px4/Tools/simulation/gz/models/gimbal\n'}
[37.011134] (px4) StdoutLine: {'line': b'-- Installing: /home/adamgb/phd/gazebo_ws/install/px4/share/px4/Tools/simulation/gz/models/gimbal/model.sdf\n'}
[37.011176] (px4) StdoutLine: {'line': b'-- Installing: /home/adamgb/phd/gazebo_ws/install/px4/share/px4/Tools/simulation/gz/models/gimbal/meshes\n'}
[37.011218] (px4) StdoutLine: {'line': b'-- Installing: /home/adamgb/phd/gazebo_ws/install/px4/share/px4/Tools/simulation/gz/models/gimbal/meshes/cgo3_camera_remeshed_v1.stl\n'}
[37.011489] (px4) StdoutLine: {'line': b'-- Installing: /home/adamgb/phd/gazebo_ws/install/px4/share/px4/Tools/simulation/gz/models/gimbal/meshes/cgo3_vertical_arm_remeshed_v1.stl\n'}
[37.011671] (px4) StdoutLine: {'line': b'-- Installing: /home/adamgb/phd/gazebo_ws/install/px4/share/px4/Tools/simulation/gz/models/gimbal/meshes/cgo3_horizontal_arm_remeshed_v1.stl\n'}
[37.011888] (px4) StdoutLine: {'line': b'-- Installing: /home/adamgb/phd/gazebo_ws/install/px4/share/px4/Tools/simulation/gz/models/gimbal/meshes/cgo3_mount_remeshed_v1.stl\n'}
[37.012332] (px4) StdoutLine: {'line': b'-- Installing: /home/adamgb/phd/gazebo_ws/install/px4/share/px4/Tools/simulation/gz/models/gimbal/model.config\n'}
[37.012422] (px4) StdoutLine: {'line': b'-- Installing: /home/adamgb/phd/gazebo_ws/install/px4/share/px4/Tools/simulation/gz/models/moving_platform\n'}
[37.012461] (px4) StdoutLine: {'line': b'-- Installing: /home/adamgb/phd/gazebo_ws/install/px4/share/px4/Tools/simulation/gz/models/moving_platform/model.sdf\n'}
[37.012515] (px4) StdoutLine: {'line': b'-- Installing: /home/adamgb/phd/gazebo_ws/install/px4/share/px4/Tools/simulation/gz/models/moving_platform/model.config\n'}
[37.012551] (px4) StdoutLine: {'line': b'-- Installing: /home/adamgb/phd/gazebo_ws/install/px4/share/px4/Tools/simulation/gz/models/uuv_bluerov2_heavy\n'}
[37.012598] (px4) StdoutLine: {'line': b'-- Installing: /home/adamgb/phd/gazebo_ws/install/px4/share/px4/Tools/simulation/gz/models/uuv_bluerov2_heavy/model.sdf\n'}
[37.012632] (px4) StdoutLine: {'line': b'-- Installing: /home/adamgb/phd/gazebo_ws/install/px4/share/px4/Tools/simulation/gz/models/uuv_bluerov2_heavy/meshes\n'}
[37.012665] (px4) StdoutLine: {'line': b'-- Installing: /home/adamgb/phd/gazebo_ws/install/px4/share/px4/Tools/simulation/gz/models/uuv_bluerov2_heavy/meshes/prop.dae\n'}
[37.012707] (px4) StdoutLine: {'line': b'-- Installing: /home/adamgb/phd/gazebo_ws/install/px4/share/px4/Tools/simulation/gz/models/uuv_bluerov2_heavy/meshes/BlueROV2heavy.dae\n'}
[37.012890] (px4) StdoutLine: {'line': b'-- Installing: /home/adamgb/phd/gazebo_ws/install/px4/share/px4/Tools/simulation/gz/models/uuv_bluerov2_heavy/model.config\n'}
[37.012936] (px4) StdoutLine: {'line': b'-- Installing: /home/adamgb/phd/gazebo_ws/install/px4/share/px4/Tools/simulation/gz/models/OakD-Lite\n'}
[37.012977] (px4) StdoutLine: {'line': b'-- Installing: /home/adamgb/phd/gazebo_ws/install/px4/share/px4/Tools/simulation/gz/models/OakD-Lite/LICENSE\n'}
[37.013018] (px4) StdoutLine: {'line': b'-- Installing: /home/adamgb/phd/gazebo_ws/install/px4/share/px4/Tools/simulation/gz/models/OakD-Lite/model.sdf\n'}
[37.013078] (px4) StdoutLine: {'line': b'-- Installing: /home/adamgb/phd/gazebo_ws/install/px4/share/px4/Tools/simulation/gz/models/OakD-Lite/thumbnails\n'}
[37.013131] (px4) StdoutLine: {'line': b'-- Installing: /home/adamgb/phd/gazebo_ws/install/px4/share/px4/Tools/simulation/gz/models/OakD-Lite/thumbnails/4.png\n'}
[37.013173] (px4) StdoutLine: {'line': b'-- Installing: /home/adamgb/phd/gazebo_ws/install/px4/share/px4/Tools/simulation/gz/models/OakD-Lite/thumbnails/5.png\n'}
[37.013214] (px4) StdoutLine: {'line': b'-- Installing: /home/adamgb/phd/gazebo_ws/install/px4/share/px4/Tools/simulation/gz/models/OakD-Lite/thumbnails/3.png\n'}
[37.013251] (px4) StdoutLine: {'line': b'-- Installing: /home/adamgb/phd/gazebo_ws/install/px4/share/px4/Tools/simulation/gz/models/OakD-Lite/thumbnails/2.png\n'}
[37.013289] (px4) StdoutLine: {'line': b'-- Installing: /home/adamgb/phd/gazebo_ws/install/px4/share/px4/Tools/simulation/gz/models/OakD-Lite/thumbnails/1.png\n'}
[37.013332] (px4) StdoutLine: {'line': b'-- Installing: /home/adamgb/phd/gazebo_ws/install/px4/share/px4/Tools/simulation/gz/models/OakD-Lite/meshes\n'}
[37.013374] (px4) StdoutLine: {'line': b'-- Installing: /home/adamgb/phd/gazebo_ws/install/px4/share/px4/Tools/simulation/gz/models/OakD-Lite/meshes/OakDLite.dae\n'}
[37.015792] (px4) StdoutLine: {'line': b'-- Installing: /home/adamgb/phd/gazebo_ws/install/px4/share/px4/Tools/simulation/gz/models/OakD-Lite/model.config\n'}
[37.015868] (px4) StdoutLine: {'line': b'-- Installing: /home/adamgb/phd/gazebo_ws/install/px4/share/px4/Tools/simulation/gz/models/LW20\n'}
[37.015918] (px4) StdoutLine: {'line': b'-- Installing: /home/adamgb/phd/gazebo_ws/install/px4/share/px4/Tools/simulation/gz/models/LW20/model.sdf\n'}
[37.015965] (px4) StdoutLine: {'line': b'-- Installing: /home/adamgb/phd/gazebo_ws/install/px4/share/px4/Tools/simulation/gz/models/LW20/meshes\n'}
[37.015999] (px4) StdoutLine: {'line': b'-- Installing: /home/adamgb/phd/gazebo_ws/install/px4/share/px4/Tools/simulation/gz/models/LW20/meshes/LW20.dae\n'}
[37.016230] (px4) StdoutLine: {'line': b'-- Installing: /home/adamgb/phd/gazebo_ws/install/px4/share/px4/Tools/simulation/gz/models/LW20/model.config\n'}
[37.016282] (px4) StdoutLine: {'line': b'-- Installing: /home/adamgb/phd/gazebo_ws/install/px4/share/px4/Tools/simulation/gz/models/helipad\n'}
[37.016321] (px4) StdoutLine: {'line': b'-- Installing: /home/adamgb/phd/gazebo_ws/install/px4/share/px4/Tools/simulation/gz/models/helipad/model.sdf\n'}
[37.016364] (px4) StdoutLine: {'line': b'-- Installing: /home/adamgb/phd/gazebo_ws/install/px4/share/px4/Tools/simulation/gz/models/helipad/helipad.jpg\n'}
[37.016407] (px4) StdoutLine: {'line': b'-- Installing: /home/adamgb/phd/gazebo_ws/install/px4/share/px4/Tools/simulation/gz/models/helipad/model.config\n'}
[37.016454] (px4) StdoutLine: {'line': b'-- Installing: /home/adamgb/phd/gazebo_ws/install/px4/share/px4/Tools/simulation/gz/models/r1_rover\n'}
[37.016504] (px4) StdoutLine: {'line': b'-- Installing: /home/adamgb/phd/gazebo_ws/install/px4/share/px4/Tools/simulation/gz/models/r1_rover/model.sdf\n'}
[37.016545] (px4) StdoutLine: {'line': b'-- Installing: /home/adamgb/phd/gazebo_ws/install/px4/share/px4/Tools/simulation/gz/models/r1_rover/meshes\n'}
[37.016585] (px4) StdoutLine: {'line': b'-- Installing: /home/adamgb/phd/gazebo_ws/install/px4/share/px4/Tools/simulation/gz/models/r1_rover/meshes/wheel_link_simple.STL\n'}
[37.016679] (px4) StdoutLine: {'line': b'-- Installing: /home/adamgb/phd/gazebo_ws/install/px4/share/px4/Tools/simulation/gz/models/r1_rover/meshes/top_link.STL\n'}
[37.016760] (px4) StdoutLine: {'line': b'-- Installing: /home/adamgb/phd/gazebo_ws/install/px4/share/px4/Tools/simulation/gz/models/r1_rover/meshes/antenna_link.STL\n'}
[37.016814] (px4) StdoutLine: {'line': b'-- Installing: /home/adamgb/phd/gazebo_ws/install/px4/share/px4/Tools/simulation/gz/models/r1_rover/meshes/battery_link.STL\n'}
[37.016877] (px4) StdoutLine: {'line': b'-- Installing: /home/adamgb/phd/gazebo_ws/install/px4/share/px4/Tools/simulation/gz/models/r1_rover/meshes/wheel_link.STL\n'}
[37.017116] (px4) StdoutLine: {'line': b'-- Installing: /home/adamgb/phd/gazebo_ws/install/px4/share/px4/Tools/simulation/gz/models/r1_rover/meshes/housing_link.STL\n'}
[37.017210] (px4) StdoutLine: {'line': b'-- Installing: /home/adamgb/phd/gazebo_ws/install/px4/share/px4/Tools/simulation/gz/models/r1_rover/meshes/chassis_link.STL\n'}
[37.017255] (px4) StdoutLine: {'line': b'-- Installing: /home/adamgb/phd/gazebo_ws/install/px4/share/px4/Tools/simulation/gz/models/r1_rover/model.config\n'}
[37.017299] (px4) StdoutLine: {'line': b'-- Installing: /home/adamgb/phd/gazebo_ws/install/px4/share/px4/Tools/simulation/gz/models/spacecraft_2d\n'}
[37.017341] (px4) StdoutLine: {'line': b'-- Installing: /home/adamgb/phd/gazebo_ws/install/px4/share/px4/Tools/simulation/gz/models/spacecraft_2d/model.sdf\n'}
[37.017380] (px4) StdoutLine: {'line': b'-- Installing: /home/adamgb/phd/gazebo_ws/install/px4/share/px4/Tools/simulation/gz/models/x500_flow\n'}
[37.017424] (px4) StdoutLine: {'line': b'-- Installing: /home/adamgb/phd/gazebo_ws/install/px4/share/px4/Tools/simulation/gz/models/x500_flow/model.sdf\n'}
[37.017472] (px4) StdoutLine: {'line': b'-- Installing: /home/adamgb/phd/gazebo_ws/install/px4/share/px4/Tools/simulation/gz/models/x500_flow/model.config\n'}
[37.017517] (px4) StdoutLine: {'line': b'-- Installing: /home/adamgb/phd/gazebo_ws/install/px4/share/px4/Tools/simulation/gz/models/x500\n'}
[37.017560] (px4) StdoutLine: {'line': b'-- Installing: /home/adamgb/phd/gazebo_ws/install/px4/share/px4/Tools/simulation/gz/models/x500/LICENSE\n'}
[37.017600] (px4) StdoutLine: {'line': b'-- Installing: /home/adamgb/phd/gazebo_ws/install/px4/share/px4/Tools/simulation/gz/models/x500/model.sdf\n'}
[37.017648] (px4) StdoutLine: {'line': b'-- Installing: /home/adamgb/phd/gazebo_ws/install/px4/share/px4/Tools/simulation/gz/models/x500/thumbnails\n'}
[37.017682] (px4) StdoutLine: {'line': b'-- Installing: /home/adamgb/phd/gazebo_ws/install/px4/share/px4/Tools/simulation/gz/models/x500/thumbnails/4.png\n'}
[37.017723] (px4) StdoutLine: {'line': b'-- Installing: /home/adamgb/phd/gazebo_ws/install/px4/share/px4/Tools/simulation/gz/models/x500/thumbnails/5.png\n'}
[37.017765] (px4) StdoutLine: {'line': b'-- Installing: /home/adamgb/phd/gazebo_ws/install/px4/share/px4/Tools/simulation/gz/models/x500/thumbnails/3.png\n'}
[37.017809] (px4) StdoutLine: {'line': b'-- Installing: /home/adamgb/phd/gazebo_ws/install/px4/share/px4/Tools/simulation/gz/models/x500/thumbnails/2.png\n'}
[37.017861] (px4) StdoutLine: {'line': b'-- Installing: /home/adamgb/phd/gazebo_ws/install/px4/share/px4/Tools/simulation/gz/models/x500/thumbnails/1.png\n'}
[37.017919] (px4) StdoutLine: {'line': b'-- Installing: /home/adamgb/phd/gazebo_ws/install/px4/share/px4/Tools/simulation/gz/models/x500/model.config\n'}
[37.017965] (px4) StdoutLine: {'line': b'-- Installing: /home/adamgb/phd/gazebo_ws/install/px4/share/px4/Tools/simulation/gz/models/optical_flow\n'}
[37.018146] (px4) StdoutLine: {'line': b'-- Installing: /home/adamgb/phd/gazebo_ws/install/px4/share/px4/Tools/simulation/gz/models/optical_flow/model.sdf\n'}
[37.018202] (px4) StdoutLine: {'line': b'-- Installing: /home/adamgb/phd/gazebo_ws/install/px4/share/px4/Tools/simulation/gz/models/optical_flow/model.config\n'}
[37.018235] (px4) StdoutLine: {'line': b'-- Installing: /home/adamgb/phd/gazebo_ws/install/px4/share/px4/Tools/simulation/gz/models/quadtailsitter\n'}
[37.018267] (px4) StdoutLine: {'line': b'-- Installing: /home/adamgb/phd/gazebo_ws/install/px4/share/px4/Tools/simulation/gz/models/quadtailsitter/model.sdf\n'}
[37.018299] (px4) StdoutLine: {'line': b'-- Installing: /home/adamgb/phd/gazebo_ws/install/px4/share/px4/Tools/simulation/gz/models/quadtailsitter/meshes\n'}
[37.018330] (px4) StdoutLine: {'line': b'-- Installing: /home/adamgb/phd/gazebo_ws/install/px4/share/px4/Tools/simulation/gz/models/quadtailsitter/meshes/body.dae\n'}
[37.018479] (px4) StdoutLine: {'line': b'-- Installing: /home/adamgb/phd/gazebo_ws/install/px4/share/px4/Tools/simulation/gz/models/quadtailsitter/meshes/iris_prop_ccw.dae\n'}
[37.018624] (px4) StdoutLine: {'line': b'-- Installing: /home/adamgb/phd/gazebo_ws/install/px4/share/px4/Tools/simulation/gz/models/quadtailsitter/meshes/iris_prop_cw.dae\n'}
[37.018790] (px4) StdoutLine: {'line': b'-- Installing: /home/adamgb/phd/gazebo_ws/install/px4/share/px4/Tools/simulation/gz/models/quadtailsitter/model.config\n'}
[37.018839] (px4) StdoutLine: {'line': b'-- Installing: /home/adamgb/phd/gazebo_ws/install/px4/share/px4/Tools/simulation/gz/worlds\n'}
[37.018882] (px4) StdoutLine: {'line': b'-- Installing: /home/adamgb/phd/gazebo_ws/install/px4/share/px4/Tools/simulation/gz/worlds/forest.sdf\n'}
[37.018925] (px4) StdoutLine: {'line': b'-- Installing: /home/adamgb/phd/gazebo_ws/install/px4/share/px4/Tools/simulation/gz/worlds/windy.sdf\n'}
[37.018967] (px4) StdoutLine: {'line': b'-- Installing: /home/adamgb/phd/gazebo_ws/install/px4/share/px4/Tools/simulation/gz/worlds/kthspacelab.sdf\n'}
[37.019013] (px4) StdoutLine: {'line': b'-- Installing: /home/adamgb/phd/gazebo_ws/install/px4/share/px4/Tools/simulation/gz/worlds/lawn.sdf\n'}
[37.019057] (px4) StdoutLine: {'line': b'-- Installing: /home/adamgb/phd/gazebo_ws/install/px4/share/px4/Tools/simulation/gz/worlds/moving_platform.sdf\n'}
[37.019099] (px4) StdoutLine: {'line': b'-- Installing: /home/adamgb/phd/gazebo_ws/install/px4/share/px4/Tools/simulation/gz/worlds/rover.sdf\n'}
[37.019142] (px4) StdoutLine: {'line': b'-- Installing: /home/adamgb/phd/gazebo_ws/install/px4/share/px4/Tools/simulation/gz/worlds/walls.sdf\n'}
[37.019184] (px4) StdoutLine: {'line': b'-- Installing: /home/adamgb/phd/gazebo_ws/install/px4/share/px4/Tools/simulation/gz/worlds/aruco.sdf\n'}
[37.019230] (px4) StdoutLine: {'line': b'-- Installing: /home/adamgb/phd/gazebo_ws/install/px4/share/px4/Tools/simulation/gz/worlds/default.sdf\n'}
[37.019272] (px4) StdoutLine: {'line': b'-- Installing: /home/adamgb/phd/gazebo_ws/install/px4/share/px4/Tools/simulation/gz/worlds/frictionless.sdf\n'}
[37.019316] (px4) StdoutLine: {'line': b'-- Installing: /home/adamgb/phd/gazebo_ws/install/px4/share/px4/Tools/simulation/gz/worlds/baylands.sdf\n'}
[37.019359] (px4) StdoutLine: {'line': b'-- Installing: /home/adamgb/phd/gazebo_ws/install/px4/share/px4/Tools/simulation/gz/worlds/underwater.sdf\n'}
[37.021321] (px4) CommandEnded: {'returncode': 0}
[37.033221] (px4) JobEnded: {'identifier': 'px4', 'rc': 0}
[37.033652] (-) EventReactorShutdown: {}
