-- PX4_GIT_TAG: v1.17.0-dev
-- PX4 config file: /home/adamgb/phd/gazebo_ws/src/px4_firmware/boards/px4/sitl/default.px4board
-- PLATFORM posix
-- ROMFSROOT px4fmu_common
-- TESTING y
-- ETHERNET y
-- ROOT_PATH .
-- PARAM_FILE /fs/mtd_params
-- PX4 config: px4_sitl_default
-- PX4 platform: posix
-- PX4 lockstep: enabled
-- The CXX compiler identification is GNU 13.3.0
-- Detecting CXX compiler ABI info
-- Detecting CXX compiler ABI info - done
-- Check for working CXX compiler: /usr/bin/c++ - skipped
-- Detecting CXX compile features
-- Detecting CXX compile features - done
-- Found ament_cmake: 2.5.6 (/opt/ros/jazzy/share/ament_cmake/cmake)
-- Found Python3: /usr/bin/python3 (found version "3.12.3") found components: Interpreter 
-- Found rclcpp: 28.1.22 (/opt/ros/jazzy/share/rclcpp/cmake)
-- Found rosidl_generator_c: 4.6.9 (/opt/ros/jazzy/share/rosidl_generator_c/cmake)
-- Found rosidl_generator_cpp: 4.6.9 (/opt/ros/jazzy/share/rosidl_generator_cpp/cmake)
-- Using all available rosidl_typesupport_c: rosidl_typesupport_fastrtps_c;rosidl_typesupport_introspection_c
-- Using all available rosidl_typesupport_cpp: rosidl_typesupport_fastrtps_cpp;rosidl_typesupport_introspection_cpp
-- Found rmw_implementation_cmake: 7.3.3 (/opt/ros/jazzy/share/rmw_implementation_cmake/cmake)
-- Found rmw_fastrtps_cpp: 8.4.4 (/opt/ros/jazzy/share/rmw_fastrtps_cpp/cmake)
-- Found OpenSSL: /usr/lib/x86_64-linux-gnu/libcrypto.so (found version "3.0.13")  
-- Found FastRTPS: /opt/ros/jazzy/include (Required is at least version "2.13") 
-- Using RMW implementation 'rmw_fastrtps_cpp' as default
-- Found rosidl_default_generators: 1.6.1 (/opt/ros/jazzy/share/rosidl_default_generators/cmake)
-- Found rosidl_adapter: 4.6.9 (/opt/ros/jazzy/share/rosidl_adapter/cmake)
-- Found std_msgs: 5.3.8 (/opt/ros/jazzy/share/std_msgs/cmake)
-- The C compiler identification is GNU 13.3.0
-- The ASM compiler identification is GNU
-- Found assembler: /usr/bin/cc
-- Detecting C compiler ABI info
-- Detecting C compiler ABI info - done
-- Check for working C compiler: /usr/bin/cc - skipped
-- Detecting C compile features
-- Detecting C compile features - done
-- cmake build type: Release
-- Adding fuzztest
-- Performing Test ABSL_INTERNAL_AT_LEAST_CXX17
-- Performing Test ABSL_INTERNAL_AT_LEAST_CXX17 - Success
-- Performing Test ABSL_INTERNAL_AT_LEAST_CXX20
-- Performing Test ABSL_INTERNAL_AT_LEAST_CXX20 - Failed
-- Performing Test CMAKE_HAVE_LIBC_PTHREAD
-- Performing Test CMAKE_HAVE_LIBC_PTHREAD - Success
-- Found Threads: TRUE  
-- Building without demo. To enable demo build use: -DWITH_DEMO=True
-- Looking for gz-transport13 -- found version 13.6.0
-- Searching for dependencies of gz-transport13
-- Found Protobuf: /usr/lib/x86_64-linux-gnu/libprotobuf.so (found version "3.21.12") 
-- Config-file not installed for ZeroMQ -- checking for pkg-config
-- Checking for module 'libzmq >= 4'
--   Found libzmq, version 4.3.5
-- Found ZeroMQ: TRUE (Required is at least version "4") 
-- Checking for module 'uuid'
--   Found uuid, version 2.39.3
-- Found UUID: TRUE  
-- Looking for gz-utils2 -- found version 2.2.1
-- Searching for dependencies of gz-utils2
-- Searching for <gz-utils2> component [cli]
-- Looking for gz-utils2-cli -- found version 2.2.1
-- Searching for dependencies of gz-utils2-cli
-- Looking for gz-msgs10 -- found version 10.4.0
-- Searching for dependencies of gz-msgs10
-- Looking for gz-utils2 -- found version 2.2.1
-- Looking for gz-math7 -- found version 7.7.0
-- Searching for dependencies of gz-math7
-- Looking for gz-utils2 -- found version 2.2.1
-- Checking for module 'tinyxml2'
--   Found tinyxml2, version 10.0.0
-- Looking for gz-transport13 -- found version 13.6.0
-- Searching for dependencies of gz-transport13
-- Config-file not installed for ZeroMQ -- checking for pkg-config
-- Checking for module 'libzmq >= 4'
--   Found libzmq, version 4.3.5
-- Checking for module 'uuid'
--   Found uuid, version 2.39.3
-- Looking for gz-utils2 -- found version 2.2.1
-- Searching for dependencies of gz-utils2
-- Searching for <gz-utils2> component [cli]
-- Looking for gz-utils2-cli -- found version 2.2.1
-- Searching for dependencies of gz-utils2-cli
-- Looking for gz-msgs10 -- found version 10.4.0
-- Searching for dependencies of gz-msgs10
-- Looking for gz-utils2 -- found version 2.2.1
-- Looking for gz-math7 -- found version 7.7.0
-- Searching for dependencies of gz-math7
-- Looking for gz-utils2 -- found version 2.2.1
-- Checking for module 'tinyxml2'
--   Found tinyxml2, version 10.0.0
-- Looking for gz-sim8 -- found version 8.15.0
-- Searching for dependencies of gz-sim8
-- Looking for sdformat14 -- found version 14.9.0
-- Searching for dependencies of sdformat14
-- Looking for gz-math7 -- found version 7.7.0
-- Looking for gz-utils2 -- found version 2.2.1
-- Looking for gz-plugin2 -- found version 2.0.4
-- Searching for dependencies of gz-plugin2
-- Looking for gz-utils2 -- found version 2.2.1
-- Searching for <gz-plugin2> component [loader]
-- Looking for gz-plugin2-loader -- found version 2.0.4
-- Searching for dependencies of gz-plugin2-loader
-- Searching for <gz-plugin2> component [register]
-- Looking for gz-plugin2-register -- found version 2.0.4
-- Searching for dependencies of gz-plugin2-register
-- Looking for gz-transport13 -- found version 13.6.0
-- Searching for dependencies of gz-transport13
-- Config-file not installed for ZeroMQ -- checking for pkg-config
-- Checking for module 'libzmq >= 4'
--   Found libzmq, version 4.3.5
-- Looking for gz-utils2 -- found version 2.2.1
-- Looking for gz-msgs10 -- found version 10.4.0
-- Searching for <gz-transport13> component [log]
-- Looking for gz-transport13-log -- found version 13.6.0
-- Searching for dependencies of gz-transport13-log
-- Searching for <gz-transport13> component [parameters]
-- Looking for gz-transport13-parameters -- found version 13.6.0
-- Searching for dependencies of gz-transport13-parameters
-- Looking for gz-msgs10 -- found version 10.4.0
-- Looking for gz-common5 -- found version 5.9.0
-- Searching for dependencies of gz-common5
-- Looking for gz-utils2 -- found version 2.2.1
-- Looking for dlfcn.h - found
-- Looking for libdl - found
-- Found DL: TRUE  
-- Searching for <gz-common5> component [av]
-- Looking for gz-common5-av -- found version 5.9.0
-- Searching for dependencies of gz-common5-av
-- Checking for module 'libswscale'
--   Found libswscale, version 7.5.100
-- Found SWSCALE: TRUE  
-- Checking for module 'libavdevice >= 56.4.100'
--   Found libavdevice, version 60.3.100
-- Found AVDEVICE: TRUE (Required is at least version "56.4.100") 
-- Checking for module 'libavformat'
--   Found libavformat, version 60.16.100
-- Found AVFORMAT: TRUE  
-- Checking for module 'libavcodec'
--   Found libavcodec, version 60.31.102
-- Found AVCODEC: TRUE  
-- Checking for module 'libavutil'
--   Found libavutil, version 58.29.100
-- Found AVUTIL: TRUE  
-- Searching for <gz-common5> component [events]
-- Looking for gz-common5-events -- found version 5.9.0
-- Searching for dependencies of gz-common5-events
-- Looking for gz-math7 -- found version 7.7.0
-- Searching for <gz-common5> component [graphics]
-- Looking for gz-common5-graphics -- found version 5.9.0
-- Searching for dependencies of gz-common5-graphics
-- Looking for gz-math7 -- found version 7.7.0
-- Found GzAssimp: TRUE (found version "5.3.0") 
-- Searching for <gz-common5> component [io]
-- Looking for gz-common5-io -- found version 5.9.0
-- Searching for dependencies of gz-common5-io
-- Searching for <gz-common5> component [profiler]
-- Looking for gz-common5-profiler -- found version 5.9.0
-- Searching for dependencies of gz-common5-profiler
-- Looking for gz-fuel_tools9 -- found version 9.1.1
-- Searching for dependencies of gz-fuel_tools9
-- Found CURL: /usr/lib/x86_64-linux-gnu/libcurl.so (found version "8.5.0")  
-- Checking for module 'jsoncpp'
--   Found jsoncpp, version 1.9.5
-- Found JSONCPP: TRUE  
-- Checking for module 'yaml-0.1'
--   Found yaml-0.1, version 0.2.5
-- Found YAML: TRUE  
-- Checking for module 'libzip'
--   Found libzip, version 1.7.3
-- Found ZIP: TRUE  
-- Looking for gz-utils2 -- found version 2.2.1
-- Looking for gz-common5 -- found version 5.9.0
-- Searching for dependencies of gz-common5
-- Looking for gz-utils2 -- found version 2.2.1
-- Looking for dlfcn.h - found
-- Looking for libdl - found
-- Searching for <gz-common5> component [testing]
-- Looking for gz-common5-testing -- found version 5.9.0
-- Searching for dependencies of gz-common5-testing
-- Looking for gz-math7 -- found version 7.7.0
-- Looking for gz-msgs10 -- found version 10.4.0
-- Looking for gz-gui8 -- found version 8.4.0
-- Searching for dependencies of gz-gui8
-- Looking for gz-utils2 -- found version 2.2.1
-- Looking for gz-math7 -- found version 7.7.0
-- Looking for gz-common5 -- found version 5.9.0
-- Looking for gz-plugin2 -- found version 2.0.4
-- Looking for gz-transport13 -- found version 13.6.0
-- Looking for gz-rendering8 -- found version 8.2.3
-- Searching for dependencies of gz-rendering8
-- Looking for gz-math7 -- found version 7.7.0
-- Searching for dependencies of gz-math7
-- Looking for gz-utils2 -- found version 2.2.1
-- Searching for <gz-math7> component [eigen3]
-- Looking for gz-math7-eigen3 -- found version 7.7.0
-- Searching for dependencies of gz-math7-eigen3
-- Looking for gz-common5 -- found version 5.9.0
-- Searching for dependencies of gz-common5
-- Looking for gz-utils2 -- found version 2.2.1
-- Looking for dlfcn.h - found
-- Looking for libdl - found
-- Searching for <gz-common5> component [graphics]
-- Searching for <gz-common5> component [events]
-- Searching for <gz-common5> component [geospatial]
-- Looking for gz-common5-geospatial -- found version 5.9.0
-- Searching for dependencies of gz-common5-geospatial
-- Looking for gz-math7 -- found version 7.7.0
-- Looking for gz-common5 -- found version 5.9.0
-- Looking for gz-plugin2 -- found version 2.0.4
-- Searching for dependencies of gz-plugin2
-- Looking for gz-utils2 -- found version 2.2.1
-- Searching for <gz-plugin2> component [all]
-- Looking for all libraries of gz-plugin2 -- found version 2.0.4
-- Looking for gz-plugin2 -- found version 2.0.4
-- Looking for gz-utils2 -- found version 2.2.1
-- Found OpenGL: /usr/lib/x86_64-linux-gnu/libOpenGL.so  found components: OpenGL 
-- Looking for gz-msgs10 -- found version 10.4.0
-- Looking for gz-physics7 -- found version 7.8.0
-- Searching for dependencies of gz-physics7
-- Looking for gz-common5 -- found version 5.9.0
-- Looking for gz-math7 -- found version 7.7.0
-- Looking for gz-plugin2 -- found version 2.0.4
-- Looking for gz-utils2 -- found version 2.2.1
-- Searching for <gz-physics7> component [heightmap]
-- Looking for gz-physics7-heightmap -- found version 7.8.0
-- Searching for dependencies of gz-physics7-heightmap
-- Looking for gz-common5 -- found version 5.9.0
-- Searching for <gz-physics7> component [mesh]
-- Looking for gz-physics7-mesh -- found version 7.8.0
-- Searching for dependencies of gz-physics7-mesh
-- Looking for gz-common5 -- found version 5.9.0
-- Searching for <gz-physics7> component [sdf]
-- Looking for gz-physics7-sdf -- found version 7.8.0
-- Searching for dependencies of gz-physics7-sdf
-- Looking for sdformat14 -- found version 14.9.0
-- Looking for gz-sensors8 -- found version 8.2.2
-- Searching for dependencies of gz-sensors8
-- Looking for gz-math7 -- found version 7.7.0
-- Looking for gz-common5 -- found version 5.9.0
-- Looking for gz-transport13 -- found version 13.6.0
-- Looking for gz-rendering8 -- found version 8.2.3
-- Looking for gz-msgs10 -- found version 10.4.0
-- Looking for sdformat14 -- found version 14.9.0
-- Searching for <gz-sensors8> component [air_pressure]
-- Looking for gz-sensors8-air_pressure -- found version 8.2.2
-- Searching for dependencies of gz-sensors8-air_pressure
-- Searching for <gz-sensors8> component [air_speed]
-- Looking for gz-sensors8-air_speed -- found version 8.2.2
-- Searching for dependencies of gz-sensors8-air_speed
-- Searching for <gz-sensors8> component [altimeter]
-- Looking for gz-sensors8-altimeter -- found version 8.2.2
-- Searching for dependencies of gz-sensors8-altimeter
-- Searching for <gz-sensors8> component [imu]
-- Looking for gz-sensors8-imu -- found version 8.2.2
-- Searching for dependencies of gz-sensors8-imu
-- Searching for <gz-sensors8> component [force_torque]
-- Looking for gz-sensors8-force_torque -- found version 8.2.2
-- Searching for dependencies of gz-sensors8-force_torque
-- Searching for <gz-sensors8> component [logical_camera]
-- Looking for gz-sensors8-logical_camera -- found version 8.2.2
-- Searching for dependencies of gz-sensors8-logical_camera
-- Searching for <gz-sensors8> component [magnetometer]
-- Looking for gz-sensors8-magnetometer -- found version 8.2.2
-- Searching for dependencies of gz-sensors8-magnetometer
-- Searching for <gz-sensors8> component [navsat]
-- Looking for gz-sensors8-navsat -- found version 8.2.2
-- Searching for dependencies of gz-sensors8-navsat
-- Searching for <gz-sensors8> component [dvl]
-- Looking for gz-sensors8-dvl -- found version 8.2.2
-- Searching for dependencies of gz-sensors8-dvl
-- Looking for gz-sensors8 -- found version 8.2.2
-- Searching for dependencies of gz-sensors8
-- Looking for gz-math7 -- found version 7.7.0
-- Looking for gz-common5 -- found version 5.9.0
-- Looking for gz-transport13 -- found version 13.6.0
-- Looking for gz-rendering8 -- found version 8.2.3
-- Looking for gz-msgs10 -- found version 10.4.0
-- Looking for sdformat14 -- found version 14.9.0
-- Searching for <gz-sensors8> component [rendering]
-- Looking for gz-sensors8-rendering -- found version 8.2.2
-- Searching for dependencies of gz-sensors8-rendering
-- Searching for <gz-sensors8> component [rendering]
-- Searching for <gz-sensors8> component [lidar]
-- Looking for gz-sensors8-lidar -- found version 8.2.2
-- Searching for dependencies of gz-sensors8-lidar
-- Looking for gz-sensors8 -- found version 8.2.2
-- Searching for <gz-sensors8> component [gpu_lidar]
-- Looking for gz-sensors8-gpu_lidar -- found version 8.2.2
-- Searching for dependencies of gz-sensors8-gpu_lidar
-- Looking for gz-sensors8 -- found version 8.2.2
-- Searching for <gz-sensors8> component [camera]
-- Looking for gz-sensors8-camera -- found version 8.2.2
-- Searching for dependencies of gz-sensors8-camera
-- Looking for gz-sensors8 -- found version 8.2.2
-- Searching for <gz-sensors8> component [boundingbox_camera]
-- Looking for gz-sensors8-boundingbox_camera -- found version 8.2.2
-- Searching for dependencies of gz-sensors8-boundingbox_camera
-- Searching for <gz-sensors8> component [segmentation_camera]
-- Looking for gz-sensors8-segmentation_camera -- found version 8.2.2
-- Searching for dependencies of gz-sensors8-segmentation_camera
-- Searching for <gz-sensors8> component [depth_camera]
-- Looking for gz-sensors8-depth_camera -- found version 8.2.2
-- Searching for dependencies of gz-sensors8-depth_camera
-- Looking for gz-sensors8 -- found version 8.2.2
-- Searching for <gz-sensors8> component [rgbd_camera]
-- Looking for gz-sensors8-rgbd_camera -- found version 8.2.2
-- Searching for dependencies of gz-sensors8-rgbd_camera
-- Looking for gz-sensors8 -- found version 8.2.2
-- Searching for <gz-sensors8> component [thermal_camera]
-- Looking for gz-sensors8-thermal_camera -- found version 8.2.2
-- Searching for dependencies of gz-sensors8-thermal_camera
-- Looking for gz-sensors8 -- found version 8.2.2
-- Searching for <gz-sensors8> component [wide_angle_camera]
-- Looking for gz-sensors8-wide_angle_camera -- found version 8.2.2
-- Searching for dependencies of gz-sensors8-wide_angle_camera
-- Looking for gz-rendering8 -- found version 8.2.3
-- Looking for gz-math7 -- found version 7.7.0
-- Looking for gz-utils2 -- found version 2.2.1
-- Looking for gz-sensors8 -- found version 8.2.2
-- Looking for gz-plugin2 -- found version 2.0.4
-- Found PkgConfig: /usr/bin/pkg-config (found version "1.8.1") 
-- Checking for module 'gstreamer-1.0'
--   Package 'gstreamer-1.0', required by 'virtual:world', not found
-- Checking for module 'gstreamer-app-1.0'
--   Package 'gstreamer-app-1.0', required by 'virtual:world', not found
-- Found Java: /usr/bin/java (found version "21.0.12") 
-- ROMFS: ROMFS/px4fmu_common
-- Configuring done (12.1s)
-- Generating done (0.9s)
-- Build files have been written to: /home/adamgb/phd/gazebo_ws/build/px4
[  0%] [34m[1mRunning cpp protocol buffer compiler on /home/adamgb/phd/gazebo_ws/src/px4_firmware/src/modules/simulation/gz_msgs/opticalflow.proto[0m
[  0%] [34m[1mGenerating XRCE-DDS topic bridge[0m
[  0%] [34m[1mGenerating git version header[0m
[  0%] [34m[1mGenerating Flight Tasks[0m
[  1%] [34m[1mGenerating output_functions.hpp[0m
[  1%] [34m[1mGenerating actuators.json[0m
[  1%] [34m[1mgit submodule src/drivers/gps/devices[0m
[  1%] [34m[1mgit submodule src/modules/mavlink/mavlink[0m
[  1%] [32mBuilding C object boards/px4/sitl/src/CMakeFiles/drivers_board.dir/sitl_led.c.o[0m
[  1%] [34m[1mGenerating combined event json file[0m
[  1%] [34m[1mGenerating uORB topic headers[0m
[  1%] [32mBuilding CXX object boards/px4/sitl/src/CMakeFiles/drivers_board.dir/board_shutdown.cpp.o[0m
[  1%] [34m[1mgit submodule src/modules/uxrce_dds_client/Micro-XRCE-DDS-Client[0m
[  1%] [34m[1mGenerating serial_params.c[0m
[  1%] [34m[1mGenerating uORB topic ucdr headers[0m
[  1%] [32mBuilding CXX object src/modules/simulation/gz_msgs/CMakeFiles/px4_gz_msgs.dir/opticalflow.pb.cc.o[0m
[  1%] Built target git_mavlink_v2
[  1%] Built target git_micro_xrce_dds_client
[  1%] Built target git_gps_devices
[  1%] Built target flighttasks_generated
[  1%] Built target ver_gen
[  1%] [34m[1mGenerating Mavlink uAvionix: src/modules/mavlink/mavlink/message_definitions/v1.0/uAvionix.xml[0m
[  1%] [34m[1mGenerating px4 event header file[0m
[  1%] [32m[1mLinking CXX static library libdrivers_board.a[0m
[  1%] Built target output_functions_header
[  1%] Built target drivers_board
[  1%] Built target topic_bridge_files
[  1%] Built target events_header
[  1%] Built target actuators_json
[  1%] Built target mavlink_c_generate_uavionix
[  1%] [34m[1mGenerating Mavlink development: src/modules/mavlink/mavlink/message_definitions/v1.0/development.xml[0m
[  1%] [34m[1mGenerating parameters.xml[0m
[  1%] [32m[1mLinking CXX static library libpx4_gz_msgs.a[0m
[  1%] Built target px4_gz_msgs
[  1%] [32mBuilding CXX object src/modules/simulation/gz_plugins/template_plugin/CMakeFiles/TemplatePlugin.dir/TemplateSystem.cpp.o[0m
[  1%] [32mBuilding CXX object src/modules/simulation/gz_plugins/moving_platform_controller/CMakeFiles/MovingPlatformController.dir/MovingPlatformController.cpp.o[0m
[  1%] [32mBuilding CXX object src/modules/simulation/gz_plugins/generic_motor/CMakeFiles/GenericMotorModelPlugin.dir/GenericMotorModel.cpp.o[0m
[  1%] [32mBuilding CXX object src/modules/simulation/gz_plugins/spacecraft_thruster/CMakeFiles/SpacecraftThrusterModelPlugin.dir/SpacecraftThrusterModel.cpp.o[0m
[  1%] [32mBuilding CXX object src/modules/simulation/gz_plugins/buoyancy/CMakeFiles/BuoyancySystemPlugin.dir/BuoyancySystem.cpp.o[0m
[  1%] Built target uorb_headers
[  3%] [32mBuilding C object platforms/common/work_queue/CMakeFiles/work_queue.dir/hrt_queue.c.o[0m
[  3%] [32mBuilding C object platforms/common/work_queue/CMakeFiles/work_queue.dir/hrt_thread.c.o[0m
[  3%] [32mBuilding C object platforms/common/work_queue/CMakeFiles/work_queue.dir/dq_remfirst.c.o[0m
[  3%] [34m[1mCreating directories for 'libmicroxrceddsclient_project'[0m
[  3%] [32mBuilding C object platforms/common/work_queue/CMakeFiles/work_queue.dir/queue.c.o[0m
[  3%] [32mBuilding CXX object src/lib/lat_lon_alt/CMakeFiles/lat_lon_alt.dir/lat_lon_alt.cpp.o[0m
[  3%] [32mBuilding CXX object src/lib/tinybson/CMakeFiles/tinybson.dir/tinybson.cpp.o[0m
[  3%] [32mBuilding CXX object src/lib/perf/CMakeFiles/perf.dir/perf_counter.cpp.o[0m
[  3%] [32mBuilding C object src/lib/version/CMakeFiles/version.dir/version.c.o[0m
[  3%] [32mBuilding C object platforms/common/work_queue/CMakeFiles/work_queue.dir/hrt_work_cancel.c.o[0m
[  3%] [34m[1mGenerating uORB json files[0m
[  3%] [32mBuilding CXX object src/lib/world_magnetic_model/CMakeFiles/world_magnetic_model.dir/geo_mag_declination.cpp.o[0m
[  3%] [32mBuilding C object platforms/common/work_queue/CMakeFiles/work_queue.dir/dq_addlast.c.o[0m
[  3%] [32mBuilding CXX object src/lib/geo/CMakeFiles/geo.dir/geo.cpp.o[0m
[  3%] [32mBuilding CXX object src/lib/wind_estimator/CMakeFiles/wind_estimator.dir/WindEstimator.cpp.o[0m
[  3%] [32mBuilding CXX object src/modules/commander/ModeUtil/CMakeFiles/mode_util.dir/control_mode.cpp.o[0m
[  3%] [32mBuilding CXX object src/modules/ekf2/EKF/bias_estimator/CMakeFiles/bias_estimator.dir/bias_estimator.cpp.o[0m
[  3%] [32mBuilding CXX object src/modules/ekf2/EKF/yaw_estimator/CMakeFiles/yaw_estimator.dir/EKFGSF_yaw.cpp.o[0m
[  3%] [34m[1mGenerating uORB topic sources[0m
[  3%] [32mBuilding C object platforms/common/work_queue/CMakeFiles/work_queue.dir/sq_addafter.c.o[0m
[  3%] [32mBuilding C object platforms/common/work_queue/CMakeFiles/work_queue.dir/sq_addlast.c.o[0m
[  3%] [32mBuilding CXX object src/modules/commander/ModeUtil/CMakeFiles/mode_util.dir/mode_requirements.cpp.o[0m
[  3%] [32mBuilding C object platforms/common/work_queue/CMakeFiles/work_queue.dir/dq_rem.c.o[0m
[  3%] [34m[1mGenerating px4 event json file from source[0m
[  3%] [34m[1mNo download step for 'libmicroxrceddsclient_project'[0m
[  3%] [32mBuilding C object platforms/common/work_queue/CMakeFiles/work_queue.dir/sq_remfirst.c.o[0m
[  3%] [32mBuilding C object platforms/common/work_queue/CMakeFiles/work_queue.dir/work_cancel.c.o[0m
[  3%] [32mBuilding C object platforms/common/work_queue/CMakeFiles/work_queue.dir/work_queue.c.o[0m
[  3%] [32mBuilding C object platforms/common/work_queue/CMakeFiles/work_queue.dir/work_lock.c.o[0m
[  3%] [34m[1mNo update step for 'libmicroxrceddsclient_project'[0m
[  3%] [32mBuilding C object platforms/common/work_queue/CMakeFiles/work_queue.dir/work_thread.c.o[0m
[  3%] Built target mavlink_c_generate
[  3%] [34m[1mNo patch step for 'libmicroxrceddsclient_project'[0m
[  3%] [32m[1mLinking CXX static library libmode_util.a[0m
[  3%] [34m[1mPerforming configure step for 'libmicroxrceddsclient_project'[0m
[  3%] Built target mode_util
[  3%] [32m[1mLinking C static library libversion.a[0m
[  3%] [32m[1mLinking C static library libwork_queue.a[0m
[  3%] Built target version
[  3%] Built target work_queue
[  3%] [32m[1mLinking CXX static library libworld_magnetic_model.a[0m
[  3%] [32m[1mLinking CXX static library libbias_estimator.a[0m
[  3%] Built target world_magnetic_model
[  3%] [32m[1mLinking CXX static library libperf.a[0m
[  3%] Built target bias_estimator
[  3%] Built target perf
[  3%] [32m[1mLinking CXX static library libgeo.a[0m
[  3%] [32m[1mLinking CXX static library liblat_lon_alt.a[0m
[  3%] Built target geo
[  3%] Built target lat_lon_alt
[  3%] [32mBuilding CXX object src/modules/ekf2/EKF/output_predictor/CMakeFiles/output_predictor.dir/output_predictor.cpp.o[0m
[  3%] [32m[1mLinking CXX static library libtinybson.a[0m
[  3%] Built target tinybson
[  3%] [34m[1mGenerating parameters.xml[0m
[  3%] [32m[1mLinking CXX static library libwind_estimator.a[0m
[  3%] [34m[1mGenerating combined event json file[0m
[  3%] Built target wind_estimator
-- libmicroxrceddsclient_project configure command succeeded.  See also /home/adamgb/phd/gazebo_ws/build/px4/src/modules/uxrce_dds_client/src/libmicroxrceddsclient_project-stamp/libmicroxrceddsclient_project-configure-*.log
[  3%] [34m[1mPerforming build step for 'libmicroxrceddsclient_project'[0m
[  3%] Built target events_json
[  3%] [32m[1mLinking CXX static library liboutput_predictor.a[0m
[  5%] [34m[1mGenerating uORB compressed fields[0m
[  5%] Built target output_predictor
[  5%] [32m[1mLinking CXX static library libyaw_estimator.a[0m
[  5%] Built target yaw_estimator
[  5%] [32mBuilding CXX object src/modules/ekf2/EKF/CMakeFiles/ecl_EKF.dir/estimator_interface.cpp.o[0m
[  5%] [32mBuilding CXX object src/modules/ekf2/EKF/CMakeFiles/ecl_EKF.dir/covariance.cpp.o[0m
[  5%] [32mBuilding CXX object src/modules/ekf2/EKF/CMakeFiles/ecl_EKF.dir/control.cpp.o[0m
[  5%] [32mBuilding CXX object src/modules/ekf2/EKF/CMakeFiles/ecl_EKF.dir/ekf.cpp.o[0m
[  5%] [32mBuilding CXX object src/modules/ekf2/EKF/CMakeFiles/ecl_EKF.dir/ekf_helper.cpp.o[0m
[  5%] [32mBuilding CXX object src/modules/ekf2/EKF/CMakeFiles/ecl_EKF.dir/height_control.cpp.o[0m
[  5%] [32mBuilding CXX object src/modules/ekf2/EKF/CMakeFiles/ecl_EKF.dir/yaw_fusion.cpp.o[0m
[  5%] [32mBuilding CXX object src/modules/ekf2/EKF/CMakeFiles/ecl_EKF.dir/velocity_fusion.cpp.o[0m
[  5%] [32mBuilding CXX object src/modules/ekf2/EKF/CMakeFiles/ecl_EKF.dir/aid_sources/fake_height_control.cpp.o[0m
[  5%] [32mBuilding CXX object src/modules/ekf2/EKF/CMakeFiles/ecl_EKF.dir/aid_sources/ZeroGyroUpdate.cpp.o[0m
[  7%] [32mBuilding CXX object src/modules/ekf2/EKF/CMakeFiles/ecl_EKF.dir/position_fusion.cpp.o[0m
[  7%] [32mBuilding CXX object src/modules/ekf2/EKF/CMakeFiles/ecl_EKF.dir/aid_sources/fake_pos_control.cpp.o[0m
[  7%] [32mBuilding CXX object src/modules/ekf2/EKF/CMakeFiles/ecl_EKF.dir/imu_down_sampler/imu_down_sampler.cpp.o[0m
[  7%] [32mBuilding CXX object src/modules/ekf2/EKF/CMakeFiles/ecl_EKF.dir/aid_sources/zero_innovation_heading_update.cpp.o[0m
[  7%] [32mBuilding CXX object src/modules/ekf2/EKF/CMakeFiles/ecl_EKF.dir/aid_sources/ZeroVelocityUpdate.cpp.o[0m
[  7%] [32mBuilding CXX object src/modules/ekf2/EKF/CMakeFiles/ecl_EKF.dir/aid_sources/airspeed/airspeed_fusion.cpp.o[0m
[  7%] [32mBuilding CXX object src/modules/ekf2/EKF/CMakeFiles/ecl_EKF.dir/aid_sources/aux_global_position/aux_global_position.cpp.o[0m
[  7%] [32mBuilding CXX object src/modules/ekf2/EKF/CMakeFiles/ecl_EKF.dir/aid_sources/auxvel/auxvel_fusion.cpp.o[0m
[  7%] [32mBuilding CXX object src/modules/ekf2/EKF/CMakeFiles/ecl_EKF.dir/aid_sources/barometer/baro_height_control.cpp.o[0m
[  7%] [32mBuilding CXX object src/modules/ekf2/EKF/CMakeFiles/ecl_EKF.dir/aid_sources/drag/drag_fusion.cpp.o[0m
[  7%] [32mBuilding CXX object src/modules/ekf2/EKF/CMakeFiles/ecl_EKF.dir/aid_sources/external_vision/ev_height_control.cpp.o[0m
[  7%] [32mBuilding CXX object src/modules/ekf2/EKF/CMakeFiles/ecl_EKF.dir/aid_sources/external_vision/ev_control.cpp.o[0m
[  7%] [32mBuilding CXX object src/modules/ekf2/EKF/CMakeFiles/ecl_EKF.dir/aid_sources/external_vision/ev_pos_control.cpp.o[0m
[  7%] [32mBuilding CXX object src/modules/ekf2/EKF/CMakeFiles/ecl_EKF.dir/aid_sources/external_vision/ev_vel_control.cpp.o[0m
[  7%] [32mBuilding CXX object src/modules/ekf2/EKF/CMakeFiles/ecl_EKF.dir/aid_sources/gnss/gnss_checks.cpp.o[0m
[  7%] [32mBuilding CXX object src/modules/ekf2/EKF/CMakeFiles/ecl_EKF.dir/aid_sources/gnss/gnss_height_control.cpp.o[0m
[  7%] [32mBuilding CXX object src/modules/ekf2/EKF/CMakeFiles/ecl_EKF.dir/aid_sources/external_vision/ev_yaw_control.cpp.o[0m
[  7%] [32mBuilding CXX object src/modules/ekf2/EKF/CMakeFiles/ecl_EKF.dir/aid_sources/gnss/gps_control.cpp.o[0m
[  8%] [32mBuilding CXX object src/modules/ekf2/EKF/CMakeFiles/ecl_EKF.dir/aid_sources/gnss/gnss_yaw_control.cpp.o[0m
[  8%] [32mBuilding CXX object src/modules/ekf2/EKF/CMakeFiles/ecl_EKF.dir/aid_sources/gravity/gravity_fusion.cpp.o[0m
[  8%] [32mBuilding CXX object src/modules/ekf2/EKF/CMakeFiles/ecl_EKF.dir/aid_sources/magnetometer/mag_control.cpp.o[0m
[  8%] [32mBuilding CXX object src/modules/ekf2/EKF/CMakeFiles/ecl_EKF.dir/aid_sources/magnetometer/mag_fusion.cpp.o[0m
[  8%] [32mBuilding CXX object src/modules/ekf2/EKF/CMakeFiles/ecl_EKF.dir/aid_sources/optical_flow/optical_flow_control.cpp.o[0m
[  8%] [32mBuilding CXX object src/modules/ekf2/EKF/CMakeFiles/ecl_EKF.dir/aid_sources/optical_flow/optical_flow_fusion.cpp.o[0m
[  8%] [32mBuilding CXX object src/modules/ekf2/EKF/CMakeFiles/ecl_EKF.dir/aid_sources/range_finder/range_finder_consistency_check.cpp.o[0m
[  8%] Built target parameters_xml
[  8%] [32mBuilding CXX object src/modules/ekf2/EKF/CMakeFiles/ecl_EKF.dir/aid_sources/range_finder/range_height_control.cpp.o[0m
[  8%] [32mBuilding CXX object src/modules/ekf2/EKF/CMakeFiles/ecl_EKF.dir/aid_sources/range_finder/range_height_fusion.cpp.o[0m
[  8%] [32mBuilding CXX object src/modules/ekf2/EKF/CMakeFiles/ecl_EKF.dir/aid_sources/range_finder/sensor_range_finder.cpp.o[0m
[  8%] [32mBuilding CXX object src/modules/ekf2/EKF/CMakeFiles/ecl_EKF.dir/aid_sources/sideslip/sideslip_fusion.cpp.o[0m
[  8%] [32mBuilding CXX object src/modules/ekf2/EKF/CMakeFiles/ecl_EKF.dir/terrain_control.cpp.o[0m
[  8%] [34m[1mGenerating component_general.json and checksums.h[0m
[  8%] [32mBuilding CXX object src/modules/ekf2/EKF/CMakeFiles/ecl_EKF.dir/wind.cpp.o[0m
[  8%] Built target component_general_json
[  8%] [34m[1mGenerating ../romfs_files.tar[0m
[  8%] [34m[1mROMFS: copying, generating airframes[0m
[  8%] [34m[1mGenerating px4_parameters.hpp[0m
[  8%] [32mBuilding CXX object src/lib/parameters/CMakeFiles/parameters.dir/param_translation_unit_tests.cpp.o[0m
[  8%] [32mBuilding CXX object src/lib/parameters/CMakeFiles/parameters.dir/parameters.cpp.o[0m
[  8%] [32mBuilding CXX object src/lib/parameters/CMakeFiles/parameters.dir/atomic_transaction.cpp.o[0m
[  8%] [32mBuilding CXX object src/lib/parameters/CMakeFiles/parameters.dir/autosave.cpp.o[0m
[  8%] [34m[1mROMFS: copying extras[0m
[  8%] Built target romfs_gen_files_target
[  8%] [32m[1mLinking CXX static library libecl_EKF.a[0m
[  8%] Built target ecl_EKF
[  8%] [32mBuilding CXX object src/modules/ekf2/test/test_helper/CMakeFiles/ecl_test_helper.dir/comparison_helper.cpp.o[0m
[  8%] [32mBuilding CXX object src/modules/ekf2/test/test_helper/CMakeFiles/ecl_test_helper.dir/reset_logging_checker.cpp.o[0m
[  8%] [32m[1mLinking CXX static library libparameters.a[0m
[  8%] Built target parameters
[  8%] [32mBuilding CXX object platforms/common/px4_work_queue/CMakeFiles/px4_work_queue.dir/ScheduledWorkItem.cpp.o[0m
[  8%] [32mBuilding CXX object platforms/common/px4_work_queue/CMakeFiles/px4_work_queue.dir/WorkQueueManager.cpp.o[0m
[  8%] [32mBuilding CXX object platforms/common/px4_work_queue/CMakeFiles/px4_work_queue.dir/WorkItemSingleShot.cpp.o[0m
[  8%] [32mBuilding CXX object platforms/common/px4_work_queue/CMakeFiles/px4_work_queue.dir/WorkItem.cpp.o[0m
[  8%] [32mBuilding CXX object platforms/common/px4_work_queue/CMakeFiles/px4_work_queue.dir/WorkQueue.cpp.o[0m
[  8%] [32m[1mLinking CXX static library libecl_test_helper.a[0m
[  8%] Built target ecl_test_helper
[  8%] [32m[1mLinking CXX static library libpx4_work_queue.a[0m
[  8%] Built target px4_work_queue
[  8%] [32mBuilding C object platforms/common/CMakeFiles/px4_platform.dir/board_identity.c.o[0m
[  8%] [32mBuilding CXX object platforms/common/CMakeFiles/px4_platform.dir/px4_cli.cpp.o[0m
[  8%] [32mBuilding C object platforms/common/CMakeFiles/px4_platform.dir/board_common.c.o[0m
[  8%] [32mBuilding CXX object platforms/common/CMakeFiles/px4_platform.dir/external_reset_lockout.cpp.o[0m
[  8%] [32mBuilding CXX object platforms/common/CMakeFiles/px4_platform.dir/i2c.cpp.o[0m
[  8%] [32mBuilding C object platforms/common/CMakeFiles/px4_platform.dir/pab_manifest.c.o[0m
[  8%] [32mBuilding CXX object platforms/common/CMakeFiles/px4_platform.dir/i2c_spi_buses.cpp.o[0m
[  8%] [32mBuilding CXX object platforms/common/CMakeFiles/px4_platform.dir/module.cpp.o[0m
[  8%] [32mBuilding CXX object platforms/common/CMakeFiles/px4_platform.dir/shutdown.cpp.o[0m
[  8%] [32mBuilding C object platforms/common/CMakeFiles/px4_platform.dir/px4_getopt.c.o[0m
[  8%] [32mBuilding CXX object platforms/common/CMakeFiles/px4_platform.dir/Serial.cpp.o[0m
[  8%] [32mBuilding CXX object platforms/common/CMakeFiles/px4_platform.dir/spi.cpp.o[0m
[ 10%] [32mBuilding CXX object platforms/common/CMakeFiles/px4_platform.dir/px4_log.cpp.o[0m
[ 10%] [32mBuilding CXX object platforms/common/CMakeFiles/px4_platform.dir/px4_log_history.cpp.o[0m
[ 10%] [32mBuilding CXX object msg/CMakeFiles/uorb_msgs.dir/topics_sources/actuator_controls_status.cpp.o[0m
[ 10%] [32mBuilding CXX object msg/CMakeFiles/uorb_msgs.dir/topics_sources/actuator_outputs.cpp.o[0m
[ 10%] [32mBuilding CXX object msg/CMakeFiles/uorb_msgs.dir/topics_sources/actuator_servos_trim.cpp.o[0m
[ 10%] [32mBuilding CXX object msg/CMakeFiles/uorb_msgs.dir/topics_sources/actuator_armed.cpp.o[0m
[ 10%] [32mBuilding CXX object msg/CMakeFiles/uorb_msgs.dir/topics_sources/action_request.cpp.o[0m
[ 10%] [32mBuilding CXX object msg/CMakeFiles/uorb_msgs.dir/topics_sources/actuator_test.cpp.o[0m
[ 10%] [32mBuilding CXX object msg/CMakeFiles/uorb_msgs.dir/topics_sources/airspeed_wind.cpp.o[0m
[ 10%] [32mBuilding CXX object msg/CMakeFiles/uorb_msgs.dir/topics_sources/autotune_attitude_control_status.cpp.o[0m
[ 10%] [32mBuilding CXX object msg/CMakeFiles/uorb_msgs.dir/topics_sources/button_event.cpp.o[0m
[ 10%] [32mBuilding CXX object msg/CMakeFiles/uorb_msgs.dir/topics_sources/adc_report.cpp.o[0m
[ 10%] [32mBuilding CXX object msg/CMakeFiles/uorb_msgs.dir/topics_sources/airspeed.cpp.o[0m
[ 10%] [32mBuilding CXX object msg/CMakeFiles/uorb_msgs.dir/topics_sources/battery_info.cpp.o[0m
[ 10%] [32mBuilding CXX object msg/CMakeFiles/uorb_msgs.dir/topics_sources/camera_capture.cpp.o[0m
[ 10%] [32mBuilding CXX object msg/CMakeFiles/uorb_msgs.dir/topics_sources/camera_trigger.cpp.o[0m
[ 10%] [32mBuilding CXX object msg/CMakeFiles/uorb_msgs.dir/topics_sources/camera_status.cpp.o[0m
[ 10%] [32mBuilding CXX object msg/CMakeFiles/uorb_msgs.dir/topics_sources/cellular_status.cpp.o[0m
[ 10%] [32mBuilding CXX object msg/CMakeFiles/uorb_msgs.dir/topics_sources/can_interface_status.cpp.o[0m
[ 10%] [32mBuilding CXX object msg/CMakeFiles/uorb_msgs.dir/topics_sources/collision_constraints.cpp.o[0m
[ 10%] [32mBuilding CXX object msg/CMakeFiles/uorb_msgs.dir/topics_sources/control_allocator_status.cpp.o[0m
[ 12%] [32mBuilding CXX object msg/CMakeFiles/uorb_msgs.dir/topics_sources/cpuload.cpp.o[0m
[ 12%] [32mBuilding CXX object msg/CMakeFiles/uorb_msgs.dir/topics_sources/dataman_response.cpp.o[0m
[ 12%] [32mBuilding CXX object msg/CMakeFiles/uorb_msgs.dir/topics_sources/dataman_request.cpp.o[0m
[ 12%] [32mBuilding CXX object msg/CMakeFiles/uorb_msgs.dir/topics_sources/debug_array.cpp.o[0m
[ 12%] [32mBuilding CXX object msg/CMakeFiles/uorb_msgs.dir/topics_sources/debug_key_value.cpp.o[0m
[ 12%] [32mBuilding CXX object msg/CMakeFiles/uorb_msgs.dir/topics_sources/debug_value.cpp.o[0m
[ 12%] [32mBuilding CXX object msg/CMakeFiles/uorb_msgs.dir/topics_sources/debug_vect.cpp.o[0m
[ 12%] [32mBuilding CXX object msg/CMakeFiles/uorb_msgs.dir/topics_sources/distance_sensor.cpp.o[0m
[ 12%] [32mBuilding CXX object msg/CMakeFiles/uorb_msgs.dir/topics_sources/distance_sensor_mode_change_request.cpp.o[0m
[ 12%] [32mBuilding CXX object msg/CMakeFiles/uorb_msgs.dir/topics_sources/dronecan_node_status.cpp.o[0m
[ 12%] [32mBuilding CXX object msg/CMakeFiles/uorb_msgs.dir/topics_sources/ekf2_timestamps.cpp.o[0m
[ 12%] [32mBuilding CXX object msg/CMakeFiles/uorb_msgs.dir/topics_sources/differential_pressure.cpp.o[0m
[ 12%] [32mBuilding CXX object msg/CMakeFiles/uorb_msgs.dir/topics_sources/esc_status.cpp.o[0m
[ 12%] [32mBuilding CXX object msg/CMakeFiles/uorb_msgs.dir/topics_sources/esc_report.cpp.o[0m
[ 12%] [32mBuilding CXX object msg/CMakeFiles/uorb_msgs.dir/topics_sources/estimator_aid_source1d.cpp.o[0m
[ 12%] [32mBuilding CXX object msg/CMakeFiles/uorb_msgs.dir/topics_sources/estimator_aid_source3d.cpp.o[0m
[ 12%] [32mBuilding CXX object msg/CMakeFiles/uorb_msgs.dir/topics_sources/estimator_aid_source2d.cpp.o[0m
[ 12%] [32mBuilding CXX object msg/CMakeFiles/uorb_msgs.dir/topics_sources/estimator_bias.cpp.o[0m
[ 12%] [32mBuilding CXX object msg/CMakeFiles/uorb_msgs.dir/topics_sources/estimator_bias3d.cpp.o[0m
[ 12%] [32mBuilding CXX object msg/CMakeFiles/uorb_msgs.dir/topics_sources/estimator_event_flags.cpp.o[0m
[ 14%] [32mBuilding CXX object msg/CMakeFiles/uorb_msgs.dir/topics_sources/estimator_gps_status.cpp.o[0m
[ 14%] [32mBuilding CXX object msg/CMakeFiles/uorb_msgs.dir/topics_sources/estimator_selector_status.cpp.o[0m
[ 14%] [32mBuilding CXX object msg/CMakeFiles/uorb_msgs.dir/topics_sources/estimator_sensor_bias.cpp.o[0m
[ 14%] [32mBuilding CXX object msg/CMakeFiles/uorb_msgs.dir/topics_sources/estimator_innovations.cpp.o[0m
[ 14%] [32mBuilding CXX object msg/CMakeFiles/uorb_msgs.dir/topics_sources/estimator_states.cpp.o[0m
[ 14%] [32mBuilding CXX object msg/CMakeFiles/uorb_msgs.dir/topics_sources/estimator_status.cpp.o[0m
[ 14%] [32mBuilding CXX object msg/CMakeFiles/uorb_msgs.dir/topics_sources/estimator_status_flags.cpp.o[0m
[ 14%] [32mBuilding CXX object msg/CMakeFiles/uorb_msgs.dir/topics_sources/failsafe_flags.cpp.o[0m
[ 14%] [32m[1mLinking CXX static library libpx4_platform.a[0m
[ 14%] [32m[1mLinking CXX shared library ../libTemplatePlugin.so[0m
[ 14%] [32mBuilding CXX object msg/CMakeFiles/uorb_msgs.dir/topics_sources/failure_detector_status.cpp.o[0m
[ 14%] [32mBuilding CXX object msg/CMakeFiles/uorb_msgs.dir/topics_sources/figure_eight_status.cpp.o[0m
[ 14%] [32mBuilding CXX object msg/CMakeFiles/uorb_msgs.dir/topics_sources/fixed_wing_lateral_status.cpp.o[0m
[ 14%] [32mBuilding CXX object msg/CMakeFiles/uorb_msgs.dir/topics_sources/fixed_wing_runway_control.cpp.o[0m
[ 14%] [32mBuilding CXX object msg/CMakeFiles/uorb_msgs.dir/topics_sources/fixed_wing_lateral_guidance_status.cpp.o[0m
[ 14%] Built target px4_platform
[ 14%] [32mBuilding CXX object msg/CMakeFiles/uorb_msgs.dir/topics_sources/flight_phase_estimation.cpp.o[0m
[ 14%] [32mBuilding CXX object msg/CMakeFiles/uorb_msgs.dir/topics_sources/follow_target_status.cpp.o[0m
[ 14%] [32mBuilding CXX object msg/CMakeFiles/uorb_msgs.dir/topics_sources/follow_target_estimator.cpp.o[0m
[ 14%] [32mBuilding CXX object msg/CMakeFiles/uorb_msgs.dir/topics_sources/follow_target.cpp.o[0m
[ 14%] [32mBuilding CXX object msg/CMakeFiles/uorb_msgs.dir/topics_sources/fuel_tank_status.cpp.o[0m
[ 14%] [32mBuilding CXX object platforms/posix/src/px4/common/lockstep_scheduler/CMakeFiles/lockstep_scheduler.dir/src/lockstep_scheduler.cpp.o[0m
[ 14%] [32mBuilding CXX object msg/CMakeFiles/uorb_msgs.dir/topics_sources/geofence_result.cpp.o[0m
[ 14%] [32mBuilding CXX object msg/CMakeFiles/uorb_msgs.dir/topics_sources/generator_status.cpp.o[0m
[ 14%] [32mBuilding CXX object msg/CMakeFiles/uorb_msgs.dir/topics_sources/geofence_status.cpp.o[0m
[ 16%] [32mBuilding CXX object msg/CMakeFiles/uorb_msgs.dir/topics_sources/gimbal_controls.cpp.o[0m
[ 16%] [32mBuilding CXX object platforms/posix/src/px4/common/lockstep_scheduler/CMakeFiles/lockstep_scheduler.dir/src/lockstep_components.cpp.o[0m
[ 16%] Built target TemplatePlugin
[ 16%] [32mBuilding CXX object msg/CMakeFiles/uorb_msgs.dir/topics_sources/gimbal_device_set_attitude.cpp.o[0m
[ 16%] [32mBuilding CXX object msg/CMakeFiles/uorb_msgs.dir/topics_sources/gimbal_device_information.cpp.o[0m
[ 16%] [32mBuilding CXX object msg/CMakeFiles/uorb_msgs.dir/topics_sources/gimbal_device_attitude_status.cpp.o[0m
[ 16%] [32mBuilding CXX object msg/CMakeFiles/uorb_msgs.dir/topics_sources/gimbal_manager_information.cpp.o[0m
[ 16%] [32mBuilding CXX object msg/CMakeFiles/uorb_msgs.dir/topics_sources/gimbal_manager_set_attitude.cpp.o[0m
[ 16%] [32mBuilding CXX object msg/CMakeFiles/uorb_msgs.dir/topics_sources/gimbal_manager_set_manual_control.cpp.o[0m
[ 16%] [32mBuilding CXX object msg/CMakeFiles/uorb_msgs.dir/topics_sources/gimbal_manager_status.cpp.o[0m
[ 16%] [32mBuilding CXX object msg/CMakeFiles/uorb_msgs.dir/topics_sources/gpio_config.cpp.o[0m
[ 16%] [32mBuilding CXX object msg/CMakeFiles/uorb_msgs.dir/topics_sources/gpio_in.cpp.o[0m
[ 16%] [32mBuilding CXX object msg/CMakeFiles/uorb_msgs.dir/topics_sources/gpio_out.cpp.o[0m
[ 16%] [32mBuilding CXX object msg/CMakeFiles/uorb_msgs.dir/topics_sources/gps_dump.cpp.o[0m
[ 16%] [32mBuilding CXX object msg/CMakeFiles/uorb_msgs.dir/topics_sources/gps_inject_data.cpp.o[0m
[ 16%] [32mBuilding CXX object msg/CMakeFiles/uorb_msgs.dir/topics_sources/health_report.cpp.o[0m
[ 16%] [32mBuilding CXX object msg/CMakeFiles/uorb_msgs.dir/topics_sources/gripper.cpp.o[0m
[ 16%] [32mBuilding CXX object msg/CMakeFiles/uorb_msgs.dir/topics_sources/gpio_request.cpp.o[0m
[ 16%] [32mBuilding CXX object msg/CMakeFiles/uorb_msgs.dir/topics_sources/heater_status.cpp.o[0m
[ 16%] [32mBuilding CXX object msg/CMakeFiles/uorb_msgs.dir/topics_sources/hover_thrust_estimate.cpp.o[0m
[ 16%] [32mBuilding CXX object msg/CMakeFiles/uorb_msgs.dir/topics_sources/input_rc.cpp.o[0m
[ 16%] [32mBuilding CXX object msg/CMakeFiles/uorb_msgs.dir/topics_sources/internal_combustion_engine_control.cpp.o[0m
[ 16%] [32mBuilding CXX object msg/CMakeFiles/uorb_msgs.dir/topics_sources/irlock_report.cpp.o[0m
[ 17%] [32mBuilding CXX object msg/CMakeFiles/uorb_msgs.dir/topics_sources/iridiumsbd_status.cpp.o[0m
[ 17%] [32mBuilding CXX object msg/CMakeFiles/uorb_msgs.dir/topics_sources/internal_combustion_engine_status.cpp.o[0m
[ 17%] [32mBuilding CXX object msg/CMakeFiles/uorb_msgs.dir/topics_sources/landing_gear.cpp.o[0m
[ 17%] [32mBuilding CXX object msg/CMakeFiles/uorb_msgs.dir/topics_sources/landing_gear_wheel.cpp.o[0m
[ 17%] [32mBuilding CXX object msg/CMakeFiles/uorb_msgs.dir/topics_sources/landing_target_innovations.cpp.o[0m
[ 17%] [32mBuilding CXX object msg/CMakeFiles/uorb_msgs.dir/topics_sources/landing_target_pose.cpp.o[0m
[ 17%] [32mBuilding CXX object msg/CMakeFiles/uorb_msgs.dir/topics_sources/led_control.cpp.o[0m
[ 17%] [32mBuilding CXX object msg/CMakeFiles/uorb_msgs.dir/topics_sources/launch_detection_status.cpp.o[0m
[ 17%] [32mBuilding CXX object msg/CMakeFiles/uorb_msgs.dir/topics_sources/log_message.cpp.o[0m
[ 17%] [32mBuilding CXX object msg/CMakeFiles/uorb_msgs.dir/topics_sources/logger_status.cpp.o[0m
[ 17%] [32mBuilding CXX object msg/CMakeFiles/uorb_msgs.dir/topics_sources/mag_worker_data.cpp.o[0m
[ 17%] [32mBuilding CXX object msg/CMakeFiles/uorb_msgs.dir/topics_sources/magnetometer_bias_estimate.cpp.o[0m
[ 17%] [32mBuilding CXX object msg/CMakeFiles/uorb_msgs.dir/topics_sources/manual_control_switches.cpp.o[0m
[ 17%] [32mBuilding CXX object msg/CMakeFiles/uorb_msgs.dir/topics_sources/mavlink_tunnel.cpp.o[0m
[ 17%] [32mBuilding CXX object msg/CMakeFiles/uorb_msgs.dir/topics_sources/mavlink_log.cpp.o[0m
[ 17%] [32mBuilding CXX object msg/CMakeFiles/uorb_msgs.dir/topics_sources/message_format_request.cpp.o[0m
[ 17%] [32mBuilding CXX object msg/CMakeFiles/uorb_msgs.dir/topics_sources/message_format_response.cpp.o[0m
[ 17%] [32mBuilding CXX object msg/CMakeFiles/uorb_msgs.dir/topics_sources/mission.cpp.o[0m
[ 17%] [32mBuilding CXX object msg/CMakeFiles/uorb_msgs.dir/topics_sources/mission_result.cpp.o[0m
[ 17%] [32m[1mLinking CXX static library liblockstep_scheduler.a[0m
[ 17%] [32mBuilding CXX object msg/CMakeFiles/uorb_msgs.dir/topics_sources/mount_orientation.cpp.o[0m
[ 17%] [32mBuilding CXX object msg/CMakeFiles/uorb_msgs.dir/topics_sources/navigator_mission_item.cpp.o[0m
[ 19%] [32mBuilding CXX object msg/CMakeFiles/uorb_msgs.dir/topics_sources/navigator_status.cpp.o[0m
[ 19%] [32mBuilding CXX object msg/CMakeFiles/uorb_msgs.dir/topics_sources/neural_control.cpp.o[0m
[ 19%] [32mBuilding CXX object msg/CMakeFiles/uorb_msgs.dir/topics_sources/normalized_unsigned_setpoint.cpp.o[0m
[ 19%] [32mBuilding CXX object msg/CMakeFiles/uorb_msgs.dir/topics_sources/obstacle_distance.cpp.o[0m
[ 19%] Built target lockstep_scheduler
[ 19%] [32mBuilding CXX object msg/CMakeFiles/uorb_msgs.dir/topics_sources/onboard_computer_status.cpp.o[0m
[ 19%] [32mBuilding CXX object msg/CMakeFiles/uorb_msgs.dir/topics_sources/offboard_control_mode.cpp.o[0m
[ 19%] [32mBuilding CXX object msg/CMakeFiles/uorb_msgs.dir/topics_sources/open_drone_id_operator_id.cpp.o[0m
[ 19%] [32mBuilding CXX object msg/CMakeFiles/uorb_msgs.dir/topics_sources/open_drone_id_self_id.cpp.o[0m
[ 19%] [32mBuilding CXX object msg/CMakeFiles/uorb_msgs.dir/topics_sources/open_drone_id_system.cpp.o[0m
[ 19%] [32mBuilding CXX object msg/CMakeFiles/uorb_msgs.dir/topics_sources/open_drone_id_arm_status.cpp.o[0m
[ 19%] [32mBuilding CXX object msg/CMakeFiles/uorb_msgs.dir/topics_sources/orb_test.cpp.o[0m
[ 19%] [32mBuilding CXX object msg/CMakeFiles/uorb_msgs.dir/topics_sources/orb_test_large.cpp.o[0m
[ 19%] [32mBuilding CXX object msg/CMakeFiles/uorb_msgs.dir/topics_sources/orb_test_medium.cpp.o[0m
[ 19%] [32mBuilding CXX object platforms/posix/src/px4/common/px4_daemon/CMakeFiles/px4_daemon.dir/pxh.cpp.o[0m
[ 19%] [32mBuilding CXX object platforms/posix/src/px4/common/px4_daemon/CMakeFiles/px4_daemon.dir/history.cpp.o[0m
[ 19%] [32mBuilding CXX object platforms/posix/src/px4/common/px4_daemon/CMakeFiles/px4_daemon.dir/client.cpp.o[0m
[ 19%] [32mBuilding CXX object msg/CMakeFiles/uorb_msgs.dir/topics_sources/orbit_status.cpp.o[0m
[ 19%] [32mBuilding CXX object platforms/posix/src/px4/common/px4_daemon/CMakeFiles/px4_daemon.dir/server.cpp.o[0m
[ 19%] [32mBuilding CXX object msg/CMakeFiles/uorb_msgs.dir/topics_sources/parameter_reset_request.cpp.o[0m
[ 19%] [32mBuilding CXX object platforms/posix/src/px4/common/px4_daemon/CMakeFiles/px4_daemon.dir/server_io.cpp.o[0m
[ 19%] [32mBuilding CXX object msg/CMakeFiles/uorb_msgs.dir/topics_sources/parameter_set_used_request.cpp.o[0m
[ 19%] [32mBuilding CXX object platforms/posix/src/px4/common/px4_daemon/CMakeFiles/px4_daemon.dir/sock_protocol.cpp.o[0m
[ 19%] [32mBuilding CXX object msg/CMakeFiles/uorb_msgs.dir/topics_sources/parameter_set_value_request.cpp.o[0m
[ 19%] [32mBuilding CXX object msg/CMakeFiles/uorb_msgs.dir/topics_sources/parameter_set_value_response.cpp.o[0m
[ 19%] [32mBuilding CXX object msg/CMakeFiles/uorb_msgs.dir/topics_sources/parameter_update.cpp.o[0m
[ 19%] [32mBuilding CXX object msg/CMakeFiles/uorb_msgs.dir/topics_sources/ping.cpp.o[0m
[ 21%] [32mBuilding CXX object msg/CMakeFiles/uorb_msgs.dir/topics_sources/position_controller_landing_status.cpp.o[0m
[ 21%] [32mBuilding CXX object msg/CMakeFiles/uorb_msgs.dir/topics_sources/position_setpoint.cpp.o[0m
[ 21%] [32mBuilding CXX object msg/CMakeFiles/uorb_msgs.dir/topics_sources/position_controller_status.cpp.o[0m
[ 21%] [32mBuilding CXX object msg/CMakeFiles/uorb_msgs.dir/topics_sources/position_setpoint_triplet.cpp.o[0m
[ 21%] [32mBuilding CXX object msg/CMakeFiles/uorb_msgs.dir/topics_sources/power_button_state.cpp.o[0m
[ 21%] [32mBuilding CXX object msg/CMakeFiles/uorb_msgs.dir/topics_sources/power_monitor.cpp.o[0m
[ 21%] [32mBuilding CXX object msg/CMakeFiles/uorb_msgs.dir/topics_sources/pps_capture.cpp.o[0m
[ 21%] [32mBuilding CXX object msg/CMakeFiles/uorb_msgs.dir/topics_sources/pure_pursuit_status.cpp.o[0m
[ 21%] [32mBuilding CXX object msg/CMakeFiles/uorb_msgs.dir/topics_sources/px4io_status.cpp.o[0m
[ 21%] [32mBuilding CXX object msg/CMakeFiles/uorb_msgs.dir/topics_sources/pwm_input.cpp.o[0m
[ 21%] [32mBuilding CXX object msg/CMakeFiles/uorb_msgs.dir/topics_sources/qshell_req.cpp.o[0m
[ 21%] [32mBuilding CXX object msg/CMakeFiles/uorb_msgs.dir/topics_sources/qshell_retval.cpp.o[0m
[ 21%] [32mBuilding CXX object msg/CMakeFiles/uorb_msgs.dir/topics_sources/radio_status.cpp.o[0m
[ 21%] [32mBuilding CXX object msg/CMakeFiles/uorb_msgs.dir/topics_sources/rate_ctrl_status.cpp.o[0m
[ 21%] [32mBuilding CXX object msg/CMakeFiles/uorb_msgs.dir/topics_sources/rc_channels.cpp.o[0m
[ 21%] [32mBuilding CXX object msg/CMakeFiles/uorb_msgs.dir/topics_sources/rc_parameter_map.cpp.o[0m
[ 21%] [32mBuilding CXX object msg/CMakeFiles/uorb_msgs.dir/topics_sources/rover_attitude_setpoint.cpp.o[0m
[ 21%] [32mBuilding CXX object msg/CMakeFiles/uorb_msgs.dir/topics_sources/rover_attitude_status.cpp.o[0m
[ 21%] [32mBuilding CXX object msg/CMakeFiles/uorb_msgs.dir/topics_sources/rover_position_setpoint.cpp.o[0m
[ 21%] [32mBuilding CXX object msg/CMakeFiles/uorb_msgs.dir/topics_sources/rover_rate_setpoint.cpp.o[0m
[ 21%] [32mBuilding CXX object msg/CMakeFiles/uorb_msgs.dir/topics_sources/rover_rate_status.cpp.o[0m
[ 23%] [32mBuilding CXX object msg/CMakeFiles/uorb_msgs.dir/topics_sources/rover_speed_setpoint.cpp.o[0m
[ 23%] [32mBuilding CXX object msg/CMakeFiles/uorb_msgs.dir/topics_sources/rover_speed_status.cpp.o[0m
[ 23%] [32mBuilding CXX object msg/CMakeFiles/uorb_msgs.dir/topics_sources/rover_steering_setpoint.cpp.o[0m
[ 23%] [32mBuilding CXX object msg/CMakeFiles/uorb_msgs.dir/topics_sources/rpm.cpp.o[0m
[ 23%] [32mBuilding CXX object msg/CMakeFiles/uorb_msgs.dir/topics_sources/rover_throttle_setpoint.cpp.o[0m
[ 23%] [32mBuilding CXX object msg/CMakeFiles/uorb_msgs.dir/topics_sources/rtl_status.cpp.o[0m
[ 23%] [32mBuilding CXX object msg/CMakeFiles/uorb_msgs.dir/topics_sources/rtl_time_estimate.cpp.o[0m
[ 23%] [32mBuilding CXX object msg/CMakeFiles/uorb_msgs.dir/topics_sources/satellite_info.cpp.o[0m
[ 23%] [32mBuilding CXX object msg/CMakeFiles/uorb_msgs.dir/topics_sources/sensor_accel.cpp.o[0m
[ 23%] [32mBuilding CXX object msg/CMakeFiles/uorb_msgs.dir/topics_sources/sensor_accel_fifo.cpp.o[0m
[ 23%] [32mBuilding CXX object msg/CMakeFiles/uorb_msgs.dir/topics_sources/sensor_airflow.cpp.o[0m
[ 23%] [32mBuilding CXX object msg/CMakeFiles/uorb_msgs.dir/topics_sources/sensor_baro.cpp.o[0m
[ 23%] [32mBuilding CXX object msg/CMakeFiles/uorb_msgs.dir/topics_sources/sensor_correction.cpp.o[0m
[ 23%] [32mBuilding CXX object msg/CMakeFiles/uorb_msgs.dir/topics_sources/sensor_combined.cpp.o[0m
[ 23%] [32mBuilding CXX object msg/CMakeFiles/uorb_msgs.dir/topics_sources/sensor_gnss_relative.cpp.o[0m
[ 23%] [32mBuilding CXX object msg/CMakeFiles/uorb_msgs.dir/topics_sources/sensor_gnss_status.cpp.o[0m
[ 23%] [32mBuilding CXX object msg/CMakeFiles/uorb_msgs.dir/topics_sources/sensor_gps.cpp.o[0m
[ 23%] [32mBuilding CXX object msg/CMakeFiles/uorb_msgs.dir/topics_sources/sensor_gyro.cpp.o[0m
[ 23%] [32mBuilding CXX object msg/CMakeFiles/uorb_msgs.dir/topics_sources/sensor_gyro_fft.cpp.o[0m
[ 23%] [32mBuilding CXX object msg/CMakeFiles/uorb_msgs.dir/topics_sources/sensor_gyro_fifo.cpp.o[0m
[ 25%] [32mBuilding CXX object msg/CMakeFiles/uorb_msgs.dir/topics_sources/sensor_mag.cpp.o[0m
[ 25%] [32mBuilding CXX object msg/CMakeFiles/uorb_msgs.dir/topics_sources/sensor_hygrometer.cpp.o[0m
[ 25%] [32mBuilding CXX object msg/CMakeFiles/uorb_msgs.dir/topics_sources/sensor_optical_flow.cpp.o[0m
[ 25%] [32mBuilding CXX object msg/CMakeFiles/uorb_msgs.dir/topics_sources/sensor_preflight_mag.cpp.o[0m
[ 25%] [32mBuilding CXX object msg/CMakeFiles/uorb_msgs.dir/topics_sources/sensor_selection.cpp.o[0m
[ 25%] [32mBuilding CXX object msg/CMakeFiles/uorb_msgs.dir/topics_sources/sensor_uwb.cpp.o[0m
[ 25%] [32mBuilding CXX object msg/CMakeFiles/uorb_msgs.dir/topics_sources/sensors_status_imu.cpp.o[0m
[ 25%] [32mBuilding CXX object msg/CMakeFiles/uorb_msgs.dir/topics_sources/sensors_status.cpp.o[0m
[ 25%] [32mBuilding CXX object msg/CMakeFiles/uorb_msgs.dir/topics_sources/system_power.cpp.o[0m
[ 25%] [32mBuilding CXX object msg/CMakeFiles/uorb_msgs.dir/topics_sources/takeoff_status.cpp.o[0m
[ 25%] [32mBuilding CXX object msg/CMakeFiles/uorb_msgs.dir/topics_sources/task_stack_info.cpp.o[0m
[ 25%] [32mBuilding CXX object msg/CMakeFiles/uorb_msgs.dir/topics_sources/tecs_status.cpp.o[0m
[ 25%] [32mBuilding CXX object msg/CMakeFiles/uorb_msgs.dir/topics_sources/telemetry_status.cpp.o[0m
[ 25%] [32mBuilding CXX object msg/CMakeFiles/uorb_msgs.dir/topics_sources/tiltrotor_extra_controls.cpp.o[0m
[ 25%] [32mBuilding CXX object msg/CMakeFiles/uorb_msgs.dir/topics_sources/timesync_status.cpp.o[0m
[ 25%] [32mBuilding CXX object msg/CMakeFiles/uorb_msgs.dir/topics_sources/transponder_report.cpp.o[0m
[ 25%] [32mBuilding CXX object msg/CMakeFiles/uorb_msgs.dir/topics_sources/trajectory_setpoint6dof.cpp.o[0m
[ 25%] [32mBuilding CXX object msg/CMakeFiles/uorb_msgs.dir/topics_sources/tune_control.cpp.o[0m
[ 25%] [32mBuilding CXX object msg/CMakeFiles/uorb_msgs.dir/topics_sources/uavcan_parameter_request.cpp.o[0m
[ 25%] [32mBuilding CXX object msg/CMakeFiles/uorb_msgs.dir/topics_sources/uavcan_parameter_value.cpp.o[0m
[ 25%] [32mBuilding CXX object msg/CMakeFiles/uorb_msgs.dir/topics_sources/ulog_stream.cpp.o[0m
[ 26%] [32mBuilding CXX object msg/CMakeFiles/uorb_msgs.dir/topics_sources/vehicle_acceleration.cpp.o[0m
[ 26%] [32mBuilding CXX object msg/CMakeFiles/uorb_msgs.dir/topics_sources/ulog_stream_ack.cpp.o[0m
[ 26%] [32mBuilding CXX object msg/CMakeFiles/uorb_msgs.dir/topics_sources/vehicle_angular_acceleration_setpoint.cpp.o[0m
[ 26%] [32mBuilding CXX object msg/CMakeFiles/uorb_msgs.dir/topics_sources/vehicle_air_data.cpp.o[0m
[ 26%] [32mBuilding CXX object msg/CMakeFiles/uorb_msgs.dir/topics_sources/vehicle_constraints.cpp.o[0m
[ 26%] [32mBuilding CXX object msg/CMakeFiles/uorb_msgs.dir/topics_sources/vehicle_imu.cpp.o[0m
[ 26%] [32mBuilding CXX object msg/CMakeFiles/uorb_msgs.dir/topics_sources/vehicle_local_position_setpoint.cpp.o[0m
[ 26%] [32mBuilding CXX object msg/CMakeFiles/uorb_msgs.dir/topics_sources/vehicle_imu_status.cpp.o[0m
[ 26%] [32mBuilding CXX object msg/CMakeFiles/uorb_msgs.dir/topics_sources/vehicle_magnetometer.cpp.o[0m
[ 26%] [32mBuilding CXX object msg/CMakeFiles/uorb_msgs.dir/topics_sources/vehicle_optical_flow.cpp.o[0m
[ 26%] [32mBuilding CXX object msg/CMakeFiles/uorb_msgs.dir/topics_sources/vehicle_optical_flow_vel.cpp.o[0m
[ 26%] [32mBuilding CXX object msg/CMakeFiles/uorb_msgs.dir/topics_sources/vehicle_roi.cpp.o[0m
[ 26%] [32mBuilding CXX object msg/CMakeFiles/uorb_msgs.dir/topics_sources/vehicle_thrust_setpoint.cpp.o[0m
[ 26%] [32mBuilding CXX object msg/CMakeFiles/uorb_msgs.dir/topics_sources/vehicle_torque_setpoint.cpp.o[0m
[ 26%] [32mBuilding CXX object msg/CMakeFiles/uorb_msgs.dir/topics_sources/velocity_limits.cpp.o[0m
-- libmicroxrceddsclient_project build command succeeded.  See also /home/adamgb/phd/gazebo_ws/build/px4/src/modules/uxrce_dds_client/src/libmicroxrceddsclient_project-stamp/libmicroxrceddsclient_project-build-*.log
[ 26%] [32mBuilding CXX object msg/CMakeFiles/uorb_msgs.dir/topics_sources/yaw_estimator_status.cpp.o[0m
[ 26%] [32mBuilding CXX object msg/CMakeFiles/uorb_msgs.dir/topics_sources/wheel_encoders.cpp.o[0m
[ 26%] [32mBuilding CXX object msg/CMakeFiles/uorb_msgs.dir/topics_sources/actuator_motors.cpp.o[0m
[ 26%] [34m[1mPerforming install step for 'libmicroxrceddsclient_project'[0m
[ 26%] [32mBuilding CXX object msg/CMakeFiles/uorb_msgs.dir/topics_sources/actuator_servos.cpp.o[0m
[ 26%] [32mBuilding CXX object msg/CMakeFiles/uorb_msgs.dir/topics_sources/airspeed_validated.cpp.o[0m
[ 26%] [32mBuilding CXX object msg/CMakeFiles/uorb_msgs.dir/topics_sources/arming_check_reply.cpp.o[0m
[ 28%] [32mBuilding CXX object msg/CMakeFiles/uorb_msgs.dir/topics_sources/arming_check_request.cpp.o[0m
[ 28%] [32mBuilding CXX object msg/CMakeFiles/uorb_msgs.dir/topics_sources/event.cpp.o[0m
[ 28%] [32mBuilding CXX object msg/CMakeFiles/uorb_msgs.dir/topics_sources/battery_status.cpp.o[0m
[ 28%] [32mBuilding CXX object msg/CMakeFiles/uorb_msgs.dir/topics_sources/config_overrides.cpp.o[0m
[ 28%] [32mBuilding CXX object msg/CMakeFiles/uorb_msgs.dir/topics_sources/fixed_wing_lateral_setpoint.cpp.o[0m
[ 28%] [32mBuilding CXX object msg/CMakeFiles/uorb_msgs.dir/topics_sources/fixed_wing_longitudinal_setpoint.cpp.o[0m
[ 28%] [32mBuilding CXX object msg/CMakeFiles/uorb_msgs.dir/topics_sources/home_position.cpp.o[0m
[ 28%] [32mBuilding CXX object msg/CMakeFiles/uorb_msgs.dir/topics_sources/goto_setpoint.cpp.o[0m
[ 28%] [32mBuilding CXX object msg/CMakeFiles/uorb_msgs.dir/topics_sources/lateral_control_configuration.cpp.o[0m
[ 28%] [32mBuilding CXX object msg/CMakeFiles/uorb_msgs.dir/topics_sources/longitudinal_control_configuration.cpp.o[0m
[ 28%] [32mBuilding CXX object msg/CMakeFiles/uorb_msgs.dir/topics_sources/manual_control_setpoint.cpp.o[0m
[ 28%] [32mBuilding CXX object msg/CMakeFiles/uorb_msgs.dir/topics_sources/mode_completed.cpp.o[0m
[ 28%] [32mBuilding CXX object msg/CMakeFiles/uorb_msgs.dir/topics_sources/register_ext_component_reply.cpp.o[0m
[ 28%] [32mBuilding CXX object msg/CMakeFiles/uorb_msgs.dir/topics_sources/register_ext_component_request.cpp.o[0m
-- libmicroxrceddsclient_project install command succeeded.  See also /home/adamgb/phd/gazebo_ws/build/px4/src/modules/uxrce_dds_client/src/libmicroxrceddsclient_project-stamp/libmicroxrceddsclient_project-install-*.log
[ 28%] [34m[1mCompleted 'libmicroxrceddsclient_project'[0m
[ 28%] [32mBuilding CXX object msg/CMakeFiles/uorb_msgs.dir/topics_sources/unregister_ext_component.cpp.o[0m
[ 28%] [32mBuilding CXX object msg/CMakeFiles/uorb_msgs.dir/topics_sources/trajectory_setpoint.cpp.o[0m
[ 28%] [32mBuilding CXX object msg/CMakeFiles/uorb_msgs.dir/topics_sources/vehicle_angular_velocity.cpp.o[0m
[ 28%] [32mBuilding CXX object msg/CMakeFiles/uorb_msgs.dir/topics_sources/vehicle_attitude.cpp.o[0m
[ 28%] [32mBuilding CXX object msg/CMakeFiles/uorb_msgs.dir/topics_sources/vehicle_attitude_setpoint.cpp.o[0m
[ 28%] [32mBuilding CXX object msg/CMakeFiles/uorb_msgs.dir/topics_sources/vehicle_command.cpp.o[0m
[ 28%] [32mBuilding CXX object msg/CMakeFiles/uorb_msgs.dir/topics_sources/vehicle_command_ack.cpp.o[0m
[ 28%] Built target libmicroxrceddsclient_project
[ 30%] [32mBuilding CXX object msg/CMakeFiles/uorb_msgs.dir/topics_sources/vehicle_control_mode.cpp.o[0m
[ 30%] [32mBuilding CXX object msg/CMakeFiles/uorb_msgs.dir/topics_sources/vehicle_global_position.cpp.o[0m
[ 30%] [32mBuilding CXX object msg/CMakeFiles/uorb_msgs.dir/topics_sources/vehicle_land_detected.cpp.o[0m
[ 30%] [32mBuilding CXX object msg/CMakeFiles/uorb_msgs.dir/topics_sources/vehicle_local_position.cpp.o[0m
[ 30%] [32mBuilding CXX object msg/CMakeFiles/uorb_msgs.dir/topics_sources/vehicle_odometry.cpp.o[0m
[ 30%] [32mBuilding CXX object msg/CMakeFiles/uorb_msgs.dir/topics_sources/vehicle_rates_setpoint.cpp.o[0m
[ 30%] [32mBuilding CXX object msg/CMakeFiles/uorb_msgs.dir/topics_sources/vehicle_status.cpp.o[0m
[ 30%] [32mBuilding CXX object msg/CMakeFiles/uorb_msgs.dir/topics_sources/vtol_vehicle_status.cpp.o[0m
[ 30%] [32mBuilding CXX object msg/CMakeFiles/uorb_msgs.dir/topics_sources/wind.cpp.o[0m
[ 30%] [32mBuilding CXX object msg/CMakeFiles/uorb_msgs.dir/topics_sources/uORBTopics.cpp.o[0m
[ 30%] [32mBuilding CXX object msg/CMakeFiles/uorb_msgs.dir/topics_sources/uORBMessageFieldsGenerated.cpp.o[0m
[ 30%] Built target uorb_ucdr_headers
[ 30%] [32m[1mLinking CXX static library libuorb_msgs.a[0m
[ 30%] [32m[1mLinking CXX static library libpx4_daemon.a[0m
[ 30%] Built target px4_daemon
[ 32%] [32mBuilding CXX object platforms/posix/src/px4/common/CMakeFiles/px4_layer.dir/px4_sem.cpp.o[0m
[ 32%] [32mBuilding CXX object platforms/posix/src/px4/common/CMakeFiles/px4_layer.dir/print_load.cpp.o[0m
[ 32%] [32mBuilding CXX object platforms/posix/src/px4/common/CMakeFiles/px4_layer.dir/px4_posix_impl.cpp.o[0m
[ 32%] [32mBuilding CXX object platforms/posix/src/px4/common/CMakeFiles/px4_layer.dir/tasks.cpp.o[0m
[ 32%] [32mBuilding CXX object platforms/posix/src/px4/common/CMakeFiles/px4_layer.dir/px4_init.cpp.o[0m
[ 32%] [32mBuilding C object platforms/posix/src/px4/common/CMakeFiles/px4_layer.dir/lib_crc32.c.o[0m
[ 32%] [32mBuilding CXX object platforms/posix/src/px4/common/CMakeFiles/px4_layer.dir/cpuload.cpp.o[0m
[ 32%] [32mBuilding CXX object platforms/posix/src/px4/common/CMakeFiles/px4_layer.dir/drv_hrt.cpp.o[0m
[ 32%] [32mBuilding CXX object platforms/posix/src/px4/common/CMakeFiles/px4_layer.dir/__/__/__/__/common/Serial.cpp.o[0m
[ 32%] [32mBuilding CXX object platforms/posix/src/px4/common/CMakeFiles/px4_layer.dir/SerialImpl.cpp.o[0m
[ 32%] Built target uorb_msgs
[ 32%] [32m[1mLinking CXX static library libpx4_layer.a[0m
[ 32%] Built target px4_layer
[ 33%] [32mBuilding CXX object src/lib/systemlib/CMakeFiles/systemlib.dir/mavlink_log.cpp.o[0m
[ 33%] [32mBuilding CXX object src/lib/mathlib/CMakeFiles/mathlib.dir/math/test/test.cpp.o[0m
[ 33%] [32mBuilding C object src/lib/heatshrink/CMakeFiles/heatshrink.dir/heatshrink/heatshrink_decoder.c.o[0m
[ 33%] [32mBuilding CXX object src/lib/battery/CMakeFiles/battery.dir/battery.cpp.o[0m
[ 33%] [32mBuilding CXX object src/lib/adsb/CMakeFiles/adsb.dir/AdsbConflict.cpp.o[0m
[ 33%] [32mBuilding CXX object src/lib/circuit_breaker/CMakeFiles/circuit_breaker.dir/circuit_breaker.cpp.o[0m
[ 33%] [32mBuilding CXX object src/lib/atmosphere/CMakeFiles/atmosphere.dir/atmosphere.cpp.o[0m
[ 33%] [32mBuilding CXX object src/lib/controllib/CMakeFiles/controllib.dir/block/Block.cpp.o[0m
[ 33%] [32mBuilding CXX object src/lib/dataman_client/CMakeFiles/dataman_client.dir/DatamanClient.cpp.o[0m
[ 33%] [32mBuilding CXX object src/lib/conversion/CMakeFiles/conversion.dir/rotation.cpp.o[0m
[ 33%] [32mBuilding CXX object src/lib/events/CMakeFiles/events.dir/events.cpp.o[0m
[ 33%] [32mBuilding CXX object src/lib/motion_planning/CMakeFiles/motion_planning.dir/HeadingSmoothing.cpp.o[0m
[ 33%] [32mBuilding CXX object src/lib/mixer_module/CMakeFiles/mixer_module.dir/actuator_test.cpp.o[0m
[ 33%] [32mBuilding CXX object src/lib/cdev/CMakeFiles/cdev.dir/CDev.cpp.o[0m
[ 33%] [32mBuilding CXX object src/lib/fw_performance_model/CMakeFiles/performance_model.dir/PerformanceModel.cpp.o[0m
[ 33%] [32mBuilding CXX object src/lib/hysteresis/CMakeFiles/hysteresis.dir/hysteresis.cpp.o[0m
[ 33%] [32mBuilding CXX object src/lib/ringbuffer/CMakeFiles/ringbuffer.dir/Ringbuffer.cpp.o[0m
[ 33%] [32mBuilding CXX object src/lib/pure_pursuit/CMakeFiles/pure_pursuit.dir/PurePursuit.cpp.o[0m
[ 33%] [32mBuilding CXX object src/lib/pid/CMakeFiles/PID.dir/PID.cpp.o[0m
[ 33%] [32mBuilding CXX object src/lib/rc/CMakeFiles/rc.dir/crsf.cpp.o[0m
[ 33%] [32mBuilding CXX object src/lib/rtl/CMakeFiles/rtl_time_estimator.dir/rtl_time_estimator.cpp.o[0m
[ 33%] [32mBuilding CXX object src/lib/npfg/CMakeFiles/npfg.dir/DirectionalGuidance.cpp.o[0m
[ 33%] [32mBuilding CXX object src/lib/stick_yaw/CMakeFiles/StickYaw.dir/StickYaw.cpp.o[0m
[ 33%] [32mBuilding CXX object src/lib/system_identification/CMakeFiles/SystemIdentification.dir/system_identification.cpp.o[0m
[ 33%] [32mBuilding CXX object src/lib/tecs/CMakeFiles/tecs.dir/TECS.cpp.o[0m
[ 33%] [32mBuilding CXX object src/lib/timesync/CMakeFiles/timesync.dir/Timesync.cpp.o[0m
[ 33%] [32mBuilding CXX object src/lib/sticks/CMakeFiles/Sticks.dir/Sticks.cpp.o[0m
[ 33%] [32mBuilding CXX object src/lib/weather_vane/CMakeFiles/WeatherVane.dir/WeatherVane.cpp.o[0m
[ 33%] [32m[1mLinking CXX static library libhysteresis.a[0m
[ 33%] [32m[1mLinking CXX static library libcircuit_breaker.a[0m
[ 33%] [32m[1mLinking CXX static library libevents.a[0m
[ 33%] [32m[1mLinking CXX static library libsystemlib.a[0m
[ 33%] Built target circuit_breaker
[ 33%] [32mBuilding CXX object src/lib/motion_planning/CMakeFiles/motion_planning.dir/ManualVelocitySmoothingXY.cpp.o[0m
[ 33%] Built target hysteresis
[ 33%] [32mBuilding CXX object src/lib/rc/CMakeFiles/rc.dir/ghst.cpp.o[0m
[ 33%] Built target systemlib
[ 33%] Built target events
[ 33%] [32m[1mLinking CXX static library libmathlib.a[0m
[ 33%] [32mBuilding CXX object src/lib/cdev/CMakeFiles/cdev.dir/posix/cdev_platform.cpp.o[0m
[ 33%] [32m[1mLinking CXX static library libatmosphere.a[0m
[ 33%] [32mBuilding CXX object src/lib/controllib/CMakeFiles/controllib.dir/block/BlockParam.cpp.o[0m
[ 33%] [32mBuilding CXX object platforms/posix/src/px4/generic/generic/tone_alarm/CMakeFiles/arch_tone_alarm.dir/ToneAlarmInterface.cpp.o[0m
[ 35%] [32mBuilding CXX object src/lib/controllib/CMakeFiles/controllib.dir/BlockDerivative.cpp.o[0m
[ 35%] [32mBuilding CXX object src/lib/mixer_module/CMakeFiles/mixer_module.dir/mixer_module.cpp.o[0m
[ 35%] [32m[1mLinking CXX static library libtimesync.a[0m
[ 35%] [32m[1mLinking CXX static library libPID.a[0m
[ 35%] [32m[1mLinking CXX static library libringbuffer.a[0m
[ 35%] Built target mathlib
[ 35%] [32mBuilding CXX object src/lib/rc/CMakeFiles/rc.dir/st24.cpp.o[0m
[ 35%] [32mBuilding CXX object src/lib/controllib/CMakeFiles/controllib.dir/BlockHighPass.cpp.o[0m
[ 35%] Built target atmosphere
[ 35%] Built target timesync
[ 35%] [32m[1mLinking CXX static library libheatshrink.a[0m
[ 35%] Built target ringbuffer
[ 35%] [32mBuilding CXX object src/lib/motion_planning/CMakeFiles/motion_planning.dir/ManualVelocitySmoothingZ.cpp.o[0m
[ 35%] [32mBuilding CXX object src/lib/npfg/CMakeFiles/npfg.dir/CourseToAirspeedRefMapper.cpp.o[0m
[ 35%] Built target PID
[ 35%] [32mBuilding CXX object src/lib/controllib/CMakeFiles/controllib.dir/BlockIntegral.cpp.o[0m
[ 35%] [32m[1mLinking CXX static library libarch_tone_alarm.a[0m
[ 35%] [32mBuilding CXX object src/lib/motion_planning/CMakeFiles/motion_planning.dir/PositionSmoothing.cpp.o[0m
[ 35%] Built target heatshrink
[ 35%] [32mBuilding CXX object src/lib/rc/CMakeFiles/rc.dir/sumd.cpp.o[0m
[ 35%] [32m[1mLinking CXX static library libconversion.a[0m
[ 35%] Built target arch_tone_alarm
[ 35%] [32mBuilding CXX object src/lib/npfg/CMakeFiles/npfg.dir/AirspeedDirectionController.cpp.o[0m
[ 35%] [32mBuilding CXX object src/lib/controllib/CMakeFiles/controllib.dir/BlockIntegralTrap.cpp.o[0m
[ 35%] [32m[1mLinking CXX static library libpure_pursuit.a[0m
[ 35%] [32mBuilding CXX object src/lib/motion_planning/CMakeFiles/motion_planning.dir/VelocitySmoothing.cpp.o[0m
[ 35%] [32mBuilding CXX object src/drivers/osd/msp_osd/MessageDisplay/CMakeFiles/message_display.dir/MessageDisplay.cpp.o[0m
[ 35%] [32mBuilding CXX object src/modules/commander/Arming/ArmAuthorization/CMakeFiles/ArmAuthorization.dir/ArmAuthorization.cpp.o[0m
[ 35%] Built target conversion
[ 35%] Built target pure_pursuit
[ 35%] [32m[1mLinking CXX static library libStickYaw.a[0m
[ 35%] [32mBuilding CXX object src/lib/controllib/CMakeFiles/controllib.dir/BlockLimit.cpp.o[0m
[ 35%] [32mBuilding CXX object src/lib/rc/CMakeFiles/rc.dir/sbus.cpp.o[0m
[ 35%] [32mBuilding CXX object src/modules/commander/failsafe/CMakeFiles/failsafe.dir/failsafe.cpp.o[0m
[ 37%] [32mBuilding CXX object src/modules/commander/failure_detector/CMakeFiles/failure_detector.dir/FailureDetector.cpp.o[0m
[ 37%] [32m[1mLinking CXX static library libcdev.a[0m
[ 37%] [32m[1mLinking CXX static library libSticks.a[0m
[ 37%] [32mBuilding CXX object src/modules/commander/HealthAndArmingChecks/CMakeFiles/health_and_arming_checks.dir/Common.cpp.o[0m
[ 37%] [32mBuilding CXX object src/modules/commander/HealthAndArmingChecks/CMakeFiles/health_and_arming_checks.dir/HealthAndArmingChecks.cpp.o[0m
[ 37%] Built target StickYaw
[ 37%] [32mBuilding CXX object src/lib/controllib/CMakeFiles/controllib.dir/BlockLimitSym.cpp.o[0m
[ 37%] Built target Sticks
[ 37%] [32mBuilding CXX object src/lib/controllib/CMakeFiles/controllib.dir/BlockLowPass.cpp.o[0m
[ 37%] [32m[1mLinking CXX static library libSystemIdentification.a[0m
[ 37%] Built target cdev
[ 39%] [32mBuilding CXX object src/lib/rc/CMakeFiles/rc.dir/dsm.cpp.o[0m
[ 39%] [32mBuilding CXX object src/modules/commander/failure_detector/CMakeFiles/failure_detector.dir/FailureInjector.cpp.o[0m
[ 41%] [32mBuilding CXX object src/modules/commander/HealthAndArmingChecks/CMakeFiles/health_and_arming_checks.dir/checks/accelerometerCheck.cpp.o[0m
[ 41%] [32m[1mLinking CXX static library libWeatherVane.a[0m
[ 41%] [32m[1mLinking CXX static library libdataman_client.a[0m
[ 41%] [32m[1mLinking CXX static library librtl_time_estimator.a[0m
[ 41%] [32mBuilding CXX object src/lib/controllib/CMakeFiles/controllib.dir/BlockLowPass2.cpp.o[0m
[ 41%] Built target SystemIdentification
[ 41%] [32mBuilding CXX object src/modules/commander/HealthAndArmingChecks/CMakeFiles/health_and_arming_checks.dir/checks/airspeedCheck.cpp.o[0m
[ 41%] [32m[1mLinking CXX static library libmessage_display.a[0m
[ 41%] [32mBuilding CXX object src/modules/commander/MulticopterThrowLaunch/CMakeFiles/MulticopterThrowLaunch.dir/MulticopterThrowLaunch.cpp.o[0m
[ 41%] Built target dataman_client
[ 41%] Built target WeatherVane
[ 41%] Built target rtl_time_estimator
[ 41%] [32mBuilding CXX object src/modules/commander/HealthAndArmingChecks/CMakeFiles/health_and_arming_checks.dir/checks/armPermissionCheck.cpp.o[0m
[ 41%] [32m[1mLinking CXX static library libnpfg.a[0m
[ 41%] [32mBuilding CXX object src/modules/commander/HealthAndArmingChecks/CMakeFiles/health_and_arming_checks.dir/checks/baroCheck.cpp.o[0m
[ 41%] [32mBuilding CXX object src/modules/flight_mode_manager/tasks/FlightTask/CMakeFiles/FlightTask.dir/FlightTask.cpp.o[0m
[ 41%] [32mBuilding CXX object src/lib/rc/CMakeFiles/rc.dir/common_rc.cpp.o[0m
[ 41%] [32m[1mLinking CXX static library libperformance_model.a[0m
[ 41%] Built target message_display
[ 41%] [32m[1mLinking CXX static library libArmAuthorization.a[0m
[ 41%] [32m[1mLinking CXX static library libbattery.a[0m
[ 41%] Built target npfg
[ 41%] [32mBuilding CXX object src/modules/commander/HealthAndArmingChecks/CMakeFiles/health_and_arming_checks.dir/checks/batteryCheck.cpp.o[0m
[ 41%] [32mBuilding CXX object src/modules/flight_mode_manager/tasks/AutoFollowTarget/follow_target_estimator/CMakeFiles/follow_target_estimator.dir/TargetEstimator.cpp.o[0m
[ 41%] [32mBuilding CXX object src/modules/fw_mode_manager/launchdetection/CMakeFiles/launchdetection.dir/LaunchDetector.cpp.o[0m
[ 41%] [32m[1mLinking CXX static library libadsb.a[0m
[ 41%] Built target performance_model
[ 41%] [32m[1mLinking CXX static library libtecs.a[0m
[ 41%] Built target ArmAuthorization
[ 41%] Built target battery
[ 41%] [32mBuilding CXX object src/modules/commander/failsafe/CMakeFiles/failsafe.dir/framework.cpp.o[0m
[ 41%] [32mBuilding CXX object src/modules/commander/HealthAndArmingChecks/CMakeFiles/health_and_arming_checks.dir/checks/cpuResourceCheck.cpp.o[0m
[ 41%] [32mBuilding CXX object src/modules/commander/HealthAndArmingChecks/CMakeFiles/health_and_arming_checks.dir/checks/distanceSensorChecks.cpp.o[0m
[ 41%] [32mBuilding CXX object src/modules/fw_mode_manager/runway_takeoff/CMakeFiles/runway_takeoff.dir/RunwayTakeoff.cpp.o[0m
[ 41%] Built target adsb
[ 41%] [32mBuilding CXX object src/modules/commander/HealthAndArmingChecks/CMakeFiles/health_and_arming_checks.dir/checks/opticalFlowCheck.cpp.o[0m
[ 41%] [32mBuilding CXX object src/modules/commander/HealthAndArmingChecks/CMakeFiles/health_and_arming_checks.dir/checks/escCheck.cpp.o[0m
[ 41%] [32mBuilding CXX object src/modules/fw_mode_manager/figure_eight/CMakeFiles/figure_eight.dir/FigureEight.cpp.o[0m
[ 41%] Built target tecs
[ 42%] [32mBuilding CXX object src/modules/mc_att_control/AttitudeControl/CMakeFiles/AttitudeControl.dir/AttitudeControl.cpp.o[0m
[ 42%] [32m[1mLinking CXX static library libcontrollib.a[0m
[ 42%] [32mBuilding CXX object src/modules/mc_pos_control/GotoControl/CMakeFiles/GotoControl.dir/GotoControl.cpp.o[0m
[ 42%] [32mBuilding CXX object src/modules/mc_hover_thrust_estimator/CMakeFiles/zero_order_hover_thrust_ekf.dir/zero_order_hover_thrust_ekf.cpp.o[0m
[ 42%] [32mBuilding CXX object src/modules/commander/HealthAndArmingChecks/CMakeFiles/health_and_arming_checks.dir/checks/estimatorCheck.cpp.o[0m
[ 42%] [32mBuilding CXX object src/modules/commander/HealthAndArmingChecks/CMakeFiles/health_and_arming_checks.dir/checks/failureDetectorCheck.cpp.o[0m
[ 42%] Built target controllib
[ 44%] [32mBuilding CXX object src/modules/mc_pos_control/PositionControl/CMakeFiles/PositionControl.dir/ControlMath.cpp.o[0m
[ 44%] [32mBuilding CXX object src/modules/commander/HealthAndArmingChecks/CMakeFiles/health_and_arming_checks.dir/checks/flightTimeCheck.cpp.o[0m
[ 44%] [32mBuilding CXX object src/modules/commander/HealthAndArmingChecks/CMakeFiles/health_and_arming_checks.dir/checks/geofenceCheck.cpp.o[0m
[ 44%] [32m[1mLinking CXX static library liblaunchdetection.a[0m
[ 44%] [32m[1mLinking CXX static library librc.a[0m
[ 44%] [32mBuilding CXX object src/modules/commander/HealthAndArmingChecks/CMakeFiles/health_and_arming_checks.dir/checks/gyroCheck.cpp.o[0m
[ 44%] Built target launchdetection
[ 44%] [32mBuilding CXX object src/modules/commander/HealthAndArmingChecks/CMakeFiles/health_and_arming_checks.dir/checks/homePositionCheck.cpp.o[0m
[ 44%] Built target rc
[ 44%] [32m[1mLinking CXX static library libmotion_planning.a[0m
[ 44%] [32mBuilding CXX object src/modules/mc_pos_control/PositionControl/CMakeFiles/PositionControl.dir/PositionControl.cpp.o[0m
[ 44%] [32mBuilding CXX object src/modules/commander/HealthAndArmingChecks/CMakeFiles/health_and_arming_checks.dir/checks/imuConsistencyCheck.cpp.o[0m
[ 44%] [32m[1mLinking CXX static library libMulticopterThrowLaunch.a[0m
[ 44%] [32mBuilding CXX object src/modules/commander/HealthAndArmingChecks/CMakeFiles/health_and_arming_checks.dir/checks/loggerCheck.cpp.o[0m
[ 44%] Built target motion_planning
[ 44%] Built target MulticopterThrowLaunch
[ 44%] [32mBuilding CXX object src/modules/commander/HealthAndArmingChecks/CMakeFiles/health_and_arming_checks.dir/checks/magnetometerCheck.cpp.o[0m
[ 44%] [32mBuilding CXX object src/modules/navigator/GeofenceBreachAvoidance/CMakeFiles/geofence_breach_avoidance.dir/geofence_breach_avoidance.cpp.o[0m
[ 44%] [32mBuilding CXX object src/modules/mc_pos_control/Takeoff/CMakeFiles/Takeoff.dir/Takeoff.cpp.o[0m
[ 44%] [32m[1mLinking CXX static library librunway_takeoff.a[0m
[ 44%] [32mBuilding CXX object src/modules/rover_ackermann/AckermannActControl/CMakeFiles/AckermannActControl.dir/AckermannActControl.cpp.o[0m
[ 46%] [32m[1mLinking CXX static library libzero_order_hover_thrust_ekf.a[0m
[ 46%] [32m[1mLinking CXX static library libfailure_detector.a[0m
[ 46%] [32m[1mLinking CXX static library libFlightTask.a[0m
[ 46%] [32mBuilding CXX object src/modules/rover_ackermann/AckermannRateControl/CMakeFiles/AckermannRateControl.dir/AckermannRateControl.cpp.o[0m
[ 46%] [32mBuilding CXX object src/modules/rover_ackermann/AckermannSpeedControl/CMakeFiles/AckermannSpeedControl.dir/AckermannSpeedControl.cpp.o[0m
[ 46%] [32mBuilding CXX object src/modules/rover_ackermann/AckermannAttControl/CMakeFiles/AckermannAttControl.dir/AckermannAttControl.cpp.o[0m
[ 46%] Built target runway_takeoff
[ 46%] [32m[1mLinking CXX static library libAttitudeControl.a[0m
[ 46%] Built target zero_order_hover_thrust_ekf
[ 46%] Built target FlightTask
[ 46%] [32mBuilding CXX object src/modules/rover_ackermann/AckermannPosControl/CMakeFiles/AckermannPosControl.dir/AckermannPosControl.cpp.o[0m
[ 46%] Built target failure_detector
[ 46%] [32m[1mLinking CXX static library libGotoControl.a[0m
[ 46%] [32mBuilding CXX object src/modules/rover_ackermann/AckermannDriveModes/AckermannAutoMode/CMakeFiles/AckermannAutoMode.dir/AckermannAutoMode.cpp.o[0m
[ 46%] [32mBuilding CXX object src/modules/commander/HealthAndArmingChecks/CMakeFiles/health_and_arming_checks.dir/checks/manualControlCheck.cpp.o[0m
[ 46%] [32mBuilding CXX object src/modules/rover_ackermann/AckermannDriveModes/AckermannManualMode/CMakeFiles/AckermannManualMode.dir/AckermannManualMode.cpp.o[0m
[ 46%] Built target AttitudeControl
[ 46%] [32mBuilding CXX object src/modules/rover_ackermann/AckermannDriveModes/AckermannOffboardMode/CMakeFiles/AckermannOffboardMode.dir/AckermannOffboardMode.cpp.o[0m
[ 46%] [32mBuilding CXX object src/modules/commander/HealthAndArmingChecks/CMakeFiles/health_and_arming_checks.dir/checks/missionCheck.cpp.o[0m
[ 46%] [32mBuilding CXX object src/modules/rover_differential/DifferentialRateControl/CMakeFiles/DifferentialRateControl.dir/DifferentialRateControl.cpp.o[0m
[ 46%] [32mBuilding CXX object src/modules/rover_differential/DifferentialActControl/CMakeFiles/DifferentialActControl.dir/DifferentialActControl.cpp.o[0m
[ 46%] Built target GotoControl
[ 48%] [32mBuilding CXX object src/modules/commander/HealthAndArmingChecks/CMakeFiles/health_and_arming_checks.dir/checks/modeCheck.cpp.o[0m
[ 48%] [32mBuilding CXX object src/modules/rover_differential/DifferentialAttControl/CMakeFiles/DifferentialAttControl.dir/DifferentialAttControl.cpp.o[0m
[ 48%] [32m[1mLinking CXX static library libTakeoff.a[0m
[ 48%] [32m[1mLinking CXX static library libmixer_module.a[0m
[ 48%] [32mBuilding CXX object src/modules/rover_differential/DifferentialSpeedControl/CMakeFiles/DifferentialSpeedControl.dir/DifferentialSpeedControl.cpp.o[0m
[ 48%] [32m[1mLinking CXX static library libfailsafe.a[0m
[ 48%] Built target Takeoff
[ 48%] Built target mixer_module
[ 48%] [32mBuilding CXX object src/modules/commander/HealthAndArmingChecks/CMakeFiles/health_and_arming_checks.dir/checks/navigatorCheck.cpp.o[0m
[ 48%] [32mBuilding CXX object src/modules/commander/HealthAndArmingChecks/CMakeFiles/health_and_arming_checks.dir/checks/offboardCheck.cpp.o[0m
[ 48%] Built target failsafe
[ 50%] [32mBuilding CXX object src/modules/rover_differential/DifferentialPosControl/CMakeFiles/DifferentialPosControl.dir/DifferentialPosControl.cpp.o[0m
[ 50%] [32mBuilding CXX object src/modules/rover_differential/DifferentialDriveModes/DifferentialManualMode/CMakeFiles/DifferentialManualMode.dir/DifferentialManualMode.cpp.o[0m
[ 50%] [32mBuilding CXX object src/modules/rover_differential/DifferentialDriveModes/DifferentialAutoMode/CMakeFiles/DifferentialAutoMode.dir/DifferentialAutoMode.cpp.o[0m
[ 50%] [32m[1mLinking CXX static library libfigure_eight.a[0m
[ 50%] [32m[1mLinking CXX static library libPositionControl.a[0m
[ 50%] [32mBuilding CXX object src/modules/rover_differential/DifferentialDriveModes/DifferentialOffboardMode/CMakeFiles/DifferentialOffboardMode.dir/DifferentialOffboardMode.cpp.o[0m
[ 50%] Built target figure_eight
[ 50%] [32m[1mLinking CXX static library libfollow_target_estimator.a[0m
[ 50%] [32mBuilding CXX object src/modules/rover_mecanum/MecanumActControl/CMakeFiles/MecanumActControl.dir/MecanumActControl.cpp.o[0m
[ 50%] Built target PositionControl
[ 50%] [32mBuilding CXX object src/modules/rover_mecanum/MecanumRateControl/CMakeFiles/MecanumRateControl.dir/MecanumRateControl.cpp.o[0m
[ 50%] [32mBuilding CXX object src/modules/commander/HealthAndArmingChecks/CMakeFiles/health_and_arming_checks.dir/checks/openDroneIDCheck.cpp.o[0m
[ 51%] [32mBuilding CXX object src/modules/rover_mecanum/MecanumAttControl/CMakeFiles/MecanumAttControl.dir/MecanumAttControl.cpp.o[0m
[ 51%] [32mBuilding CXX object src/modules/rover_mecanum/MecanumSpeedControl/CMakeFiles/MecanumSpeedControl.dir/MecanumSpeedControl.cpp.o[0m
[ 51%] [32m[1mLinking CXX static library libAckermannActControl.a[0m
[ 51%] Built target follow_target_estimator
[ 51%] [32m[1mLinking CXX static library libAckermannOffboardMode.a[0m
[ 51%] [32mBuilding CXX object src/modules/rover_mecanum/MecanumPosControl/CMakeFiles/MecanumPosControl.dir/MecanumPosControl.cpp.o[0m
[ 51%] [32mBuilding CXX object src/modules/rover_mecanum/MecanumDriveModes/MecanumAutoMode/CMakeFiles/MecanumAutoMode.dir/MecanumAutoMode.cpp.o[0m
[ 51%] [32m[1mLinking CXX static library libAckermannRateControl.a[0m
[ 51%] Built target AckermannActControl
[ 51%] [32mBuilding CXX object src/modules/commander/HealthAndArmingChecks/CMakeFiles/health_and_arming_checks.dir/checks/parachuteCheck.cpp.o[0m
[ 51%] [32m[1mLinking CXX static library libgeofence_breach_avoidance.a[0m
[ 51%] [32mBuilding CXX object src/modules/commander/HealthAndArmingChecks/CMakeFiles/health_and_arming_checks.dir/checks/powerCheck.cpp.o[0m
[ 51%] [32m[1mLinking CXX static library libDifferentialActControl.a[0m
[ 51%] Built target AckermannOffboardMode
[ 51%] Built target AckermannRateControl
[ 51%] [32m[1mLinking CXX static library libAckermannAttControl.a[0m
[ 51%] [32m[1mLinking CXX static library libAckermannSpeedControl.a[0m
[ 51%] [32mBuilding CXX object src/modules/rover_mecanum/MecanumDriveModes/MecanumManualMode/CMakeFiles/MecanumManualMode.dir/MecanumManualMode.cpp.o[0m
[ 51%] [32mBuilding CXX object src/modules/commander/HealthAndArmingChecks/CMakeFiles/health_and_arming_checks.dir/checks/rcAndDataLinkCheck.cpp.o[0m
[ 51%] Built target geofence_breach_avoidance
[ 51%] [32mBuilding CXX object src/modules/rover_mecanum/MecanumDriveModes/MecanumOffboardMode/CMakeFiles/MecanumOffboardMode.dir/MecanumOffboardMode.cpp.o[0m
[ 51%] [32mBuilding CXX object src/modules/commander/HealthAndArmingChecks/CMakeFiles/health_and_arming_checks.dir/checks/rcCalibrationCheck.cpp.o[0m
[ 51%] Built target DifferentialActControl
[ 51%] [32m[1mLinking CXX static library libAckermannAutoMode.a[0m
[ 51%] [32mBuilding CXX object src/modules/commander/HealthAndArmingChecks/CMakeFiles/health_and_arming_checks.dir/checks/sdcardCheck.cpp.o[0m
[ 51%] [32mBuilding CXX object src/modules/sensors/data_validator/CMakeFiles/data_validator.dir/DataValidator.cpp.o[0m
[ 51%] [32m[1mLinking CXX static library libDifferentialRateControl.a[0m
[ 51%] [32m[1mLinking CXX static library libDifferentialAttControl.a[0m
[ 51%] Built target AckermannAttControl
[ 51%] Built target AckermannSpeedControl
[ 51%] [32mBuilding CXX object src/modules/commander/HealthAndArmingChecks/CMakeFiles/health_and_arming_checks.dir/checks/systemCheck.cpp.o[0m
[ 51%] Built target DifferentialAttControl
[ 51%] Built target DifferentialRateControl
[ 51%] Built target AckermannAutoMode
[ 51%] [32mBuilding CXX object src/modules/sensors/vehicle_gps_position/CMakeFiles/vehicle_gps_position.dir/VehicleGPSPosition.cpp.o[0m
[ 51%] [32mBuilding CXX object src/modules/commander/HealthAndArmingChecks/CMakeFiles/health_and_arming_checks.dir/checks/vtolCheck.cpp.o[0m
[ 51%] [32mBuilding CXX object src/modules/sensors/vehicle_gps_position/CMakeFiles/vehicle_gps_position.dir/gps_blending.cpp.o[0m
[ 51%] [32mBuilding CXX object src/modules/commander/HealthAndArmingChecks/CMakeFiles/health_and_arming_checks.dir/checks/windCheck.cpp.o[0m
[ 51%] [32m[1mLinking CXX static library libDifferentialAutoMode.a[0m
[ 51%] [32m[1mLinking CXX static library libAckermannPosControl.a[0m
[ 51%] [32mBuilding CXX object src/modules/sensors/vehicle_optical_flow/CMakeFiles/vehicle_optical_flow.dir/VehicleOpticalFlow.cpp.o[0m
[ 51%] [32m[1mLinking CXX static library libDifferentialSpeedControl.a[0m
[ 51%] [32mBuilding CXX object src/modules/sensors/data_validator/CMakeFiles/data_validator.dir/DataValidatorGroup.cpp.o[0m
[ 51%] Built target DifferentialAutoMode
[ 51%] [32m[1mLinking CXX static library libDifferentialOffboardMode.a[0m
[ 51%] [32mBuilding CXX object src/modules/commander/HealthAndArmingChecks/CMakeFiles/health_and_arming_checks.dir/checks/externalChecks.cpp.o[0m
[ 51%] Built target AckermannPosControl
[ 51%] Built target DifferentialSpeedControl
[ 51%] [32m[1mLinking CXX static library libAckermannManualMode.a[0m
[ 51%] [32mBuilding CXX object src/modules/ekf2/test/sensor_simulator/CMakeFiles/ecl_sensor_sim.dir/sensor_simulator.cpp.o[0m
[ 53%] [32mBuilding CXX object src/lib/airspeed/CMakeFiles/airspeed.dir/airspeed.cpp.o[0m
[ 53%] [32mBuilding CXX object platforms/common/uORB/CMakeFiles/uORB.dir/Subscription.cpp.o[0m
[ 53%] Built target DifferentialOffboardMode
[ 53%] [32m[1mLinking CXX static library libMecanumRateControl.a[0m
[ 53%] [32m[1mLinking CXX static library libMecanumActControl.a[0m
[ 53%] [32mBuilding CXX object src/modules/ekf2/test/sensor_simulator/CMakeFiles/ecl_sensor_sim.dir/ekf_wrapper.cpp.o[0m
[ 53%] [32mBuilding CXX object src/lib/collision_prevention/CMakeFiles/CollisionPrevention.dir/CollisionPrevention.cpp.o[0m
[ 53%] [32mBuilding CXX object platforms/common/uORB/CMakeFiles/uORB.dir/SubscriptionInterval.cpp.o[0m
[ 53%] Built target AckermannManualMode
[ 53%] [32m[1mLinking CXX static library libMecanumAttControl.a[0m
[ 53%] Built target MecanumRateControl
[ 53%] [32mBuilding CXX object platforms/common/uORB/CMakeFiles/uORB.dir/uORB.cpp.o[0m
[ 53%] [32mBuilding CXX object src/lib/collision_prevention/CMakeFiles/CollisionPrevention.dir/ObstacleMath.cpp.o[0m
[ 53%] [32mBuilding CXX object platforms/common/uORB/CMakeFiles/uORB.dir/uORBMessageFields.cpp.o[0m
[ 53%] Built target MecanumActControl
[ 53%] [32m[1mLinking CXX static library libMecanumAutoMode.a[0m
[ 53%] [32m[1mLinking CXX static library libDifferentialManualMode.a[0m
[ 53%] Built target MecanumAttControl
[ 55%] [32mBuilding CXX object platforms/common/uORB/CMakeFiles/uORB.dir/uORBUtils.cpp.o[0m
[ 55%] [32mBuilding CXX object src/modules/ekf2/test/sensor_simulator/CMakeFiles/ecl_sensor_sim.dir/ekf_logger.cpp.o[0m
[ 55%] [32m[1mLinking CXX static library libDifferentialPosControl.a[0m
[ 55%] [32m[1mLinking CXX static library libMecanumOffboardMode.a[0m
[ 55%] [32mBuilding CXX object src/lib/control_allocation/control_allocation/CMakeFiles/ControlAllocation.dir/ControlAllocation.cpp.o[0m
[ 55%] Built target MecanumAutoMode
[ 55%] [32mBuilding CXX object src/modules/ekf2/test/sensor_simulator/CMakeFiles/ecl_sensor_sim.dir/sensor.cpp.o[0m
[ 55%] [32mBuilding CXX object platforms/common/uORB/CMakeFiles/uORB.dir/uORBDeviceMaster.cpp.o[0m
[ 55%] [32m[1mLinking CXX static library libairspeed.a[0m
[ 55%] Built target DifferentialPosControl
[ 55%] [32mBuilding CXX object platforms/common/uORB/CMakeFiles/uORB.dir/uORBDeviceNode.cpp.o[0m
[ 55%] [32mBuilding CXX object src/lib/control_allocation/control_allocation/CMakeFiles/ControlAllocation.dir/ControlAllocationPseudoInverse.cpp.o[0m
[ 55%] [32mBuilding CXX object src/lib/control_allocation/control_allocation/CMakeFiles/ControlAllocation.dir/ControlAllocationSequentialDesaturation.cpp.o[0m
[ 55%] [32mBuilding CXX object platforms/common/uORB/CMakeFiles/uORB.dir/uORBManager.cpp.o[0m
[ 55%] Built target MecanumOffboardMode
[ 55%] Built target DifferentialManualMode
[ 55%] [32mBuilding CXX object src/modules/ekf2/test/sensor_simulator/CMakeFiles/ecl_sensor_sim.dir/imu.cpp.o[0m
[ 55%] [32mBuilding CXX object src/modules/ekf2/test/sensor_simulator/CMakeFiles/ecl_sensor_sim.dir/mag.cpp.o[0m
[ 55%] [32m[1mLinking CXX static library libdata_validator.a[0m
[ 55%] Built target airspeed
[ 57%] [32mBuilding CXX object src/modules/ekf2/test/sensor_simulator/CMakeFiles/ecl_sensor_sim.dir/baro.cpp.o[0m
[ 57%] [32m[1mLinking CXX static library libMecanumSpeedControl.a[0m
[ 57%] [32mBuilding CXX object src/lib/control_allocation/actuator_effectiveness/CMakeFiles/ActuatorEffectiveness.dir/ActuatorEffectiveness.cpp.o[0m
[ 57%] Built target data_validator
[ 57%] [32mBuilding CXX object src/modules/ekf2/test/sensor_simulator/CMakeFiles/ecl_sensor_sim.dir/flow.cpp.o[0m
[ 57%] [32mBuilding CXX object src/modules/ekf2/test/sensor_simulator/CMakeFiles/ecl_sensor_sim.dir/gps.cpp.o[0m
[ 57%] [32mBuilding CXX object src/lib/drivers/accelerometer/CMakeFiles/drivers_accelerometer.dir/PX4Accelerometer.cpp.o[0m
[ 57%] [32mBuilding CXX object src/modules/ekf2/test/sensor_simulator/CMakeFiles/ecl_sensor_sim.dir/range_finder.cpp.o[0m
[ 57%] Built target MecanumSpeedControl
[ 57%] [32mBuilding CXX object src/lib/drivers/gyroscope/CMakeFiles/drivers_gyroscope.dir/PX4Gyroscope.cpp.o[0m
[ 57%] [32m[1mLinking CXX static library libMecanumPosControl.a[0m
[ 57%] [32mBuilding CXX object src/modules/ekf2/test/sensor_simulator/CMakeFiles/ecl_sensor_sim.dir/vio.cpp.o[0m
[ 57%] [32mBuilding CXX object src/lib/drivers/magnetometer/CMakeFiles/drivers_magnetometer.dir/PX4Magnetometer.cpp.o[0m
[ 57%] [32m[1mLinking CXX static library libvehicle_gps_position.a[0m
[ 57%] Built target MecanumPosControl
[ 57%] [32m[1mLinking CXX static library libMecanumManualMode.a[0m
[ 57%] [32mBuilding CXX object src/lib/rate_control/CMakeFiles/RateControl.dir/rate_control.cpp.o[0m
[ 57%] [32mBuilding CXX object src/modules/ekf2/test/sensor_simulator/CMakeFiles/ecl_sensor_sim.dir/airspeed.cpp.o[0m
[ 57%] Built target MecanumManualMode
[ 57%] Built target vehicle_gps_position
[ 57%] [32mBuilding CXX object src/lib/rover_control/CMakeFiles/rover_control.dir/RoverControl.cpp.o[0m
[ 57%] [32m[1mLinking CXX static library libhealth_and_arming_checks.a[0m
[ 57%] [32mBuilding CXX object src/lib/sensor_calibration/CMakeFiles/sensor_calibration.dir/Accelerometer.cpp.o[0m
[ 57%] [32mBuilding CXX object src/lib/slew_rate/CMakeFiles/SlewRate.dir/dummy.cpp.o[0m
[ 57%] [32m[1mLinking CXX static library libActuatorEffectiveness.a[0m
[ 57%] [32m[1mLinking CXX static library libdrivers_magnetometer.a[0m
[ 57%] [32mBuilding CXX object src/lib/tunes/CMakeFiles/tunes.dir/default_tunes.cpp.o[0m
[ 57%] [32mBuilding CXX object src/lib/sensor_calibration/CMakeFiles/sensor_calibration.dir/Barometer.cpp.o[0m
[ 57%] Built target ActuatorEffectiveness
[ 57%] [32m[1mLinking CXX static library libSlewRate.a[0m
[ 57%] [32mBuilding CXX object src/lib/variable_length_ringbuffer/CMakeFiles/variable_length_ringbuffer.dir/VariableLengthRingbuffer.cpp.o[0m
[ 57%] [32m[1mLinking CXX static library libuORB.a[0m
[ 57%] Built target health_and_arming_checks
[ 57%] [32mBuilding CXX object src/modules/flight_mode_manager/tasks/Failsafe/CMakeFiles/FlightTaskFailsafe.dir/FlightTaskFailsafe.cpp.o[0m
[ 57%] [32mBuilding CXX object src/lib/tunes/CMakeFiles/tunes.dir/tunes.cpp.o[0m
[ 57%] [32mBuilding CXX object src/modules/control_allocator/VehicleActuatorEffectiveness/CMakeFiles/VehicleActuatorEffectiveness.dir/ActuatorEffectivenessUUV.cpp.o[0m
[ 57%] Built target SlewRate
[ 57%] Built target drivers_magnetometer
[ 57%] [32mBuilding CXX object src/modules/control_allocator/VehicleActuatorEffectiveness/CMakeFiles/VehicleActuatorEffectiveness.dir/ActuatorEffectivenessControlSurfaces.cpp.o[0m
[ 58%] [32mBuilding CXX object src/modules/control_allocator/VehicleActuatorEffectiveness/CMakeFiles/VehicleActuatorEffectiveness.dir/ActuatorEffectivenessCustom.cpp.o[0m
[ 60%] [32mBuilding CXX object src/lib/sensor_calibration/CMakeFiles/sensor_calibration.dir/Gyroscope.cpp.o[0m
[ 60%] [32mBuilding CXX object src/lib/sensor_calibration/CMakeFiles/sensor_calibration.dir/Magnetometer.cpp.o[0m
[ 60%] Built target uORB
[ 60%] [32m[1mLinking CXX static library libvariable_length_ringbuffer.a[0m
[ 60%] [32m[1mLinking CXX static library libdrivers_accelerometer.a[0m
[ 60%] [32mBuilding CXX object src/modules/flight_mode_manager/tasks/Utility/CMakeFiles/FlightTaskUtility.dir/StickAccelerationXY.cpp.o[0m
[ 60%] [32mBuilding CXX object src/lib/cdev/test/CMakeFiles/lib__cdev__test__cdev_test.dir/cdevtest_example.cpp.o[0m
[ 60%] [32mBuilding CXX object src/modules/flight_mode_manager/tasks/Utility/CMakeFiles/FlightTaskUtility.dir/StickTiltXY.cpp.o[0m
[ 60%] [32m[1mLinking CXX static library libRateControl.a[0m
[ 60%] [32mBuilding CXX object src/lib/controllib/controllib_test/CMakeFiles/lib__controllib__controllib_test.dir/controllib_test_main.cpp.o[0m
[ 60%] Built target drivers_accelerometer
[ 60%] Built target variable_length_ringbuffer
[ 60%] [32m[1mLinking CXX static library libdrivers_gyroscope.a[0m
[ 60%] Built target RateControl
[ 60%] [32m[1mLinking CXX shared library ../libMovingPlatformController.so[0m
[ 60%] [32mBuilding CXX object platforms/common/uORB/uORB_tests/CMakeFiles/modules__uORB__uORB_tests.dir/uORB_tests_main.cpp.o[0m
[ 60%] [32mBuilding CXX object src/lib/rc/rc_tests/CMakeFiles/lib__rc__rc_tests.dir/RCTest.cpp.o[0m
[ 60%] [32mBuilding CXX object platforms/common/px4_work_queue/test/CMakeFiles/lib__work_queue__test__wqueue_test.dir/wqueue_main.cpp.o[0m
[ 60%] [32mBuilding CXX object platforms/common/uORB/uORB_tests/CMakeFiles/modules__uORB__uORB_tests.dir/uORBTest_UnitTest.cpp.o[0m
[ 60%] Built target drivers_gyroscope
[ 60%] [32mBuilding CXX object src/lib/cdev/test/CMakeFiles/lib__cdev__test__cdev_test.dir/cdevtest_main.cpp.o[0m
[ 60%] [32mBuilding CXX object src/drivers/camera_trigger/CMakeFiles/drivers__camera_trigger.dir/camera_trigger.cpp.o[0m
[ 60%] [32m[1mLinking CXX static library librover_control.a[0m
[ 60%] [32mBuilding CXX object platforms/common/px4_work_queue/test/CMakeFiles/lib__work_queue__test__wqueue_test.dir/wqueue_scheduled_test.cpp.o[0m
[ 60%] [32mBuilding CXX object src/lib/cdev/test/CMakeFiles/lib__cdev__test__cdev_test.dir/cdevtest_start.cpp.o[0m
[ 60%] [32mBuilding CXX object src/modules/flight_mode_manager/tasks/Utility/CMakeFiles/FlightTaskUtility.dir/Gimbal.cpp.o[0m
[ 60%] Built target rover_control
[ 60%] [32m[1mLinking CXX static library libtunes.a[0m
[ 60%] [32mBuilding CXX object src/lib/sensor_calibration/CMakeFiles/sensor_calibration.dir/Utilities.cpp.o[0m
[ 60%] [32mBuilding CXX object src/drivers/camera_trigger/CMakeFiles/drivers__camera_trigger.dir/interfaces/src/camera_interface.cpp.o[0m
[ 60%] [32mBuilding CXX object platforms/common/px4_work_queue/test/CMakeFiles/lib__work_queue__test__wqueue_test.dir/wqueue_start.cpp.o[0m
[ 60%] [32mBuilding CXX object src/modules/control_allocator/VehicleActuatorEffectiveness/CMakeFiles/VehicleActuatorEffectiveness.dir/ActuatorEffectivenessFixedWing.cpp.o[0m
[ 60%] [32m[1mLinking CXX static library libvehicle_optical_flow.a[0m
[ 60%] [32m[1mLinking CXX static library libCollisionPrevention.a[0m
[ 60%] [32mBuilding CXX object src/drivers/gnss/septentrio/CMakeFiles/driver__septentrio.dir/septentrio.cpp.o[0m
[ 60%] Built target tunes
[ 60%] [32m[1mLinking CXX static library libFlightTaskFailsafe.a[0m
[ 60%] [32mBuilding CXX object src/drivers/camera_trigger/CMakeFiles/drivers__camera_trigger.dir/interfaces/src/pwm.cpp.o[0m
[ 62%] [32mBuilding CXX object platforms/common/px4_work_queue/test/CMakeFiles/lib__work_queue__test__wqueue_test.dir/wqueue_test.cpp.o[0m
[ 62%] Built target CollisionPrevention
[ 62%] Built target MovingPlatformController
[ 62%] Built target vehicle_optical_flow
[ 62%] [32mBuilding CXX object src/drivers/camera_trigger/CMakeFiles/drivers__camera_trigger.dir/interfaces/src/seagull_map2.cpp.o[0m
[ 62%] [32m[1mLinking CXX static library liblib__cdev__test__cdev_test.a[0m
[ 62%] [32mBuilding CXX object src/drivers/gnss/septentrio/CMakeFiles/driver__septentrio.dir/util.cpp.o[0m
[ 62%] [32mBuilding CXX object src/modules/control_allocator/VehicleActuatorEffectiveness/CMakeFiles/VehicleActuatorEffectiveness.dir/ActuatorEffectivenessHelicopter.cpp.o[0m
[ 62%] [32mBuilding CXX object src/modules/control_allocator/VehicleActuatorEffectiveness/CMakeFiles/VehicleActuatorEffectiveness.dir/ActuatorEffectivenessHelicopterCoaxial.cpp.o[0m
[ 62%] [32mBuilding CXX object src/drivers/gps/CMakeFiles/drivers__gps.dir/gps.cpp.o[0m
[ 62%] [32mBuilding CXX object src/drivers/osd/msp_osd/CMakeFiles/drivers__osd__msp_osd.dir/msp_osd.cpp.o[0m
[ 62%] Built target FlightTaskFailsafe
[ 62%] [32mBuilding CXX object src/drivers/osd/msp_osd/CMakeFiles/drivers__osd__msp_osd.dir/MspV1.cpp.o[0m
[ 62%] Built target lib__cdev__test__cdev_test
[ 62%] [32mBuilding CXX object src/drivers/osd/msp_osd/CMakeFiles/drivers__osd__msp_osd.dir/uorb_to_msp.cpp.o[0m
[ 62%] [32mBuilding CXX object src/drivers/camera_trigger/CMakeFiles/drivers__camera_trigger.dir/interfaces/src/gpio.cpp.o[0m
[ 62%] [32mBuilding CXX object src/drivers/tone_alarm/CMakeFiles/drivers__tone_alarm.dir/ToneAlarm.cpp.o[0m
[ 62%] [32mBuilding CXX object src/drivers/gps/CMakeFiles/drivers__gps.dir/devices/src/crc.cpp.o[0m
[ 62%] [32m[1mLinking CXX static library liblib__rc__rc_tests.a[0m
[ 62%] [32mBuilding CXX object src/modules/control_allocator/VehicleActuatorEffectiveness/CMakeFiles/VehicleActuatorEffectiveness.dir/ActuatorEffectivenessMCTilt.cpp.o[0m
[ 62%] [32mBuilding CXX object src/modules/control_allocator/VehicleActuatorEffectiveness/CMakeFiles/VehicleActuatorEffectiveness.dir/ActuatorEffectivenessMultirotor.cpp.o[0m
[ 62%] [32mBuilding CXX object src/modules/airship_att_control/CMakeFiles/modules__airship_att_control.dir/airship_att_control_main.cpp.o[0m
[ 62%] [32mBuilding CXX object src/modules/control_allocator/VehicleActuatorEffectiveness/CMakeFiles/VehicleActuatorEffectiveness.dir/ActuatorEffectivenessTilts.cpp.o[0m
[ 62%] [32mBuilding CXX object src/modules/airspeed_selector/CMakeFiles/modules__airspeed_selector.dir/airspeed_selector_main.cpp.o[0m
[ 62%] [32mBuilding CXX object src/modules/airspeed_selector/CMakeFiles/modules__airspeed_selector.dir/AirspeedValidator.cpp.o[0m
[ 62%] [32mBuilding CXX object src/drivers/gps/CMakeFiles/drivers__gps.dir/devices/src/gps_helper.cpp.o[0m
[ 62%] Built target lib__rc__rc_tests
[ 62%] [32mBuilding CXX object src/drivers/gps/CMakeFiles/drivers__gps.dir/devices/src/mtk.cpp.o[0m
[ 62%] [32mBuilding CXX object src/drivers/gps/CMakeFiles/drivers__gps.dir/devices/src/ashtech.cpp.o[0m
[ 64%] [32mBuilding CXX object src/drivers/gnss/septentrio/CMakeFiles/driver__septentrio.dir/rtcm.cpp.o[0m
[ 64%] [32m[1mLinking CXX static library liblib__work_queue__test__wqueue_test.a[0m
[ 64%] [32m[1mLinking CXX shared library ../libSpacecraftThrusterModelPlugin.so[0m
[ 64%] [32mBuilding CXX object src/modules/attitude_estimator_q/CMakeFiles/modules__attitude_estimator_q.dir/attitude_estimator_q_main.cpp.o[0m
[ 64%] Built target lib__work_queue__test__wqueue_test
[ 64%] [32m[1mLinking CXX static library libsensor_calibration.a[0m
[ 64%] [32mBuilding CXX object src/modules/control_allocator/VehicleActuatorEffectiveness/CMakeFiles/VehicleActuatorEffectiveness.dir/ActuatorEffectivenessRotors.cpp.o[0m
[ 64%] [32mBuilding CXX object src/drivers/gps/CMakeFiles/drivers__gps.dir/devices/src/ubx.cpp.o[0m
[ 64%] [32mBuilding CXX object src/modules/control_allocator/VehicleActuatorEffectiveness/CMakeFiles/VehicleActuatorEffectiveness.dir/ActuatorEffectivenessSpacecraft.cpp.o[0m
[ 64%] [32mBuilding CXX object src/drivers/gps/CMakeFiles/drivers__gps.dir/devices/src/rtcm.cpp.o[0m
[ 64%] Built target sensor_calibration
[ 64%] [32mBuilding CXX object src/modules/control_allocator/VehicleActuatorEffectiveness/CMakeFiles/VehicleActuatorEffectiveness.dir/ActuatorEffectivenessStandardVTOL.cpp.o[0m
[ 64%] [32m[1mLinking CXX static library libdrivers__camera_trigger.a[0m
[ 64%] [32mBuilding CXX object src/modules/control_allocator/VehicleActuatorEffectiveness/CMakeFiles/VehicleActuatorEffectiveness.dir/ActuatorEffectivenessTiltrotorVTOL.cpp.o[0m
[ 64%] [32mBuilding CXX object src/drivers/gps/CMakeFiles/drivers__gps.dir/devices/src/emlid_reach.cpp.o[0m
[ 64%] [32mBuilding CXX object src/modules/camera_feedback/CMakeFiles/modules__camera_feedback.dir/CameraFeedback.cpp.o[0m
[ 64%] [32m[1mLinking CXX static library libdrivers__tone_alarm.a[0m
[ 64%] [32m[1mLinking CXX static library libFlightTaskUtility.a[0m
[ 64%] [32m[1mLinking CXX static library libmodules__uORB__uORB_tests.a[0m
[ 64%] [32m[1mLinking CXX static library liblib__controllib__controllib_test.a[0m
[ 64%] Built target drivers__camera_trigger
[ 64%] [32mBuilding CXX object src/drivers/gps/CMakeFiles/drivers__gps.dir/devices/src/femtomes.cpp.o[0m
[ 64%] [32mBuilding CXX object src/modules/commander/CMakeFiles/modules__commander.dir/accelerometer_calibration.cpp.o[0m
[ 64%] [32mBuilding CXX object src/drivers/gnss/septentrio/CMakeFiles/driver__septentrio.dir/sbf/decoder.cpp.o[0m
[ 64%] Built target drivers__tone_alarm
[ 64%] [32mBuilding CXX object src/modules/dataman/CMakeFiles/modules__dataman.dir/dataman.cpp.o[0m
[ 64%] Built target SpacecraftThrusterModelPlugin
[ 64%] [32mBuilding CXX object src/modules/control_allocator/VehicleActuatorEffectiveness/CMakeFiles/VehicleActuatorEffectiveness.dir/ActuatorEffectivenessTailsitterVTOL.cpp.o[0m
[ 64%] [32mBuilding CXX object src/drivers/gps/CMakeFiles/drivers__gps.dir/devices/src/unicore.cpp.o[0m
[ 64%] [32mBuilding CXX object src/drivers/gps/CMakeFiles/drivers__gps.dir/devices/src/nmea.cpp.o[0m
[ 64%] Built target FlightTaskUtility
[ 64%] Built target modules__uORB__uORB_tests
[ 64%] [32m[1mLinking CXX static library libControlAllocation.a[0m
[ 64%] [32mBuilding CXX object src/modules/commander/CMakeFiles/modules__commander.dir/airspeed_calibration.cpp.o[0m
[ 64%] Built target lib__controllib__controllib_test
[ 64%] [32mBuilding CXX object src/modules/control_allocator/VehicleActuatorEffectiveness/CMakeFiles/VehicleActuatorEffectiveness.dir/ActuatorEffectivenessRoverAckermann.cpp.o[0m
[ 64%] Built target ControlAllocation
[ 64%] [32mBuilding CXX object src/modules/ekf2/CMakeFiles/modules__ekf2.dir/EKF/control.cpp.o[0m
[ 64%] [32mBuilding CXX object src/modules/control_allocator/VehicleActuatorEffectiveness/CMakeFiles/VehicleActuatorEffectiveness.dir/RpmControl.cpp.o[0m
[ 64%] [32mBuilding CXX object src/modules/commander/CMakeFiles/modules__commander.dir/baro_calibration.cpp.o[0m
[ 64%] [32mBuilding CXX object src/modules/events/CMakeFiles/modules__events.dir/rc_loss_alarm.cpp.o[0m
[ 66%] [32mBuilding CXX object src/modules/ekf2/CMakeFiles/modules__ekf2.dir/EKF/covariance.cpp.o[0m
[ 66%] [32m[1mLinking CXX static library libecl_sensor_sim.a[0m
[ 66%] [32mBuilding CXX object src/modules/events/CMakeFiles/modules__events.dir/send_event.cpp.o[0m
[ 66%] [32mBuilding CXX object src/modules/flight_mode_manager/tasks/Auto/CMakeFiles/FlightTaskAuto.dir/FlightTaskAuto.cpp.o[0m
[ 67%] [32mBuilding CXX object src/modules/commander/CMakeFiles/modules__commander.dir/calibration_routines.cpp.o[0m
[ 67%] Built target ecl_sensor_sim
[ 67%] [32mBuilding CXX object src/modules/ekf2/CMakeFiles/modules__ekf2.dir/EKF/ekf.cpp.o[0m
[ 67%] [32mBuilding CXX object src/modules/events/CMakeFiles/modules__events.dir/set_leds.cpp.o[0m
[ 67%] [32mBuilding CXX object src/modules/flight_mode_manager/tasks/Descend/CMakeFiles/FlightTaskDescend.dir/FlightTaskDescend.cpp.o[0m
[ 67%] [32m[1mLinking CXX static library libmodules__airship_att_control.a[0m
[ 67%] [32mBuilding CXX object src/modules/commander/CMakeFiles/modules__commander.dir/Commander.cpp.o[0m
[ 67%] [32mBuilding CXX object src/modules/flight_mode_manager/tasks/ManualAltitude/CMakeFiles/FlightTaskManualAltitude.dir/FlightTaskManualAltitude.cpp.o[0m
[ 67%] [32mBuilding CXX object src/modules/commander/CMakeFiles/modules__commander.dir/commander_helper.cpp.o[0m
[ 67%] [32m[1mLinking CXX static library libdrivers__osd__msp_osd.a[0m
[ 67%] Built target modules__airship_att_control
[ 67%] [32mBuilding CXX object src/modules/ekf2/CMakeFiles/modules__ekf2.dir/EKF/ekf_helper.cpp.o[0m
[ 67%] Built target drivers__osd__msp_osd
[ 67%] [32mBuilding CXX object src/modules/commander/CMakeFiles/modules__commander.dir/esc_calibration.cpp.o[0m
[ 67%] [32mBuilding CXX object src/modules/fw_att_control/CMakeFiles/modules__fw_att_control.dir/FixedwingAttitudeControl.cpp.o[0m
[ 67%] [32mBuilding CXX object src/modules/flight_mode_manager/tasks/Transition/CMakeFiles/FlightTaskTransition.dir/FlightTaskTransition.cpp.o[0m
[ 67%] [32mBuilding CXX object src/modules/fw_autotune_attitude_control/CMakeFiles/fw_autotune_attitude_control.dir/fw_autotune_attitude_control.cpp.o[0m
[ 67%] [32mBuilding CXX object src/modules/commander/CMakeFiles/modules__commander.dir/factory_calibration_storage.cpp.o[0m
[ 67%] [32mBuilding CXX object src/modules/commander/CMakeFiles/modules__commander.dir/gyro_calibration.cpp.o[0m
[ 67%] [32mBuilding CXX object src/modules/fw_att_control/CMakeFiles/modules__fw_att_control.dir/fw_pitch_controller.cpp.o[0m
[ 67%] [32mBuilding CXX object src/modules/ekf2/CMakeFiles/modules__ekf2.dir/EKF/estimator_interface.cpp.o[0m
[ 67%] [32mBuilding CXX object src/modules/ekf2/CMakeFiles/modules__ekf2.dir/EKF/height_control.cpp.o[0m
[ 67%] [32mBuilding CXX object src/modules/events/CMakeFiles/modules__events.dir/status_display.cpp.o[0m
[ 67%] [32m[1mLinking CXX static library libVehicleActuatorEffectiveness.a[0m
[ 69%] [32mBuilding CXX object src/modules/fw_lateral_longitudinal_control/CMakeFiles/modules__fw_lateral_longitudinal_control.dir/FwLateralLongitudinalControl.cpp.o[0m
[ 69%] [32m[1mLinking CXX static library libmodules__dataman.a[0m
[ 69%] [32mBuilding CXX object src/modules/fw_att_control/CMakeFiles/modules__fw_att_control.dir/fw_roll_controller.cpp.o[0m
[ 69%] Built target VehicleActuatorEffectiveness
[ 69%] [32mBuilding CXX object src/modules/ekf2/CMakeFiles/modules__ekf2.dir/EKF/velocity_fusion.cpp.o[0m
[ 69%] Built target modules__dataman
[ 69%] [32mBuilding CXX object src/modules/fw_att_control/CMakeFiles/modules__fw_att_control.dir/fw_wheel_controller.cpp.o[0m
[ 69%] [32m[1mLinking CXX static library libmodules__camera_feedback.a[0m
[ 69%] [32m[1mLinking CXX static library libdriver__septentrio.a[0m
[ 69%] [32mBuilding CXX object src/modules/commander/CMakeFiles/modules__commander.dir/HomePosition.cpp.o[0m
[ 69%] [32mBuilding CXX object src/modules/commander/CMakeFiles/modules__commander.dir/ModeManagement.cpp.o[0m
[ 69%] [32mBuilding CXX object src/modules/fw_att_control/CMakeFiles/modules__fw_att_control.dir/fw_yaw_controller.cpp.o[0m
[ 69%] [32mBuilding CXX object src/modules/fw_mode_manager/CMakeFiles/modules__fw_mode_manager.dir/FixedWingModeManager.cpp.o[0m
[ 69%] [32mBuilding CXX object src/modules/ekf2/CMakeFiles/modules__ekf2.dir/EKF/position_fusion.cpp.o[0m
[ 69%] Built target driver__septentrio
[ 69%] [32mBuilding CXX object src/modules/commander/CMakeFiles/modules__commander.dir/level_calibration.cpp.o[0m
[ 69%] Built target modules__camera_feedback
[ 69%] [32mBuilding CXX object src/modules/fw_rate_control/CMakeFiles/modules__fw_rate_control.dir/FixedwingRateControl.cpp.o[0m
[ 69%] [32mBuilding CXX object src/modules/gyro_calibration/CMakeFiles/modules__gyro_calibration.dir/GyroCalibration.cpp.o[0m
[ 69%] [32m[1mLinking CXX static library libFlightTaskDescend.a[0m
[ 69%] [32m[1mLinking CXX static library libmodules__airspeed_selector.a[0m
[ 69%] [32mBuilding CXX object src/modules/gimbal/CMakeFiles/drivers__gimbal.dir/input.cpp.o[0m
[ 69%] [32m[1mLinking CXX static library libmodules__events.a[0m
[ 69%] Built target FlightTaskDescend
[ 69%] [32mBuilding CXX object src/modules/commander/CMakeFiles/modules__commander.dir/lm_fit.cpp.o[0m
[ 69%] Built target modules__airspeed_selector
[ 69%] Built target modules__events
[ 69%] [32mBuilding CXX object src/modules/ekf2/CMakeFiles/modules__ekf2.dir/EKF/yaw_fusion.cpp.o[0m
[ 69%] [32mBuilding CXX object src/modules/commander/CMakeFiles/modules__commander.dir/mag_calibration.cpp.o[0m
[ 69%] [32mBuilding CXX object src/modules/gyro_fft/CMakeFiles/modules__gyro_fft.dir/GyroFFT.cpp.o[0m
[ 69%] [32mBuilding CXX object src/modules/gimbal/CMakeFiles/drivers__gimbal.dir/input_mavlink.cpp.o[0m
[ 69%] [32mBuilding CXX object src/modules/commander/CMakeFiles/modules__commander.dir/rc_calibration.cpp.o[0m
[ 69%] [32mBuilding C object src/modules/gyro_fft/CMakeFiles/modules__gyro_fft.dir/CMSIS_5/CMSIS/DSP/Source/BasicMathFunctions/arm_mult_q15.c.o[0m
[ 69%] [32mBuilding CXX object src/modules/ekf2/CMakeFiles/modules__ekf2.dir/EKF/imu_down_sampler/imu_down_sampler.cpp.o[0m
[ 69%] [32m[1mLinking CXX static library libFlightTaskManualAltitude.a[0m
[ 69%] [32mBuilding CXX object src/modules/fw_mode_manager/CMakeFiles/modules__fw_mode_manager.dir/ControllerConfigurationHandler.cpp.o[0m
[ 69%] [32m[1mLinking CXX static library libFlightTaskTransition.a[0m
[ 69%] Built target FlightTaskManualAltitude
[ 69%] [32m[1mLinking CXX static library libmodules__attitude_estimator_q.a[0m
[ 69%] [32m[1mLinking CXX static library libdrivers__gps.a[0m
[ 69%] [32mBuilding CXX object src/modules/gimbal/CMakeFiles/drivers__gimbal.dir/input_rc.cpp.o[0m
[ 69%] [32mBuilding CXX object src/modules/land_detector/CMakeFiles/modules__land_detector.dir/land_detector_main.cpp.o[0m
[ 69%] [32mBuilding CXX object src/modules/ekf2/CMakeFiles/modules__ekf2.dir/EKF/aid_sources/fake_height_control.cpp.o[0m
[ 69%] Built target modules__attitude_estimator_q
[ 69%] Built target FlightTaskTransition
[ 69%] [32mBuilding CXX object src/modules/commander/CMakeFiles/modules__commander.dir/Safety.cpp.o[0m
[ 69%] Built target drivers__gps
[ 69%] [32mBuilding C object src/modules/gyro_fft/CMakeFiles/modules__gyro_fft.dir/CMSIS_5/CMSIS/DSP/Source/CommonTables/arm_common_tables.c.o[0m
[ 69%] [32mBuilding CXX object src/modules/commander/CMakeFiles/modules__commander.dir/UserModeIntention.cpp.o[0m
[ 69%] [32mBuilding CXX object src/modules/gimbal/CMakeFiles/drivers__gimbal.dir/input_test.cpp.o[0m
[ 69%] [32mBuilding CXX object src/modules/landing_target_estimator/CMakeFiles/modules__landing_target_estimator.dir/landing_target_estimator_main.cpp.o[0m
[ 69%] [32mBuilding CXX object src/modules/load_mon/CMakeFiles/modules__load_mon.dir/LoadMon.cpp.o[0m
[ 71%] [32mBuilding CXX object src/modules/land_detector/CMakeFiles/modules__land_detector.dir/LandDetector.cpp.o[0m
[ 71%] [32mBuilding CXX object src/modules/ekf2/CMakeFiles/modules__ekf2.dir/EKF/aid_sources/fake_pos_control.cpp.o[0m
[ 71%] [32mBuilding CXX object src/modules/landing_target_estimator/CMakeFiles/modules__landing_target_estimator.dir/LandingTargetEstimator.cpp.o[0m
[ 71%] [32mBuilding C object src/modules/gyro_fft/CMakeFiles/modules__gyro_fft.dir/CMSIS_5/CMSIS/DSP/Source/CommonTables/arm_const_structs.c.o[0m
[ 71%] [32mBuilding CXX object src/modules/commander/CMakeFiles/modules__commander.dir/worker_thread.cpp.o[0m
[ 71%] [32mBuilding CXX object src/modules/local_position_estimator/CMakeFiles/modules__local_position_estimator.dir/BlockLocalPositionEstimator.cpp.o[0m
[ 71%] [32mBuilding CXX object src/modules/gimbal/CMakeFiles/drivers__gimbal.dir/output.cpp.o[0m
[ 71%] [32mBuilding CXX object src/modules/landing_target_estimator/CMakeFiles/modules__landing_target_estimator.dir/KalmanFilter.cpp.o[0m
[ 71%] [32m[1mLinking CXX static library libmodules__fw_att_control.a[0m
[ 71%] [32mBuilding CXX object src/modules/gimbal/CMakeFiles/drivers__gimbal.dir/output_mavlink.cpp.o[0m
[ 71%] [32mBuilding CXX object src/modules/ekf2/CMakeFiles/modules__ekf2.dir/EKF/aid_sources/ZeroGyroUpdate.cpp.o[0m
[ 71%] [32mBuilding CXX object src/modules/local_position_estimator/CMakeFiles/modules__local_position_estimator.dir/sensors/flow.cpp.o[0m
[ 71%] [32m[1mLinking CXX static library libFlightTaskAuto.a[0m
[ 71%] [32mBuilding CXX object src/modules/local_position_estimator/CMakeFiles/modules__local_position_estimator.dir/sensors/lidar.cpp.o[0m
[ 71%] [32mBuilding CXX object src/modules/logger/CMakeFiles/modules__logger.dir/logged_topics.cpp.o[0m
[ 71%] Built target modules__fw_att_control
[ 71%] [32mBuilding CXX object src/modules/mag_bias_estimator/CMakeFiles/modules__mag_bias_estimator.dir/MagBiasEstimator.cpp.o[0m
[ 71%] Built target FlightTaskAuto
[ 71%] [32mBuilding CXX object src/modules/logger/CMakeFiles/modules__logger.dir/logger.cpp.o[0m
[ 71%] [32mBuilding C object src/modules/gyro_fft/CMakeFiles/modules__gyro_fft.dir/CMSIS_5/CMSIS/DSP/Source/SupportFunctions/arm_float_to_q15.c.o[0m
[ 71%] [32mBuilding CXX object src/modules/land_detector/CMakeFiles/modules__land_detector.dir/MulticopterLandDetector.cpp.o[0m
[ 71%] [32mBuilding CXX object src/modules/land_detector/CMakeFiles/modules__land_detector.dir/FixedwingLandDetector.cpp.o[0m
[ 71%] [32mBuilding CXX object src/modules/gimbal/CMakeFiles/drivers__gimbal.dir/output_rc.cpp.o[0m
[ 71%] [32mBuilding CXX object src/modules/ekf2/CMakeFiles/modules__ekf2.dir/EKF/aid_sources/ZeroVelocityUpdate.cpp.o[0m
[ 71%] [32m[1mLinking CXX static library libmodules__gyro_calibration.a[0m
[ 71%] [32m[1mLinking CXX static library libmodules__load_mon.a[0m
[ 71%] Built target modules__gyro_calibration
[ 71%] [32m[1mLinking CXX static library libmodules__landing_target_estimator.a[0m
[ 71%] [32mBuilding CXX object src/modules/local_position_estimator/CMakeFiles/modules__local_position_estimator.dir/sensors/sonar.cpp.o[0m
[ 71%] [32m[1mLinking CXX static library libfw_autotune_attitude_control.a[0m
[ 71%] [32mBuilding CXX object src/modules/ekf2/CMakeFiles/modules__ekf2.dir/EKF/aid_sources/zero_innovation_heading_update.cpp.o[0m
[ 71%] Built target modules__load_mon
[ 71%] [32mBuilding CXX object src/modules/land_detector/CMakeFiles/modules__land_detector.dir/VtolLandDetector.cpp.o[0m
[ 71%] [32mBuilding C object src/modules/gyro_fft/CMakeFiles/modules__gyro_fft.dir/CMSIS_5/CMSIS/DSP/Source/TransformFunctions/arm_bitreversal2.c.o[0m
[ 71%] Built target fw_autotune_attitude_control
[ 71%] Built target modules__landing_target_estimator
[ 71%] [32mBuilding CXX object src/modules/gimbal/CMakeFiles/drivers__gimbal.dir/gimbal.cpp.o[0m
[ 71%] [32mBuilding CXX object src/modules/ekf2/CMakeFiles/modules__ekf2.dir/EKF/aid_sources/airspeed/airspeed_fusion.cpp.o[0m
[ 71%] [32mBuilding CXX object src/modules/local_position_estimator/CMakeFiles/modules__local_position_estimator.dir/sensors/gps.cpp.o[0m
[ 71%] [32mBuilding CXX object src/modules/logger/CMakeFiles/modules__logger.dir/log_writer.cpp.o[0m
[ 71%] [32mBuilding CXX object src/modules/logger/CMakeFiles/modules__logger.dir/log_writer_file.cpp.o[0m
[ 71%] [32m[1mLinking CXX static library libmodules__fw_rate_control.a[0m
[ 71%] [32m[1mLinking CXX static library libmodules__fw_lateral_longitudinal_control.a[0m
[ 71%] [32mBuilding CXX object src/modules/logger/CMakeFiles/modules__logger.dir/log_writer_mavlink.cpp.o[0m
[ 71%] [32mBuilding C object src/modules/gyro_fft/CMakeFiles/modules__gyro_fft.dir/CMSIS_5/CMSIS/DSP/Source/TransformFunctions/arm_cfft_q15.c.o[0m
[ 71%] [32mBuilding C object src/modules/gyro_fft/CMakeFiles/modules__gyro_fft.dir/CMSIS_5/CMSIS/DSP/Source/TransformFunctions/arm_cfft_radix4_q15.c.o[0m
[ 71%] [32mBuilding CXX object src/modules/logger/CMakeFiles/modules__logger.dir/util.cpp.o[0m
[ 71%] Built target modules__fw_rate_control
[ 71%] [32mBuilding CXX object src/modules/ekf2/CMakeFiles/modules__ekf2.dir/EKF/aid_sources/aux_global_position/aux_global_position.cpp.o[0m
[ 71%] [32mBuilding CXX object src/modules/local_position_estimator/CMakeFiles/modules__local_position_estimator.dir/sensors/baro.cpp.o[0m
[ 71%] Built target modules__fw_lateral_longitudinal_control
[ 71%] [32mBuilding CXX object src/modules/land_detector/CMakeFiles/modules__land_detector.dir/RoverLandDetector.cpp.o[0m
[ 71%] [32mBuilding C object src/modules/gyro_fft/CMakeFiles/modules__gyro_fft.dir/CMSIS_5/CMSIS/DSP/Source/TransformFunctions/arm_rfft_init_q15.c.o[0m
[ 71%] [32mBuilding CXX object src/modules/local_position_estimator/CMakeFiles/modules__local_position_estimator.dir/sensors/vision.cpp.o[0m
[ 71%] [32mBuilding CXX object src/modules/land_detector/CMakeFiles/modules__land_detector.dir/AirshipLandDetector.cpp.o[0m
[ 71%] [32mBuilding CXX object src/modules/ekf2/CMakeFiles/modules__ekf2.dir/EKF/aid_sources/auxvel/auxvel_fusion.cpp.o[0m
[ 71%] [32mBuilding CXX object src/modules/ekf2/CMakeFiles/modules__ekf2.dir/EKF/aid_sources/barometer/baro_height_control.cpp.o[0m
[ 71%] [32mBuilding CXX object src/modules/local_position_estimator/CMakeFiles/modules__local_position_estimator.dir/sensors/mocap.cpp.o[0m
[ 71%] [32mBuilding CXX object src/modules/ekf2/CMakeFiles/modules__ekf2.dir/EKF/aid_sources/drag/drag_fusion.cpp.o[0m
[ 71%] [32mBuilding CXX object src/modules/ekf2/CMakeFiles/modules__ekf2.dir/EKF/aid_sources/external_vision/ev_control.cpp.o[0m
[ 73%] [32mBuilding CXX object src/modules/local_position_estimator/CMakeFiles/modules__local_position_estimator.dir/sensors/land.cpp.o[0m
[ 73%] [32mBuilding CXX object src/modules/manual_control/CMakeFiles/modules__manual_control.dir/ManualControl.cpp.o[0m
[ 73%] [32mBuilding CXX object src/modules/manual_control/CMakeFiles/modules__manual_control.dir/ManualControlSelector.cpp.o[0m
[ 73%] [32mBuilding CXX object src/modules/logger/CMakeFiles/modules__logger.dir/watchdog.cpp.o[0m
[ 75%] [32mBuilding CXX object src/modules/ekf2/CMakeFiles/modules__ekf2.dir/EKF/aid_sources/external_vision/ev_height_control.cpp.o[0m
[ 75%] [32mBuilding CXX object src/modules/ekf2/CMakeFiles/modules__ekf2.dir/EKF/aid_sources/external_vision/ev_pos_control.cpp.o[0m
[ 75%] [32mBuilding C object src/modules/gyro_fft/CMakeFiles/modules__gyro_fft.dir/CMSIS_5/CMSIS/DSP/Source/TransformFunctions/arm_rfft_q15.c.o[0m
[ 75%] [32mBuilding C object src/modules/mavlink/CMakeFiles/modules__mavlink.dir/mavlink.c.o[0m
[ 75%] [32mBuilding CXX object src/modules/ekf2/CMakeFiles/modules__ekf2.dir/EKF/aid_sources/external_vision/ev_vel_control.cpp.o[0m
[ 75%] [32m[1mLinking CXX static library libmodules__mag_bias_estimator.a[0m
[ 75%] [32mBuilding CXX object src/modules/local_position_estimator/CMakeFiles/modules__local_position_estimator.dir/sensors/landing_target.cpp.o[0m
[ 75%] [32mBuilding CXX object src/modules/ekf2/CMakeFiles/modules__ekf2.dir/EKF/aid_sources/external_vision/ev_yaw_control.cpp.o[0m
[ 75%] [32mBuilding CXX object src/modules/mavlink/CMakeFiles/modules__mavlink.dir/mavlink_command_sender.cpp.o[0m
[ 75%] Built target modules__mag_bias_estimator
[ 76%] [32mBuilding CXX object src/modules/mavlink/CMakeFiles/modules__mavlink.dir/mavlink_events.cpp.o[0m
[ 78%] [32m[1mLinking CXX static library libdrivers__gimbal.a[0m
[ 78%] [32mBuilding CXX object src/modules/ekf2/CMakeFiles/modules__ekf2.dir/EKF/aid_sources/gnss/gnss_checks.cpp.o[0m
[ 78%] [32mBuilding CXX object src/modules/ekf2/CMakeFiles/modules__ekf2.dir/EKF/aid_sources/gnss/gnss_height_control.cpp.o[0m
[ 78%] [32mBuilding CXX object src/modules/mc_att_control/CMakeFiles/modules__mc_att_control.dir/mc_att_control_main.cpp.o[0m
[ 78%] [32m[1mLinking CXX static library libmodules__land_detector.a[0m
[ 78%] [32m[1mLinking CXX static library libmodules__gyro_fft.a[0m
[ 78%] Built target drivers__gimbal
[ 78%] [32mBuilding CXX object src/modules/mavlink/CMakeFiles/modules__mavlink.dir/mavlink_ftp.cpp.o[0m
[ 78%] Built target modules__land_detector
[ 78%] [32mBuilding CXX object src/modules/ekf2/CMakeFiles/modules__ekf2.dir/EKF/aid_sources/gnss/gps_control.cpp.o[0m
[ 78%] Built target modules__gyro_fft
[ 78%] [32mBuilding CXX object src/modules/mc_autotune_attitude_control/CMakeFiles/mc_autotune_attitude_control.dir/mc_autotune_attitude_control.cpp.o[0m
[ 78%] [32mBuilding CXX object src/modules/mavlink/CMakeFiles/modules__mavlink.dir/mavlink_log_handler.cpp.o[0m
[ 78%] [32mBuilding CXX object src/modules/ekf2/CMakeFiles/modules__ekf2.dir/EKF/aid_sources/gnss/gnss_yaw_control.cpp.o[0m
[ 78%] [32mBuilding CXX object src/modules/mavlink/CMakeFiles/modules__mavlink.dir/mavlink_main.cpp.o[0m
[ 78%] [32mBuilding CXX object src/modules/ekf2/CMakeFiles/modules__ekf2.dir/EKF/aid_sources/gravity/gravity_fusion.cpp.o[0m
[ 78%] [32m[1mLinking CXX static library libmodules__commander.a[0m
[ 78%] [32mBuilding CXX object src/modules/mc_hover_thrust_estimator/CMakeFiles/modules__mc_hover_thrust_estimator.dir/MulticopterHoverThrustEstimator.cpp.o[0m
[ 78%] Built target modules__commander
[ 78%] [32mBuilding CXX object src/modules/mavlink/CMakeFiles/modules__mavlink.dir/mavlink_messages.cpp.o[0m
[ 78%] [32mBuilding CXX object src/modules/ekf2/CMakeFiles/modules__ekf2.dir/EKF/aid_sources/magnetometer/mag_control.cpp.o[0m
[ 78%] [32mBuilding CXX object src/modules/mc_pos_control/CMakeFiles/modules__mc_pos_control.dir/MulticopterPositionControl.cpp.o[0m
[ 78%] [32mBuilding CXX object src/modules/mavlink/CMakeFiles/modules__mavlink.dir/mavlink_mission.cpp.o[0m
[ 78%] [32mBuilding CXX object src/modules/mc_rate_control/CMakeFiles/modules__mc_rate_control.dir/MulticopterRateControl.cpp.o[0m
[ 78%] [32mBuilding CXX object src/modules/navigator/MissionFeasibility/CMakeFiles/mission_feasibility_checker.dir/FeasibilityChecker.cpp.o[0m
[ 78%] [32mBuilding CXX object src/modules/ekf2/CMakeFiles/modules__ekf2.dir/EKF/aid_sources/magnetometer/mag_fusion.cpp.o[0m
[ 78%] [32mBuilding CXX object src/modules/mavlink/CMakeFiles/modules__mavlink.dir/mavlink_parameters.cpp.o[0m
[ 78%] [32mBuilding CXX object src/modules/payload_deliverer/CMakeFiles/modules__payload_deliverer.dir/payload_deliverer.cpp.o[0m
[ 78%] [32m[1mLinking CXX static library libmodules__manual_control.a[0m
[ 78%] [32mBuilding CXX object src/modules/ekf2/CMakeFiles/modules__ekf2.dir/EKF/aid_sources/optical_flow/optical_flow_control.cpp.o[0m
[ 78%] [32mBuilding CXX object src/modules/ekf2/CMakeFiles/modules__ekf2.dir/EKF/aid_sources/optical_flow/optical_flow_fusion.cpp.o[0m
[ 78%] Built target modules__manual_control
[ 78%] [32mBuilding CXX object src/modules/mavlink/CMakeFiles/modules__mavlink.dir/mavlink_rate_limiter.cpp.o[0m
[ 78%] [32mBuilding CXX object src/modules/mavlink/CMakeFiles/modules__mavlink.dir/mavlink_receiver.cpp.o[0m
[ 78%] [32mBuilding CXX object src/modules/payload_deliverer/CMakeFiles/modules__payload_deliverer.dir/gripper.cpp.o[0m
[ 78%] [32mBuilding CXX object src/modules/rc_update/CMakeFiles/modules__rc_update.dir/rc_update.cpp.o[0m
[ 78%] [32mBuilding CXX object src/modules/replay/CMakeFiles/modules__replay.dir/replay_main.cpp.o[0m
[ 78%] [32m[1mLinking CXX static library libmodules__logger.a[0m
[ 78%] [32mBuilding CXX object src/modules/mavlink/CMakeFiles/modules__mavlink.dir/mavlink_shell.cpp.o[0m
[ 78%] [32mBuilding CXX object src/modules/mavlink/CMakeFiles/modules__mavlink.dir/mavlink_simple_analyzer.cpp.o[0m
[ 80%] [32m[1mLinking CXX static library libmodules__mc_hover_thrust_estimator.a[0m
[ 80%] [32mBuilding CXX object src/modules/mavlink/CMakeFiles/modules__mavlink.dir/mavlink_stream.cpp.o[0m
[ 80%] Built target modules__logger
[ 80%] [32mBuilding CXX object src/modules/replay/CMakeFiles/modules__replay.dir/Replay.cpp.o[0m
[ 80%] Built target modules__mc_hover_thrust_estimator
[ 80%] [32mBuilding CXX object src/modules/rover_differential/CMakeFiles/modules__rover_differential.dir/RoverDifferential.cpp.o[0m
[ 80%] [32mBuilding CXX object src/modules/rover_ackermann/CMakeFiles/modules__rover_ackermann.dir/RoverAckermann.cpp.o[0m
[ 80%] [32mBuilding CXX object src/modules/mavlink/CMakeFiles/modules__mavlink.dir/mavlink_timesync.cpp.o[0m
[ 80%] [32mBuilding CXX object src/modules/ekf2/CMakeFiles/modules__ekf2.dir/EKF/aid_sources/range_finder/range_finder_consistency_check.cpp.o[0m
[ 80%] [32m[1mLinking CXX static library libmission_feasibility_checker.a[0m
[ 80%] [32mBuilding CXX object src/modules/replay/CMakeFiles/modules__replay.dir/ReplayEkf2.cpp.o[0m
[ 80%] [32mBuilding CXX object src/modules/rover_mecanum/CMakeFiles/modules__rover_mecanum.dir/RoverMecanum.cpp.o[0m
[ 80%] Built target mission_feasibility_checker
[ 80%] [32mBuilding CXX object src/modules/mavlink/CMakeFiles/modules__mavlink.dir/mavlink_ulog.cpp.o[0m
[ 80%] [32mBuilding CXX object src/modules/ekf2/CMakeFiles/modules__ekf2.dir/EKF/aid_sources/range_finder/range_height_control.cpp.o[0m
[ 80%] [32m[1mLinking CXX static library libmodules__payload_deliverer.a[0m
[ 80%] [32m[1mLinking CXX static library libmc_autotune_attitude_control.a[0m
[ 80%] [32m[1mLinking CXX static library libmodules__mc_att_control.a[0m
[ 80%] [32mBuilding CXX object src/modules/mavlink/CMakeFiles/modules__mavlink.dir/MavlinkStatustextHandler.cpp.o[0m
[ 80%] [32m[1mLinking CXX static library libmodules__mc_rate_control.a[0m
[ 80%] [32m[1mLinking CXX static library libmodules__fw_mode_manager.a[0m
[ 80%] [32mBuilding CXX object src/modules/ekf2/CMakeFiles/modules__ekf2.dir/EKF/aid_sources/range_finder/range_height_fusion.cpp.o[0m
[ 80%] Built target modules__payload_deliverer
[ 80%] Built target mc_autotune_attitude_control
[ 80%] [32mBuilding CXX object src/modules/mavlink/CMakeFiles/modules__mavlink.dir/open_drone_id_translations.cpp.o[0m
[ 80%] [32mBuilding CXX object src/modules/mavlink/CMakeFiles/modules__mavlink.dir/tune_publisher.cpp.o[0m
[ 80%] Built target modules__mc_att_control
[ 80%] Built target modules__mc_rate_control
[ 80%] Built target modules__fw_mode_manager
[ 80%] [32mBuilding CXX object src/modules/ekf2/CMakeFiles/modules__ekf2.dir/EKF/aid_sources/range_finder/sensor_range_finder.cpp.o[0m
[ 80%] [32mBuilding CXX object src/modules/sensors/vehicle_acceleration/CMakeFiles/vehicle_acceleration.dir/VehicleAcceleration.cpp.o[0m
[ 80%] [32mBuilding CXX object src/modules/sensors/vehicle_imu/CMakeFiles/vehicle_imu.dir/VehicleIMU.cpp.o[0m
[ 82%] [32mBuilding CXX object src/modules/sensors/vehicle_angular_velocity/CMakeFiles/vehicle_angular_velocity.dir/VehicleAngularVelocity.cpp.o[0m
[ 82%] [32mBuilding CXX object src/modules/sensors/vehicle_air_data/CMakeFiles/vehicle_air_data.dir/VehicleAirData.cpp.o[0m
[ 82%] [32mBuilding CXX object src/modules/sensors/vehicle_magnetometer/CMakeFiles/vehicle_magnetometer.dir/VehicleMagnetometer.cpp.o[0m
[ 82%] [32mBuilding CXX object src/modules/simulation/battery_simulator/CMakeFiles/modules__simulation__battery_simulator.dir/BatterySimulator.cpp.o[0m
[ 82%] [32mBuilding CXX object src/modules/ekf2/CMakeFiles/modules__ekf2.dir/EKF/aid_sources/sideslip/sideslip_fusion.cpp.o[0m
[ 82%] [32mBuilding CXX object src/modules/ekf2/CMakeFiles/modules__ekf2.dir/EKF/terrain_control.cpp.o[0m
[ 82%] [32m[1mLinking CXX static library libmodules__rover_differential.a[0m
[ 82%] Built target modules__rover_differential
[ 82%] [32mBuilding CXX object src/modules/simulation/gz_bridge/CMakeFiles/modules__simulation__gz_bridge.dir/GZBridge.cpp.o[0m
[ 82%] [32m[1mLinking CXX static library libmodules__rover_ackermann.a[0m
[ 82%] [32mBuilding CXX object src/modules/simulation/pwm_out_sim/CMakeFiles/modules__simulation__pwm_out_sim.dir/PWMSim.cpp.o[0m
[ 82%] [32m[1mLinking CXX static library libmodules__local_position_estimator.a[0m
[ 82%] [32m[1mLinking CXX static library libmodules__rc_update.a[0m
[ 82%] Built target modules__rover_ackermann
[ 82%] [32mBuilding CXX object src/modules/ekf2/CMakeFiles/modules__ekf2.dir/EKF/wind.cpp.o[0m
[ 82%] [32mBuilding CXX object src/modules/ekf2/CMakeFiles/modules__ekf2.dir/EKF2.cpp.o[0m
[ 82%] [32mBuilding CXX object src/modules/simulation/sensor_agp_sim/CMakeFiles/modules__simulation__sensor_agp_sim.dir/SensorAgpSim.cpp.o[0m
[ 82%] Built target modules__rc_update
[ 82%] Built target modules__local_position_estimator
[ 82%] [32mBuilding CXX object src/modules/simulation/gz_bridge/CMakeFiles/modules__simulation__gz_bridge.dir/GZMixingInterfaceESC.cpp.o[0m
[ 83%] [32mBuilding CXX object src/modules/ekf2/CMakeFiles/modules__ekf2.dir/EKF2Selector.cpp.o[0m
[ 83%] [32mBuilding CXX object src/modules/simulation/sensor_airspeed_sim/CMakeFiles/modules__simulation__sensor_airspeed_sim.dir/SensorAirspeedSim.cpp.o[0m
[ 83%] [32m[1mLinking CXX static library libmodules__mc_pos_control.a[0m
[ 83%] [32mBuilding CXX object src/modules/simulation/gz_bridge/CMakeFiles/modules__simulation__gz_bridge.dir/GZMixingInterfaceServo.cpp.o[0m
[ 83%] Built target modules__mc_pos_control
[ 85%] [32m[1mLinking CXX static library libmodules__simulation__battery_simulator.a[0m
[ 85%] [32mBuilding CXX object src/modules/simulation/sensor_baro_sim/CMakeFiles/modules__simulation__sensor_baro_sim.dir/SensorBaroSim.cpp.o[0m
[ 85%] [32m[1mLinking CXX static library libmodules__rover_mecanum.a[0m
[ 85%] Built target modules__simulation__battery_simulator
[ 85%] [32mBuilding CXX object src/modules/simulation/gz_bridge/CMakeFiles/modules__simulation__gz_bridge.dir/GZMixingInterfaceWheel.cpp.o[0m
[ 85%] [32mBuilding CXX object src/modules/simulation/gz_bridge/CMakeFiles/modules__simulation__gz_bridge.dir/GZGimbal.cpp.o[0m
[ 85%] Built target modules__rover_mecanum
[ 85%] [32m[1mLinking CXX static library libvehicle_acceleration.a[0m
[ 85%] [32mBuilding CXX object src/modules/simulation/sensor_gps_sim/CMakeFiles/modules__simulation__sensor_gps_sim.dir/SensorGpsSim.cpp.o[0m
[ 85%] [32mBuilding CXX object src/modules/simulation/sensor_mag_sim/CMakeFiles/modules__simulation__senosr_mag_sim.dir/SensorMagSim.cpp.o[0m
[ 85%] Built target vehicle_acceleration
[ 85%] [32mBuilding CXX object src/modules/simulation/simulator_mavlink/CMakeFiles/modules__simulation__simulator_mavlink.dir/SimulatorMavlink.cpp.o[0m
[ 85%] [32mBuilding CXX object src/modules/simulation/simulator_sih/CMakeFiles/modules__simulation__simulator_sih.dir/sih.cpp.o[0m
[ 85%] [32m[1mLinking CXX static library libmodules__simulation__pwm_out_sim.a[0m
[ 85%] [32mBuilding CXX object src/modules/simulation/system_power_simulator/CMakeFiles/modules__simulation__system_power_simulator.dir/SystemPowerSimulator.cpp.o[0m
[ 85%] [32mBuilding CXX object src/modules/temperature_compensation/CMakeFiles/modules__temperature_compensation.dir/TemperatureCompensationModule.cpp.o[0m
[ 85%] [32mBuilding CXX object src/modules/uuv_att_control/CMakeFiles/modules__uuv_att_control.dir/uuv_att_control.cpp.o[0m
[ 85%] Built target modules__simulation__pwm_out_sim
[ 85%] [32m[1mLinking CXX static library libvehicle_air_data.a[0m
[ 85%] [32m[1mLinking CXX static library libmodules__simulation__sensor_agp_sim.a[0m
[ 85%] [32mBuilding CXX object src/modules/uuv_pos_control/CMakeFiles/modules__uuv_pos_control.dir/uuv_pos_control.cpp.o[0m
[ 85%] Built target modules__simulation__sensor_agp_sim
[ 85%] Built target vehicle_air_data
[ 85%] [32mBuilding CXX object src/modules/temperature_compensation/CMakeFiles/modules__temperature_compensation.dir/TemperatureCompensation.cpp.o[0m
[ 85%] [32mBuilding CXX object src/modules/temperature_compensation/CMakeFiles/modules__temperature_compensation.dir/temperature_calibration/accel.cpp.o[0m
[ 85%] [32m[1mLinking CXX shared library ../libGenericMotorModelPlugin.so[0m
[ 87%] [32mBuilding CXX object src/modules/uxrce_dds_client/CMakeFiles/modules__uxrce_dds_client.dir/uxrce_dds_client.cpp.o[0m
[ 87%] [32m[1mLinking CXX static library libmodules__simulation__system_power_simulator.a[0m
[ 87%] [32m[1mLinking CXX static library libmodules__simulation__sensor_baro_sim.a[0m
[ 87%] Built target modules__simulation__system_power_simulator
[ 87%] [32mBuilding CXX object src/modules/uxrce_dds_client/CMakeFiles/modules__uxrce_dds_client.dir/vehicle_command_srv.cpp.o[0m
[ 87%] [32m[1mLinking CXX static library libmodules__simulation__sensor_airspeed_sim.a[0m
[ 87%] [32m[1mLinking CXX static library libmodules__simulation__sensor_gps_sim.a[0m
[ 87%] Built target modules__simulation__sensor_baro_sim
[ 87%] [32mBuilding CXX object src/modules/temperature_compensation/CMakeFiles/modules__temperature_compensation.dir/temperature_calibration/baro.cpp.o[0m
[ 87%] [32mBuilding CXX object src/modules/temperature_compensation/CMakeFiles/modules__temperature_compensation.dir/temperature_calibration/gyro.cpp.o[0m
[ 87%] Built target modules__simulation__sensor_gps_sim
[ 87%] Built target modules__simulation__sensor_airspeed_sim
[ 87%] [32mBuilding CXX object src/modules/uxrce_dds_client/CMakeFiles/modules__uxrce_dds_client.dir/srv_base.cpp.o[0m
[ 87%] [32mBuilding CXX object src/modules/vtol_att_control/CMakeFiles/modules__vtol_att_control.dir/vtol_att_control_main.cpp.o[0m
[ 87%] Built target GenericMotorModelPlugin
[ 87%] [32m[1mLinking CXX static library libvehicle_magnetometer.a[0m
[ 87%] [32mBuilding CXX object src/systemcmds/actuator_test/CMakeFiles/systemcmds__actuator_test.dir/actuator_test.cpp.o[0m
[ 87%] [32m[1mLinking CXX static library libmodules__simulation__senosr_mag_sim.a[0m
[ 87%] Built target modules__simulation__senosr_mag_sim
[ 87%] [32mBuilding CXX object src/modules/temperature_compensation/CMakeFiles/modules__temperature_compensation.dir/temperature_calibration/task.cpp.o[0m
[ 87%] [32mBuilding CXX object src/modules/temperature_compensation/CMakeFiles/modules__temperature_compensation.dir/temperature_calibration/mag.cpp.o[0m
[ 87%] Built target vehicle_magnetometer
[ 87%] [32mBuilding CXX object src/modules/vtol_att_control/CMakeFiles/modules__vtol_att_control.dir/tiltrotor.cpp.o[0m
[ 87%] [32m[1mLinking CXX static library libvehicle_imu.a[0m
[ 87%] [32mBuilding CXX object src/systemcmds/bsondump/CMakeFiles/systemcmds__bsondump.dir/bsondump.cpp.o[0m
[ 87%] [32mBuilding CXX object src/systemcmds/dyn/CMakeFiles/systemcmds__dyn.dir/dyn.cpp.o[0m
[ 87%] [32m[1mLinking CXX static library libvehicle_angular_velocity.a[0m
[ 87%] Built target vehicle_imu
[ 87%] [32mBuilding CXX object src/modules/vtol_att_control/CMakeFiles/modules__vtol_att_control.dir/tailsitter.cpp.o[0m
[ 87%] [32mBuilding CXX object src/modules/vtol_att_control/CMakeFiles/modules__vtol_att_control.dir/vtol_type.cpp.o[0m
[ 87%] Built target vehicle_angular_velocity
[ 87%] [32mBuilding CXX object src/systemcmds/failure/CMakeFiles/systemcmds__failure.dir/failure.cpp.o[0m
[ 87%] [32mBuilding CXX object src/modules/vtol_att_control/CMakeFiles/modules__vtol_att_control.dir/standard.cpp.o[0m
[ 87%] [32m[1mLinking CXX static library libsystemcmds__actuator_test.a[0m
[ 87%] [32m[1mLinking CXX static library libsystemcmds__dyn.a[0m
[ 87%] [32mBuilding CXX object src/systemcmds/led_control/CMakeFiles/systemcmds__led_control.dir/led_control.cpp.o[0m
[ 87%] [32mBuilding CXX object src/systemcmds/param/CMakeFiles/systemcmds__param.dir/param.cpp.o[0m
[ 89%] [32m[1mLinking CXX static library libsystemcmds__bsondump.a[0m
[ 89%] Built target systemcmds__dyn
[ 89%] Built target systemcmds__actuator_test
[ 89%] [32mBuilding CXX object src/systemcmds/perf/CMakeFiles/systemcmds__perf.dir/perf.cpp.o[0m
[ 89%] Built target systemcmds__bsondump
[ 89%] [32mBuilding CXX object src/systemcmds/sd_bench/CMakeFiles/systemcmds__sd_bench.dir/sd_bench.cpp.o[0m
[ 89%] [32mBuilding CXX object src/systemcmds/shutdown/CMakeFiles/systemcmds__shutdown.dir/shutdown.cpp.o[0m
[ 89%] [32mBuilding CXX object src/systemcmds/system_time/CMakeFiles/systemcmds__system_time.dir/system_time.cpp.o[0m
[ 89%] [32m[1mLinking CXX static library libmodules__uuv_att_control.a[0m
[ 89%] [32m[1mLinking CXX static library libsystemcmds__perf.a[0m
[ 89%] [32m[1mLinking CXX static library libsystemcmds__led_control.a[0m
[ 89%] [32m[1mLinking CXX static library libsystemcmds__shutdown.a[0m
[ 89%] Built target systemcmds__led_control
[ 89%] Built target modules__uuv_att_control
[ 89%] [32m[1mLinking CXX static library libmodules__uuv_pos_control.a[0m
[ 89%] [32m[1mLinking CXX static library libsystemcmds__failure.a[0m
[ 89%] Built target systemcmds__shutdown
[ 89%] [32mBuilding CXX object src/systemcmds/tests/CMakeFiles/systemcmds__tests.dir/test_atomic_bitset.cpp.o[0m
[ 89%] [32mBuilding CXX object src/systemcmds/tests/hrt_test/CMakeFiles/systemcmds__tests__hrt_test.dir/hrt_test_main.cpp.o[0m
[ 89%] [32m[1mLinking CXX static library libsystemcmds__system_time.a[0m
[ 89%] Built target systemcmds__perf
[ 89%] [32mBuilding CXX object src/systemcmds/topic_listener/CMakeFiles/systemcmds__topic_listener.dir/listener_main.cpp.o[0m
[ 89%] [32mBuilding CXX object src/systemcmds/tests/hrt_test/CMakeFiles/systemcmds__tests__hrt_test.dir/hrt_test_start.cpp.o[0m
[ 89%] Built target systemcmds__failure
[ 89%] Built target modules__uuv_pos_control
[ 89%] [32mBuilding CXX object src/systemcmds/tests/hrt_test/CMakeFiles/systemcmds__tests__hrt_test.dir/hrt_test.cpp.o[0m
[ 89%] Built target systemcmds__system_time
[ 89%] [32mBuilding CXX object src/systemcmds/tests/CMakeFiles/systemcmds__tests.dir/test_bson.cpp.o[0m
[ 89%] [32mBuilding CXX object src/systemcmds/tests/CMakeFiles/systemcmds__tests.dir/test_bitset.cpp.o[0m
[ 89%] [32mBuilding CXX object src/systemcmds/tune_control/CMakeFiles/systemcmds__tune_control.dir/tune_control.cpp.o[0m
[ 89%] [32mBuilding CXX object src/systemcmds/tests/CMakeFiles/systemcmds__tests.dir/test_dataman.cpp.o[0m
[ 89%] [32m[1mLinking CXX static library libsystemcmds__sd_bench.a[0m
[ 89%] [32mBuilding CXX object src/systemcmds/uorb/CMakeFiles/systemcmds__uorb.dir/uorb.cpp.o[0m
[ 89%] [32mBuilding C object src/systemcmds/tests/CMakeFiles/systemcmds__tests.dir/test_file2.c.o[0m
[ 91%] [32mBuilding C object src/systemcmds/tests/CMakeFiles/systemcmds__tests.dir/test_file.c.o[0m
[ 91%] Built target systemcmds__sd_bench
[ 91%] [32mBuilding CXX object src/systemcmds/tests/CMakeFiles/systemcmds__tests.dir/test_float.cpp.o[0m
[ 91%] [32m[1mLinking CXX static library libsystemcmds__topic_listener.a[0m
[ 91%] [32m[1mLinking CXX shared library ../libBuoyancySystemPlugin.so[0m
[ 91%] [32m[1mLinking CXX static library libsystemcmds__tests__hrt_test.a[0m
[ 91%] [32m[1mLinking CXX static library libsystemcmds__uorb.a[0m
[ 91%] [32m[1mLinking CXX static library libsystemcmds__tune_control.a[0m
[ 91%] Built target systemcmds__tests__hrt_test
[ 91%] Built target systemcmds__topic_listener
[ 91%] [32mBuilding C object src/systemcmds/tests/CMakeFiles/systemcmds__tests.dir/test_hott_telemetry.c.o[0m
[ 91%] [32mBuilding CXX object src/systemcmds/ver/CMakeFiles/systemcmds__ver.dir/ver.cpp.o[0m
[ 91%] [32mBuilding CXX object src/systemcmds/tests/CMakeFiles/systemcmds__tests.dir/test_hrt.cpp.o[0m
[ 91%] [32mBuilding CXX object src/systemcmds/work_queue/CMakeFiles/systemcmds__work_queue.dir/work_queue_main.cpp.o[0m
[ 91%] Built target systemcmds__tune_control
[ 91%] Built target systemcmds__uorb
[ 91%] [32mBuilding CXX object src/systemcmds/tests/CMakeFiles/systemcmds__tests.dir/test_int.cpp.o[0m
[ 91%] [32mBuilding CXX object src/examples/fake_gps/CMakeFiles/modules__fake_gps.dir/FakeGps.cpp.o[0m
[ 91%] [32mBuilding CXX object src/systemcmds/tests/CMakeFiles/systemcmds__tests.dir/test_i2c_spi_cli.cpp.o[0m
[ 91%] [32mBuilding CXX object src/systemcmds/tests/CMakeFiles/systemcmds__tests.dir/test_IntrusiveQueue.cpp.o[0m
[ 91%] [32mBuilding C object src/systemcmds/tests/CMakeFiles/systemcmds__tests.dir/test_led.c.o[0m
[ 91%] [32mBuilding CXX object src/examples/fake_imu/CMakeFiles/modules__fake_imu.dir/FakeImu.cpp.o[0m
[ 91%] [32mBuilding CXX object src/systemcmds/tests/CMakeFiles/systemcmds__tests.dir/test_List.cpp.o[0m
[ 91%] [32mBuilding CXX object src/systemcmds/tests/CMakeFiles/systemcmds__tests.dir/test_IntrusiveSortedList.cpp.o[0m
[ 91%] [32m[1mLinking CXX static library libmodules__temperature_compensation.a[0m
[ 91%] [32m[1mLinking CXX static library libsystemcmds__param.a[0m
[ 91%] [32mBuilding CXX object src/systemcmds/tests/CMakeFiles/systemcmds__tests.dir/test_mathlib.cpp.o[0m
[ 91%] [32m[1mLinking CXX static library libsystemcmds__work_queue.a[0m
[ 91%] Built target BuoyancySystemPlugin
[ 91%] [32mBuilding CXX object src/systemcmds/tests/CMakeFiles/systemcmds__tests.dir/test_matrix.cpp.o[0m
[ 91%] [32m[1mLinking CXX static library libsystemcmds__ver.a[0m
[ 91%] [32mBuilding C object src/systemcmds/tests/CMakeFiles/systemcmds__tests.dir/test_param.c.o[0m
[ 91%] Built target systemcmds__param
[ 91%] [32mBuilding CXX object src/systemcmds/tests/CMakeFiles/systemcmds__tests.dir/test_parameters.cpp.o[0m
[ 91%] Built target systemcmds__work_queue
[ 91%] [32mBuilding CXX object src/examples/fake_magnetometer/CMakeFiles/examples__fake_magnetometer.dir/FakeMagnetometer.cpp.o[0m
[ 91%] Built target systemcmds__ver
[ 91%] Built target modules__temperature_compensation
[ 91%] [32mBuilding C object src/systemcmds/tests/CMakeFiles/systemcmds__tests.dir/test_perf.c.o[0m
[ 91%] [32mBuilding CXX object src/systemcmds/tests/CMakeFiles/systemcmds__tests.dir/test_rc.cpp.o[0m
[ 91%] [32mBuilding CXX object src/systemcmds/tests/CMakeFiles/systemcmds__tests.dir/test_ppm.cpp.o[0m
[ 91%] [32mBuilding CXX object src/systemcmds/tests/CMakeFiles/systemcmds__tests.dir/test_search_min.cpp.o[0m
[ 91%] [32mBuilding CXX object src/examples/px4_mavlink_debug/CMakeFiles/examples__px4_mavlink_debug.dir/px4_mavlink_debug.cpp.o[0m
[ 91%] [32mBuilding CXX object src/examples/hello/CMakeFiles/examples__hello.dir/hello_main.cpp.o[0m
[ 91%] [32mBuilding C object src/examples/px4_simple_app/CMakeFiles/examples__px4_simple_app.dir/px4_simple_app.c.o[0m
[ 91%] [32mBuilding CXX object src/examples/hello/CMakeFiles/examples__hello.dir/hello_start.cpp.o[0m
[ 91%] [32mBuilding C object src/systemcmds/tests/CMakeFiles/systemcmds__tests.dir/test_sleep.c.o[0m
[ 91%] [32m[1mLinking CXX static library libexamples__px4_mavlink_debug.a[0m
[ 91%] [32mBuilding CXX object src/examples/work_item/CMakeFiles/examples__work_item.dir/WorkItemExample.cpp.o[0m
[ 91%] [32mBuilding C object src/systemcmds/tests/CMakeFiles/systemcmds__tests.dir/test_uart_baudchange.c.o[0m
[ 91%] [32mBuilding CXX object src/examples/hello/CMakeFiles/examples__hello.dir/hello_example.cpp.o[0m
[ 91%] [32m[1mLinking CXX static library libexamples__px4_simple_app.a[0m
[ 92%] [32mBuilding C object src/systemcmds/tests/CMakeFiles/systemcmds__tests.dir/test_uart_console.c.o[0m
[ 92%] Built target examples__px4_mavlink_debug
[ 92%] Built target px4_gz_plugins
[ 92%] [32m[1mLinking CXX static library libmodules__vtol_att_control.a[0m
[ 92%] [32mBuilding C object src/systemcmds/tests/CMakeFiles/systemcmds__tests.dir/test_uart_loopback.c.o[0m
[ 92%] Built target examples__px4_simple_app
[ 92%] [32mBuilding C object src/systemcmds/tests/CMakeFiles/systemcmds__tests.dir/test_uart_send.c.o[0m
[ 92%] [32mBuilding CXX object src/modules/control_allocator/CMakeFiles/modules__control_allocator.dir/ControlAllocator.cpp.o[0m
[ 92%] [32m[1mLinking CXX static library libexamples__hello.a[0m
[ 92%] [32mBuilding CXX object src/modules/flight_mode_manager/tasks/ManualAltitudeSmoothVel/CMakeFiles/FlightTaskManualAltitudeSmoothVel.dir/FlightTaskManualAltitudeSmoothVel.cpp.o[0m
[ 92%] [32mBuilding CXX object src/systemcmds/tests/CMakeFiles/systemcmds__tests.dir/test_versioning.cpp.o[0m
[ 92%] [32mBuilding CXX object src/modules/flight_mode_manager/tasks/ManualPosition/CMakeFiles/FlightTaskManualPosition.dir/FlightTaskManualPosition.cpp.o[0m
[ 92%] [32mBuilding CXX object src/modules/flight_mode_manager/tasks/AutoFollowTarget/CMakeFiles/FlightTaskAutoFollowTarget.dir/FlightTaskAutoFollowTarget.cpp.o[0m
[ 92%] Built target modules__vtol_att_control
[ 92%] [32mBuilding C object src/systemcmds/tests/CMakeFiles/systemcmds__tests.dir/test_cli.c.o[0m
[ 92%] [32m[1mLinking CXX static library libmodules__fake_gps.a[0m
[ 92%] [32mBuilding CXX object src/modules/navigator/CMakeFiles/modules__navigator.dir/navigator_mode.cpp.o[0m
[ 92%] Built target examples__hello
[ 92%] [32mBuilding CXX object src/modules/navigator/CMakeFiles/modules__navigator.dir/navigator_main.cpp.o[0m
[ 92%] [32mBuilding CXX object src/modules/navigator/CMakeFiles/modules__navigator.dir/mission_base.cpp.o[0m
[ 92%] [32m[1mLinking CXX static library libmodules__fake_imu.a[0m
[ 92%] Built target modules__fake_gps
[ 92%] [32mBuilding CXX object src/modules/sensors/CMakeFiles/modules__sensors.dir/sensors.cpp.o[0m
[ 92%] [32mBuilding CXX object src/modules/navigator/CMakeFiles/modules__navigator.dir/mission_block.cpp.o[0m
[ 92%] [32mBuilding C object src/systemcmds/tests/CMakeFiles/systemcmds__tests.dir/tests_main.c.o[0m
[ 92%] [32mBuilding CXX object src/modules/navigator/CMakeFiles/modules__navigator.dir/mission.cpp.o[0m
[ 92%] [32mBuilding CXX object src/modules/navigator/CMakeFiles/modules__navigator.dir/loiter.cpp.o[0m
[ 92%] Built target modules__fake_imu
[ 92%] [32mBuilding CXX object src/modules/sensors/CMakeFiles/modules__sensors.dir/voted_sensors_update.cpp.o[0m
[ 92%] [32mBuilding CXX object src/modules/navigator/CMakeFiles/modules__navigator.dir/rtl.cpp.o[0m
[ 92%] [32m[1mLinking CXX static library libmodules__replay.a[0m
[ 92%] Built target modules__replay
[ 92%] [32mBuilding CXX object src/modules/navigator/CMakeFiles/modules__navigator.dir/rtl_direct.cpp.o[0m
[ 92%] [32mBuilding CXX object src/modules/navigator/CMakeFiles/modules__navigator.dir/rtl_direct_mission_land.cpp.o[0m
[ 92%] [32mBuilding CXX object src/modules/navigator/CMakeFiles/modules__navigator.dir/rtl_mission_fast.cpp.o[0m
[ 92%] [32mBuilding CXX object src/modules/navigator/CMakeFiles/modules__navigator.dir/rtl_mission_fast_reverse.cpp.o[0m
[ 92%] [32m[1mLinking CXX static library libexamples__fake_magnetometer.a[0m
[ 92%] [32m[1mLinking CXX static library libFlightTaskManualAltitudeSmoothVel.a[0m
[ 92%] Built target examples__fake_magnetometer
[ 92%] [32mBuilding CXX object src/modules/navigator/CMakeFiles/modules__navigator.dir/takeoff.cpp.o[0m
[ 92%] Built target FlightTaskManualAltitudeSmoothVel
[ 92%] [32m[1mLinking CXX static library libexamples__work_item.a[0m
[ 92%] [32mBuilding CXX object src/modules/flight_mode_manager/tasks/ManualAcceleration/CMakeFiles/FlightTaskManualAcceleration.dir/FlightTaskManualAcceleration.cpp.o[0m
[ 92%] [32mBuilding CXX object src/modules/navigator/CMakeFiles/modules__navigator.dir/land.cpp.o[0m
[ 92%] [32m[1mLinking CXX static library libFlightTaskManualPosition.a[0m
[ 92%] Built target examples__work_item
[ 92%] [32mBuilding CXX object src/modules/navigator/CMakeFiles/modules__navigator.dir/mission_feasibility_checker.cpp.o[0m
[ 92%] [32mBuilding CXX object src/modules/navigator/CMakeFiles/modules__navigator.dir/precland.cpp.o[0m
[ 92%] [32mBuilding CXX object src/modules/navigator/CMakeFiles/modules__navigator.dir/geofence.cpp.o[0m
[ 92%] Built target FlightTaskManualPosition
[ 94%] [32mBuilding CXX object src/modules/navigator/CMakeFiles/modules__navigator.dir/vtol_takeoff.cpp.o[0m
[ 94%] [32m[1mLinking CXX static library libmodules__simulation__simulator_sih.a[0m
[ 94%] [32mBuilding CXX object src/modules/flight_mode_manager/tasks/AltitudeCruise/CMakeFiles/FlightTaskAltitudeCruise.dir/FlightTaskAltitudeCruise.cpp.o[0m
[ 94%] [32mBuilding CXX object src/modules/flight_mode_manager/tasks/Orbit/CMakeFiles/FlightTaskOrbit.dir/FlightTaskOrbit.cpp.o[0m
[ 94%] Built target modules__simulation__simulator_sih
[ 94%] [32m[1mLinking CXX static library libFlightTaskAutoFollowTarget.a[0m
[ 94%] Built target FlightTaskAutoFollowTarget
[ 94%] [32m[1mLinking CXX static library libmodules__sensors.a[0m
[ 94%] Built target modules__sensors
[ 94%] [32m[1mLinking CXX static library libmodules__uxrce_dds_client.a[0m
[ 94%] [32m[1mLinking CXX static library libFlightTaskManualAcceleration.a[0m
[ 94%] Built target modules__uxrce_dds_client
[ 94%] Built target FlightTaskManualAcceleration
[ 94%] [32mBuilding CXX object src/modules/flight_mode_manager/tasks/ManualAccelerationSlow/CMakeFiles/FlightTaskManualAccelerationSlow.dir/FlightTaskManualAccelerationSlow.cpp.o[0m
[ 94%] [32m[1mLinking CXX static library libFlightTaskAltitudeCruise.a[0m
[ 94%] Built target FlightTaskAltitudeCruise
[ 94%] [32m[1mLinking CXX static library libmodules__navigator.a[0m
[ 94%] [32m[1mLinking CXX static library libmodules__control_allocator.a[0m
[ 94%] [32m[1mLinking CXX static library libFlightTaskOrbit.a[0m
[ 94%] Built target modules__navigator
[ 94%] Built target modules__control_allocator
[ 94%] Built target FlightTaskOrbit
[ 96%] [32m[1mLinking CXX static library libmodules__simulation__simulator_mavlink.a[0m
[ 96%] Built target modules__simulation__simulator_mavlink
[ 98%] [32m[1mLinking CXX static library libFlightTaskManualAccelerationSlow.a[0m
[ 98%] Built target FlightTaskManualAccelerationSlow
[ 98%] [32mBuilding CXX object src/modules/flight_mode_manager/CMakeFiles/modules__flight_mode_manager.dir/FlightTasks_generated.cpp.o[0m
[ 98%] [32mBuilding CXX object src/modules/flight_mode_manager/CMakeFiles/modules__flight_mode_manager.dir/FlightModeManager.cpp.o[0m
[ 98%] [32m[1mLinking CXX static library libsystemcmds__tests.a[0m
[ 98%] Built target systemcmds__tests
[ 98%] [32m[1mLinking CXX static library libmodules__mavlink.a[0m
[ 98%] Built target modules__mavlink
[ 98%] [32m[1mLinking CXX static library libmodules__flight_mode_manager.a[0m
[ 98%] Built target modules__flight_mode_manager
[ 98%] [32m[1mLinking CXX static library libmodules__ekf2.a[0m
[ 98%] Built target modules__ekf2
[ 98%] [32m[1mLinking CXX static library libmodules__simulation__gz_bridge.a[0m
[ 98%] Built target modules__simulation__gz_bridge
[ 98%] [32mBuilding CXX object platforms/posix/CMakeFiles/px4.dir/src/px4/common/main.cpp.o[0m
[ 98%] [32mBuilding CXX object platforms/posix/CMakeFiles/px4.dir/apps.cpp.o[0m
[ 98%] [32m[1mLinking CXX executable ../../bin/px4[0m
[ 98%] Built target px4
[ 98%] [32mBuilding CXX object src/examples/dyn_hello/CMakeFiles/examples__dyn_hello.dir/hello.cpp.o[0m
[100%] [32m[1mLinking CXX shared library examples__dyn_hello.px4mod[0m
[100%] Built target examples__dyn_hello
-- Install configuration: "Release"
-- Installing: /home/adamgb/phd/gazebo_ws/install/px4/share/ament_index/resource_index/package_run_dependencies/px4
-- Installing: /home/adamgb/phd/gazebo_ws/install/px4/share/ament_index/resource_index/parent_prefix_path/px4
-- Installing: /home/adamgb/phd/gazebo_ws/install/px4/share/px4/environment/ament_prefix_path.sh
-- Installing: /home/adamgb/phd/gazebo_ws/install/px4/share/px4/environment/ament_prefix_path.dsv
-- Installing: /home/adamgb/phd/gazebo_ws/install/px4/share/px4/environment/path.sh
-- Installing: /home/adamgb/phd/gazebo_ws/install/px4/share/px4/environment/path.dsv
-- Installing: /home/adamgb/phd/gazebo_ws/install/px4/share/px4/local_setup.bash
-- Installing: /home/adamgb/phd/gazebo_ws/install/px4/share/px4/local_setup.sh
-- Installing: /home/adamgb/phd/gazebo_ws/install/px4/share/px4/local_setup.zsh
-- Installing: /home/adamgb/phd/gazebo_ws/install/px4/share/px4/local_setup.dsv
-- Installing: /home/adamgb/phd/gazebo_ws/install/px4/share/px4/package.dsv
-- Installing: /home/adamgb/phd/gazebo_ws/install/px4/share/ament_index/resource_index/packages/px4
-- Installing: /home/adamgb/phd/gazebo_ws/install/px4/share/px4/cmake/px4Config.cmake
-- Installing: /home/adamgb/phd/gazebo_ws/install/px4/share/px4/cmake/px4Config-version.cmake
-- Installing: /home/adamgb/phd/gazebo_ws/install/px4/share/px4/package.xml
-- Installing: /home/adamgb/phd/gazebo_ws/install/px4/share/px4/etc
-- Installing: /home/adamgb/phd/gazebo_ws/install/px4/share/px4/etc/init.d-posix
-- Installing: /home/adamgb/phd/gazebo_ws/install/px4/share/px4/etc/init.d-posix/rc.replay
-- Installing: /home/adamgb/phd/gazebo_ws/install/px4/share/px4/etc/init.d-posix/airframes
-- Installing: /home/adamgb/phd/gazebo_ws/install/px4/share/px4/etc/init.d-posix/airframes/10017_jmavsim_iris
-- Installing: /home/adamgb/phd/gazebo_ws/install/px4/share/px4/etc/init.d-posix/airframes/51000_gz_rover_ackermann
-- Installing: /home/adamgb/phd/gazebo_ws/install/px4/share/px4/etc/init.d-posix/airframes/3011_jsbsim_hexarotor_x
-- Installing: /home/adamgb/phd/gazebo_ws/install/px4/share/px4/etc/init.d-posix/airframes/10040_sihsim_quadx
-- Installing: /home/adamgb/phd/gazebo_ws/install/px4/share/px4/etc/init.d-posix/airframes/10016_none_iris
-- Installing: /home/adamgb/phd/gazebo_ws/install/px4/share/px4/etc/init.d-posix/airframes/1036_jsbsim_malolo
-- Installing: /home/adamgb/phd/gazebo_ws/install/px4/share/px4/etc/init.d-posix/airframes/1013_gazebo-classic_iris_vision.post
-- Installing: /home/adamgb/phd/gazebo_ws/install/px4/share/px4/etc/init.d-posix/airframes/10015_gazebo-classic_iris
-- Installing: /home/adamgb/phd/gazebo_ws/install/px4/share/px4/etc/init.d-posix/airframes/1016_gazebo-classic_iris_downward_depth_camera
-- Installing: /home/adamgb/phd/gazebo_ws/install/px4/share/px4/etc/init.d-posix/airframes/1033_jsbsim_rascal
-- Installing: /home/adamgb/phd/gazebo_ws/install/px4/share/px4/etc/init.d-posix/airframes/52000_gz_rover_mecanum
-- Installing: /home/adamgb/phd/gazebo_ws/install/px4/share/px4/etc/init.d-posix/airframes/1042_gazebo-classic_tiltrotor
-- Installing: /home/adamgb/phd/gazebo_ws/install/px4/share/px4/etc/init.d-posix/airframes/1022_gazebo-classic_uuv_bluerov2_heavy
-- Installing: /home/adamgb/phd/gazebo_ws/install/px4/share/px4/etc/init.d-posix/airframes/4010_gz_x500_mono_cam
-- Installing: /home/adamgb/phd/gazebo_ws/install/px4/share/px4/etc/init.d-posix/airframes/10045_sihsim_rover_ackermann
-- Installing: /home/adamgb/phd/gazebo_ws/install/px4/share/px4/etc/init.d-posix/airframes/6011_gazebo-classic_typhoon_h480
-- Installing: /home/adamgb/phd/gazebo_ws/install/px4/share/px4/etc/init.d-posix/airframes/1037_gazebo-classic_believer
-- Installing: /home/adamgb/phd/gazebo_ws/install/px4/share/px4/etc/init.d-posix/airframes/8011_gz_omnicopter
-- Installing: /home/adamgb/phd/gazebo_ws/install/px4/share/px4/etc/init.d-posix/airframes/1010_gazebo-classic_iris_opt_flow.post
-- Installing: /home/adamgb/phd/gazebo_ws/install/px4/share/px4/etc/init.d-posix/airframes/4011_gz_lawnmower
-- Installing: /home/adamgb/phd/gazebo_ws/install/px4/share/px4/etc/init.d-posix/airframes/1032_gazebo-classic_plane_catapult
-- Installing: /home/adamgb/phd/gazebo_ws/install/px4/share/px4/etc/init.d-posix/airframes/17001_flightgear_tf-g1
-- Installing: /home/adamgb/phd/gazebo_ws/install/px4/share/px4/etc/init.d-posix/airframes/1040_gazebo-classic_standard_vtol
-- Installing: /home/adamgb/phd/gazebo_ws/install/px4/share/px4/etc/init.d-posix/airframes/6011_gazebo-classic_typhoon_h480.post
-- Installing: /home/adamgb/phd/gazebo_ws/install/px4/share/px4/etc/init.d-posix/airframes/4013_gz_x500_lidar_2d
-- Installing: /home/adamgb/phd/gazebo_ws/install/px4/share/px4/etc/init.d-posix/airframes/1013_gazebo-classic_iris_vision
-- Installing: /home/adamgb/phd/gazebo_ws/install/px4/share/px4/etc/init.d-posix/airframes/1034_flightgear_rascal-electric
-- Installing: /home/adamgb/phd/gazebo_ws/install/px4/share/px4/etc/init.d-posix/airframes/1031_gazebo-classic_plane_cam.post
-- Installing: /home/adamgb/phd/gazebo_ws/install/px4/share/px4/etc/init.d-posix/airframes/1010_gazebo-classic_iris_opt_flow
-- Installing: /home/adamgb/phd/gazebo_ws/install/px4/share/px4/etc/init.d-posix/airframes/4020_gz_tiltrotor
-- Installing: /home/adamgb/phd/gazebo_ws/install/px4/share/px4/etc/init.d-posix/airframes/50000_gz_rover_differential
-- Installing: /home/adamgb/phd/gazebo_ws/install/px4/share/px4/etc/init.d-posix/airframes/1031_gazebo-classic_plane_cam
-- Installing: /home/adamgb/phd/gazebo_ws/install/px4/share/px4/etc/init.d-posix/airframes/4005_gz_x500_vision
-- Installing: /home/adamgb/phd/gazebo_ws/install/px4/share/px4/etc/init.d-posix/airframes/4001_gz_x500
-- Installing: /home/adamgb/phd/gazebo_ws/install/px4/share/px4/etc/init.d-posix/airframes/4004_gz_standard_vtol
-- Installing: /home/adamgb/phd/gazebo_ws/install/px4/share/px4/etc/init.d-posix/airframes/1041_gazebo-classic_tailsitter
-- Installing: /home/adamgb/phd/gazebo_ws/install/px4/share/px4/etc/init.d-posix/airframes/1039_gazebo-classic_advanced_plane
-- Installing: /home/adamgb/phd/gazebo_ws/install/px4/share/px4/etc/init.d-posix/airframes/10044_sihsim_hex
-- Installing: /home/adamgb/phd/gazebo_ws/install/px4/share/px4/etc/init.d-posix/airframes/4014_gz_x500_mono_cam_down
-- Installing: /home/adamgb/phd/gazebo_ws/install/px4/share/px4/etc/init.d-posix/airframes/1035_gazebo-classic_techpod
-- Installing: /home/adamgb/phd/gazebo_ws/install/px4/share/px4/etc/init.d-posix/airframes/10043_sihsim_standard_vtol
-- Installing: /home/adamgb/phd/gazebo_ws/install/px4/share/px4/etc/init.d-posix/airframes/1011_gazebo-classic_iris_irlock
-- Installing: /home/adamgb/phd/gazebo_ws/install/px4/share/px4/etc/init.d-posix/airframes/2507_gazebo-classic_cloudship
-- Installing: /home/adamgb/phd/gazebo_ws/install/px4/share/px4/etc/init.d-posix/airframes/1044_gazebo-classic_plane_lidar
-- Installing: /home/adamgb/phd/gazebo_ws/install/px4/share/px4/etc/init.d-posix/airframes/4002_gz_x500_depth
-- Installing: /home/adamgb/phd/gazebo_ws/install/px4/share/px4/etc/init.d-posix/airframes/1043_gazebo-classic_standard_vtol_drop
-- Installing: /home/adamgb/phd/gazebo_ws/install/px4/share/px4/etc/init.d-posix/airframes/10041_sihsim_airplane
-- Installing: /home/adamgb/phd/gazebo_ws/install/px4/share/px4/etc/init.d-posix/airframes/4019_gz_x500_gimbal
-- Installing: /home/adamgb/phd/gazebo_ws/install/px4/share/px4/etc/init.d-posix/airframes/10019_gazebo-classic_omnicopter
-- Installing: /home/adamgb/phd/gazebo_ws/install/px4/share/px4/etc/init.d-posix/airframes/4008_gz_advanced_plane
-- Installing: /home/adamgb/phd/gazebo_ws/install/px4/share/px4/etc/init.d-posix/airframes/1038_gazebo-classic_glider
-- Installing: /home/adamgb/phd/gazebo_ws/install/px4/share/px4/etc/init.d-posix/airframes/70000_gz_atmos
-- Installing: /home/adamgb/phd/gazebo_ws/install/px4/share/px4/etc/init.d-posix/airframes/4009_gz_r1_rover
-- Installing: /home/adamgb/phd/gazebo_ws/install/px4/share/px4/etc/init.d-posix/airframes/10018_gazebo-classic_iris_foggy_lidar
-- Installing: /home/adamgb/phd/gazebo_ws/install/px4/share/px4/etc/init.d-posix/airframes/4017_gz_x500_lidar_front
-- Installing: /home/adamgb/phd/gazebo_ws/install/px4/share/px4/etc/init.d-posix/airframes/17002_flightgear_tf-g2
-- Installing: /home/adamgb/phd/gazebo_ws/install/px4/share/px4/etc/init.d-posix/airframes/1021_gazebo-classic_uuv_hippocampus
-- Installing: /home/adamgb/phd/gazebo_ws/install/px4/share/px4/etc/init.d-posix/airframes/1030_gazebo-classic_plane
-- Installing: /home/adamgb/phd/gazebo_ws/install/px4/share/px4/etc/init.d-posix/airframes/60002_gz_uuv_bluerov2_heavy
-- Installing: /home/adamgb/phd/gazebo_ws/install/px4/share/px4/etc/init.d-posix/airframes/4018_gz_quadtailsitter
-- Installing: /home/adamgb/phd/gazebo_ws/install/px4/share/px4/etc/init.d-posix/airframes/1019_gazebo-classic_iris_dual_gps
-- Installing: /home/adamgb/phd/gazebo_ws/install/px4/share/px4/etc/init.d-posix/airframes/4016_gz_x500_lidar_down
-- Installing: /home/adamgb/phd/gazebo_ws/install/px4/share/px4/etc/init.d-posix/airframes/4021_gz_x500_flow
-- Installing: /home/adamgb/phd/gazebo_ws/install/px4/share/px4/etc/init.d-posix/airframes/1017_gazebo-classic_iris_opt_flow_mockup
-- Installing: /home/adamgb/phd/gazebo_ws/install/px4/share/px4/etc/init.d-posix/airframes/4003_gz_rc_cessna
-- Installing: /home/adamgb/phd/gazebo_ws/install/px4/share/px4/etc/init.d-posix/airframes/3010_jsbsim_quadrotor_x
-- Installing: /home/adamgb/phd/gazebo_ws/install/px4/share/px4/etc/init.d-posix/airframes/1015_gazebo-classic_iris_depth_camera
-- Installing: /home/adamgb/phd/gazebo_ws/install/px4/share/px4/etc/init.d-posix/airframes/1070_gazebo-classic_boat
-- Installing: /home/adamgb/phd/gazebo_ws/install/px4/share/px4/etc/init.d-posix/airframes/1012_gazebo-classic_iris_rplidar
-- Installing: /home/adamgb/phd/gazebo_ws/install/px4/share/px4/etc/init.d-posix/airframes/1045_gazebo-classic_quadtailsitter
-- Installing: /home/adamgb/phd/gazebo_ws/install/px4/share/px4/etc/init.d-posix/airframes/4006_gz_px4vision
-- Installing: /home/adamgb/phd/gazebo_ws/install/px4/share/px4/etc/init.d-posix/airframes/10030_gazebo-classic_px4vision
-- Installing: /home/adamgb/phd/gazebo_ws/install/px4/share/px4/etc/init.d-posix/airframes/1062_flightgear_tf-r1
-- Installing: /home/adamgb/phd/gazebo_ws/install/px4/share/px4/etc/init.d-posix/airframes/10042_sihsim_xvert
-- Installing: /home/adamgb/phd/gazebo_ws/install/px4/share/px4/etc/init.d-posix/px4-rc.gzsim
-- Installing: /home/adamgb/phd/gazebo_ws/install/px4/share/px4/etc/init.d-posix/px4-rc.mavlink
-- Installing: /home/adamgb/phd/gazebo_ws/install/px4/share/px4/etc/init.d-posix/px4-rc.simulator
-- Installing: /home/adamgb/phd/gazebo_ws/install/px4/share/px4/etc/init.d-posix/rcS
-- Installing: /home/adamgb/phd/gazebo_ws/install/px4/share/px4/etc/init.d-posix/px4-rc.mavlinksim
-- Installing: /home/adamgb/phd/gazebo_ws/install/px4/share/px4/etc/init.d-posix/px4-rc.jmavsim
-- Installing: /home/adamgb/phd/gazebo_ws/install/px4/share/px4/etc/init.d-posix/px4-rc.sihsim
-- Installing: /home/adamgb/phd/gazebo_ws/install/px4/share/px4/etc/extras
-- Installing: /home/adamgb/phd/gazebo_ws/install/px4/share/px4/etc/extras/component_general.json.xz
-- Installing: /home/adamgb/phd/gazebo_ws/install/px4/share/px4/etc/extras/parameters.json.xz
-- Installing: /home/adamgb/phd/gazebo_ws/install/px4/share/px4/etc/extras/actuators.json.xz
-- Installing: /home/adamgb/phd/gazebo_ws/install/px4/share/px4/etc/extras/all_events.json.xz
-- Installing: /home/adamgb/phd/gazebo_ws/install/px4/share/px4/etc/init.d
-- Installing: /home/adamgb/phd/gazebo_ws/install/px4/share/px4/etc/init.d/rc.uuv_defaults
-- Installing: /home/adamgb/phd/gazebo_ws/install/px4/share/px4/etc/init.d/rc.serial
-- Installing: /home/adamgb/phd/gazebo_ws/install/px4/share/px4/etc/init.d/rc.airship_apps
-- Installing: /home/adamgb/phd/gazebo_ws/install/px4/share/px4/etc/init.d/rc.mc_apps
-- Installing: /home/adamgb/phd/gazebo_ws/install/px4/share/px4/etc/init.d/rc.balloon_apps
-- Installing: /home/adamgb/phd/gazebo_ws/install/px4/share/px4/etc/init.d/rc.rover_mecanum_defaults
-- Installing: /home/adamgb/phd/gazebo_ws/install/px4/share/px4/etc/init.d/airframes
-- Installing: /home/adamgb/phd/gazebo_ws/install/px4/share/px4/etc/init.d/airframes/4001_quad_x
-- Installing: /home/adamgb/phd/gazebo_ws/install/px4/share/px4/etc/init.d/airframes/1100_rc_quad_x_sih.hil
-- Installing: /home/adamgb/phd/gazebo_ws/install/px4/share/px4/etc/init.d/airframes/14001_generic_mc_with_tilt
-- Installing: /home/adamgb/phd/gazebo_ws/install/px4/share/px4/etc/init.d/airframes/4019_x500_v2
-- Installing: /home/adamgb/phd/gazebo_ws/install/px4/share/px4/etc/init.d/airframes/16001_helicopter
-- Installing: /home/adamgb/phd/gazebo_ws/install/px4/share/px4/etc/init.d/airframes/13200_generic_vtol_tailsitter
-- Installing: /home/adamgb/phd/gazebo_ws/install/px4/share/px4/etc/init.d/airframes/2106_albatross
-- Installing: /home/adamgb/phd/gazebo_ws/install/px4/share/px4/etc/init.d/airframes/12001_octo_cox
-- Installing: /home/adamgb/phd/gazebo_ws/install/px4/share/px4/etc/init.d/airframes/2100_standard_plane
-- Installing: /home/adamgb/phd/gazebo_ws/install/px4/share/px4/etc/init.d/airframes/4050_generic_250
-- Installing: /home/adamgb/phd/gazebo_ws/install/px4/share/px4/etc/init.d/airframes/52000_generic_rover_mecanum
-- Installing: /home/adamgb/phd/gazebo_ws/install/px4/share/px4/etc/init.d/airframes/4053_holybro_kopis2
-- Installing: /home/adamgb/phd/gazebo_ws/install/px4/share/px4/etc/init.d/airframes/1002_standard_vtol.hil
-- Installing: /home/adamgb/phd/gazebo_ws/install/px4/share/px4/etc/init.d/airframes/4041_beta75x
-- Installing: /home/adamgb/phd/gazebo_ws/install/px4/share/px4/etc/init.d/airframes/17003_TF-G2
-- Installing: /home/adamgb/phd/gazebo_ws/install/px4/share/px4/etc/init.d/airframes/4061_atl_mantis_edu
-- Installing: /home/adamgb/phd/gazebo_ws/install/px4/share/px4/etc/init.d/airframes/51002_nxp_b3rb
-- Installing: /home/adamgb/phd/gazebo_ws/install/px4/share/px4/etc/init.d/airframes/3000_generic_wing
-- Installing: /home/adamgb/phd/gazebo_ws/install/px4/share/px4/etc/init.d/airframes/51001_axial_scx10_2_trail_honcho
-- Installing: /home/adamgb/phd/gazebo_ws/install/px4/share/px4/etc/init.d/airframes/60002_uuv_bluerov2_heavy
-- Installing: /home/adamgb/phd/gazebo_ws/install/px4/share/px4/etc/init.d/airframes/1103_standard_vtol_sih.hil
-- Installing: /home/adamgb/phd/gazebo_ws/install/px4/share/px4/etc/init.d/airframes/13000_generic_vtol_standard
-- Installing: /home/adamgb/phd/gazebo_ws/install/px4/share/px4/etc/init.d/airframes/60000_uuv_generic
-- Installing: /home/adamgb/phd/gazebo_ws/install/px4/share/px4/etc/init.d/airframes/1104_standard_ackermann_sih.hil
-- Installing: /home/adamgb/phd/gazebo_ws/install/px4/share/px4/etc/init.d/airframes/51000_generic_rover_ackermann
-- Installing: /home/adamgb/phd/gazebo_ws/install/px4/share/px4/etc/init.d/airframes/1102_tailsitter_duo_sih.hil
-- Installing: /home/adamgb/phd/gazebo_ws/install/px4/share/px4/etc/init.d/airframes/5001_quad_+
-- Installing: /home/adamgb/phd/gazebo_ws/install/px4/share/px4/etc/init.d/airframes/18001_TF-B1
-- Installing: /home/adamgb/phd/gazebo_ws/install/px4/share/px4/etc/init.d/airframes/4601_droneblocks_dexi_5
-- Installing: /home/adamgb/phd/gazebo_ws/install/px4/share/px4/etc/init.d/airframes/6002_draco_r
-- Installing: /home/adamgb/phd/gazebo_ws/install/px4/share/px4/etc/init.d/airframes/8001_octo_x
-- Installing: /home/adamgb/phd/gazebo_ws/install/px4/share/px4/etc/init.d/airframes/17002_TF-AutoG2
-- Installing: /home/adamgb/phd/gazebo_ws/install/px4/share/px4/etc/init.d/airframes/7001_hexa_+
-- Installing: /home/adamgb/phd/gazebo_ws/install/px4/share/px4/etc/init.d/airframes/4901_crazyflie21
-- Installing: /home/adamgb/phd/gazebo_ws/install/px4/share/px4/etc/init.d/airframes/4052_holybro_qav250
-- Installing: /home/adamgb/phd/gazebo_ws/install/px4/share/px4/etc/init.d/airframes/11001_hexa_cox
-- Installing: /home/adamgb/phd/gazebo_ws/install/px4/share/px4/etc/init.d/airframes/24001_dodeca_cox
-- Installing: /home/adamgb/phd/gazebo_ws/install/px4/share/px4/etc/init.d/airframes/4020_holybro_px4vision_v1_5
-- Installing: /home/adamgb/phd/gazebo_ws/install/px4/share/px4/etc/init.d/airframes/1101_rc_plane_sih.hil
-- Installing: /home/adamgb/phd/gazebo_ws/install/px4/share/px4/etc/init.d/airframes/9001_octo_+
-- Installing: /home/adamgb/phd/gazebo_ws/install/px4/share/px4/etc/init.d/airframes/4015_holybro_s500
-- Installing: /home/adamgb/phd/gazebo_ws/install/px4/share/px4/etc/init.d/airframes/50001_aion_robotics_r1_rover
-- Installing: /home/adamgb/phd/gazebo_ws/install/px4/share/px4/etc/init.d/airframes/50000_generic_rover_differential
-- Installing: /home/adamgb/phd/gazebo_ws/install/px4/share/px4/etc/init.d/airframes/4017_nxp_hovergames
-- Installing: /home/adamgb/phd/gazebo_ws/install/px4/share/px4/etc/init.d/airframes/4500_clover4
-- Installing: /home/adamgb/phd/gazebo_ws/install/px4/share/px4/etc/init.d/airframes/4073_ifo-s
-- Installing: /home/adamgb/phd/gazebo_ws/install/px4/share/px4/etc/init.d/airframes/1001_rc_quad_x.hil
-- Installing: /home/adamgb/phd/gazebo_ws/install/px4/share/px4/etc/init.d/airframes/4016_holybro_px4vision
-- Installing: /home/adamgb/phd/gazebo_ws/install/px4/share/px4/etc/init.d/airframes/4071_ifo
-- Installing: /home/adamgb/phd/gazebo_ws/install/px4/share/px4/etc/init.d/airframes/13030_generic_vtol_quad_tiltrotor
-- Installing: /home/adamgb/phd/gazebo_ws/install/px4/share/px4/etc/init.d/airframes/13100_generic_vtol_tiltrotor
-- Installing: /home/adamgb/phd/gazebo_ws/install/px4/share/px4/etc/init.d/airframes/60001_uuv_hippocampus
-- Installing: /home/adamgb/phd/gazebo_ws/install/px4/share/px4/etc/init.d/airframes/6001_hexa_x
-- Installing: /home/adamgb/phd/gazebo_ws/install/px4/share/px4/etc/init.d/airframes/2507_cloudship
-- Installing: /home/adamgb/phd/gazebo_ws/install/px4/share/px4/etc/init.d/airframes/4014_s500
-- Installing: /home/adamgb/phd/gazebo_ws/install/px4/share/px4/etc/init.d/rc.sensors
-- Installing: /home/adamgb/phd/gazebo_ws/install/px4/share/px4/etc/init.d/rc.vtol_defaults
-- Installing: /home/adamgb/phd/gazebo_ws/install/px4/share/px4/etc/init.d/rc.thermal_cal
-- Installing: /home/adamgb/phd/gazebo_ws/install/px4/share/px4/etc/init.d/rc.rover_ackermann_defaults
-- Installing: /home/adamgb/phd/gazebo_ws/install/px4/share/px4/etc/init.d/rc.rover_differential_apps
-- Installing: /home/adamgb/phd/gazebo_ws/install/px4/share/px4/etc/init.d/rc.rover_differential_defaults
-- Installing: /home/adamgb/phd/gazebo_ws/install/px4/share/px4/etc/init.d/rc.mc_defaults
-- Installing: /home/adamgb/phd/gazebo_ws/install/px4/share/px4/etc/init.d/rc.sysinit
-- Installing: /home/adamgb/phd/gazebo_ws/install/px4/share/px4/etc/init.d/rc.autostart.post
-- Installing: /home/adamgb/phd/gazebo_ws/install/px4/share/px4/etc/init.d/rc.filepaths
-- Installing: /home/adamgb/phd/gazebo_ws/install/px4/share/px4/etc/init.d/rc.autostart_ext
-- Installing: /home/adamgb/phd/gazebo_ws/install/px4/share/px4/etc/init.d/rcS
-- Installing: /home/adamgb/phd/gazebo_ws/install/px4/share/px4/etc/init.d/rc.autostart
-- Installing: /home/adamgb/phd/gazebo_ws/install/px4/share/px4/etc/init.d/rc.fw_defaults
-- Installing: /home/adamgb/phd/gazebo_ws/install/px4/share/px4/etc/init.d/rc.uuv_apps
-- Installing: /home/adamgb/phd/gazebo_ws/install/px4/share/px4/etc/init.d/rc.balloon_defaults
-- Installing: /home/adamgb/phd/gazebo_ws/install/px4/share/px4/etc/init.d/rc.rover_ackermann_apps
-- Installing: /home/adamgb/phd/gazebo_ws/install/px4/share/px4/etc/init.d/rc.vtol_apps
-- Installing: /home/adamgb/phd/gazebo_ws/install/px4/share/px4/etc/init.d/rc.airship_defaults
-- Installing: /home/adamgb/phd/gazebo_ws/install/px4/share/px4/etc/init.d/rc.logging
-- Installing: /home/adamgb/phd/gazebo_ws/install/px4/share/px4/etc/init.d/rc.fw_apps
-- Installing: /home/adamgb/phd/gazebo_ws/install/px4/share/px4/etc/init.d/rc.vehicle_setup
-- Installing: /home/adamgb/phd/gazebo_ws/install/px4/share/px4/etc/init.d/rc.rover_mecanum_apps
-- Installing: /home/adamgb/phd/gazebo_ws/install/px4/share/px4/etc/init.d/rc.heli_defaults
-- Installing: /home/adamgb/phd/gazebo_ws/install/px4/lib/px4
-- Installing: /home/adamgb/phd/gazebo_ws/install/px4/lib/px4/px4-rover_mecanum
-- Installing: /home/adamgb/phd/gazebo_ws/install/px4/lib/px4/px4-rover_differential
-- Installing: /home/adamgb/phd/gazebo_ws/install/px4/lib/px4/px4-airship_att_control
-- Installing: /home/adamgb/phd/gazebo_ws/install/px4/lib/px4/px4-tests
-- Installing: /home/adamgb/phd/gazebo_ws/install/px4/lib/px4/px4-hello
-- Installing: /home/adamgb/phd/gazebo_ws/install/px4/lib/px4/px4-airspeed_selector
-- Installing: /home/adamgb/phd/gazebo_ws/install/px4/lib/px4/px4-failure
-- Installing: /home/adamgb/phd/gazebo_ws/install/px4/lib/px4/px4-fw_autotune_attitude_control
-- Installing: /home/adamgb/phd/gazebo_ws/install/px4/lib/px4/px4-flight_mode_manager
-- Installing: /home/adamgb/phd/gazebo_ws/install/px4/lib/px4/px4-gyro_calibration
-- Installing: /home/adamgb/phd/gazebo_ws/install/px4/lib/px4/px4-dataman
-- Installing: /home/adamgb/phd/gazebo_ws/install/px4/lib/px4/px4-sensors
-- Installing: /home/adamgb/phd/gazebo_ws/install/px4/lib/px4/px4-fake_gps
-- Installing: /home/adamgb/phd/gazebo_ws/install/px4/lib/px4/px4-sd_bench
-- Installing: /home/adamgb/phd/gazebo_ws/install/px4/lib/px4/px4-mc_hover_thrust_estimator
-- Installing: /home/adamgb/phd/gazebo_ws/install/px4/lib/px4/px4-battery_simulator
-- Installing: /home/adamgb/phd/gazebo_ws/install/px4/lib/px4/px4-vtol_att_control
-- Installing: /home/adamgb/phd/gazebo_ws/install/px4/lib/px4/px4-mag_bias_estimator
-- Installing: /home/adamgb/phd/gazebo_ws/install/px4/lib/px4/px4-mc_pos_control
-- Installing: /home/adamgb/phd/gazebo_ws/install/px4/lib/px4/px4-sensor_mag_sim
-- Installing: /home/adamgb/phd/gazebo_ws/install/px4/lib/px4/px4-camera_trigger
-- Installing: /home/adamgb/phd/gazebo_ws/install/px4/lib/px4/px4-uuv_pos_control
-- Installing: /home/adamgb/phd/gazebo_ws/install/px4/lib/px4/px4-sensor_airspeed_sim
-- Installing: /home/adamgb/phd/gazebo_ws/install/px4/lib/px4/px4-work_item_example
-- Installing: /home/adamgb/phd/gazebo_ws/install/px4/lib/px4/px4-work_queue
-- Installing: /home/adamgb/phd/gazebo_ws/install/px4/lib/px4/px4-rc_update
-- Installing: /home/adamgb/phd/gazebo_ws/install/px4/lib/px4/px4-landing_target_estimator
-- Installing: /home/adamgb/phd/gazebo_ws/install/px4/lib/px4/px4-navigator
-- Installing: /home/adamgb/phd/gazebo_ws/install/px4/lib/px4/px4-actuator_test
-- Installing: /home/adamgb/phd/gazebo_ws/install/px4/lib/px4/px4-land_detector
-- Installing: /home/adamgb/phd/gazebo_ws/install/px4/lib/px4/px4-msp_osd
-- Installing: /home/adamgb/phd/gazebo_ws/install/px4/lib/px4/px4-px4_mavlink_debug
-- Installing: /home/adamgb/phd/gazebo_ws/install/px4/lib/px4/px4-load_mon
-- Installing: /home/adamgb/phd/gazebo_ws/install/px4/lib/px4/px4-controllib_test
-- Installing: /home/adamgb/phd/gazebo_ws/install/px4/lib/px4/px4-rc_tests
-- Installing: /home/adamgb/phd/gazebo_ws/install/px4/lib/px4/px4-send_event
-- Installing: /home/adamgb/phd/gazebo_ws/install/px4/lib/px4/px4-led_control
-- Installing: /home/adamgb/phd/gazebo_ws/install/px4/lib/px4/px4-temperature_compensation
-- Installing: /home/adamgb/phd/gazebo_ws/install/px4/lib/px4/px4-fw_lat_lon_control
-- Installing: /home/adamgb/phd/gazebo_ws/install/px4/lib/px4/px4-wqueue_test
-- Installing: /home/adamgb/phd/gazebo_ws/install/px4/lib/px4/px4-logger
-- Installing: /home/adamgb/phd/gazebo_ws/install/px4/lib/px4/px4-septentrio
-- Installing: /home/adamgb/phd/gazebo_ws/install/px4/lib/px4/px4-tune_control
-- Installing: /home/adamgb/phd/gazebo_ws/install/px4/lib/px4/px4-cdev_test
-- Installing: /home/adamgb/phd/gazebo_ws/install/px4/lib/px4/px4-commander
-- Installing: /home/adamgb/phd/gazebo_ws/install/px4/lib/px4/px4-tone_alarm
-- Installing: /home/adamgb/phd/gazebo_ws/install/px4/lib/px4/px4-fake_imu
-- Installing: /home/adamgb/phd/gazebo_ws/install/px4/lib/px4/px4-simulator_sih
-- Installing: /home/adamgb/phd/gazebo_ws/install/px4/lib/px4/px4-sensor_baro_sim
-- Installing: /home/adamgb/phd/gazebo_ws/install/px4/lib/px4/px4-camera_feedback
-- Installing: /home/adamgb/phd/gazebo_ws/install/px4/lib/px4/px4
-- Installing: /home/adamgb/phd/gazebo_ws/install/px4/lib/px4/px4-system_time
-- Installing: /home/adamgb/phd/gazebo_ws/install/px4/lib/px4/px4-replay
-- Installing: /home/adamgb/phd/gazebo_ws/install/px4/lib/px4/px4-gyro_fft
-- Installing: /home/adamgb/phd/gazebo_ws/install/px4/lib/px4/px4-pwm_out_sim
-- Installing: /home/adamgb/phd/gazebo_ws/install/px4/lib/px4/px4-gimbal
-- Installing: /home/adamgb/phd/gazebo_ws/install/px4/lib/px4/px4-uorb_tests
-- Installing: /home/adamgb/phd/gazebo_ws/install/px4/lib/px4/px4-fw_mode_manager
-- Installing: /home/adamgb/phd/gazebo_ws/install/px4/lib/px4/px4-fw_att_control
-- Installing: /home/adamgb/phd/gazebo_ws/install/px4/lib/px4/px4-perf
-- Installing: /home/adamgb/phd/gazebo_ws/install/px4/lib/px4/px4-px4_simple_app
-- Installing: /home/adamgb/phd/gazebo_ws/install/px4/lib/px4/px4-local_position_estimator
-- Installing: /home/adamgb/phd/gazebo_ws/install/px4/lib/px4/px4-gps
-- Installing: /home/adamgb/phd/gazebo_ws/install/px4/lib/px4/px4-sensor_gps_sim
-- Installing: /home/adamgb/phd/gazebo_ws/install/px4/lib/px4/px4-shutdown
-- Installing: /home/adamgb/phd/gazebo_ws/install/px4/lib/px4/px4-payload_deliverer
-- Installing: /home/adamgb/phd/gazebo_ws/install/px4/lib/px4/px4-system_power_simulator
-- Installing: /home/adamgb/phd/gazebo_ws/install/px4/lib/px4/px4-dyn
-- Installing: /home/adamgb/phd/gazebo_ws/install/px4/lib/px4/px4-attitude_estimator_q
-- Installing: /home/adamgb/phd/gazebo_ws/install/px4/lib/px4/px4-listener
-- Installing: /home/adamgb/phd/gazebo_ws/install/px4/lib/px4/px4-fw_rate_control
-- Installing: /home/adamgb/phd/gazebo_ws/install/px4/lib/px4/px4-rover_ackermann
-- Installing: /home/adamgb/phd/gazebo_ws/install/px4/lib/px4/px4-ekf2
-- Installing: /home/adamgb/phd/gazebo_ws/install/px4/lib/px4/px4-uorb
-- Installing: /home/adamgb/phd/gazebo_ws/install/px4/lib/px4/px4-mavlink
-- Installing: /home/adamgb/phd/gazebo_ws/install/px4/lib/px4/px4-fake_magnetometer
-- Installing: /home/adamgb/phd/gazebo_ws/install/px4/lib/px4/px4-alias.sh
-- Installing: /home/adamgb/phd/gazebo_ws/install/px4/lib/px4/px4-mc_att_control
-- Installing: /home/adamgb/phd/gazebo_ws/install/px4/lib/px4/px4-uuv_att_control
-- Installing: /home/adamgb/phd/gazebo_ws/install/px4/lib/px4/px4-uxrce_dds_client
-- Installing: /home/adamgb/phd/gazebo_ws/install/px4/lib/px4/px4-sensor_agp_sim
-- Installing: /home/adamgb/phd/gazebo_ws/install/px4/lib/px4/px4-bsondump
-- Installing: /home/adamgb/phd/gazebo_ws/install/px4/lib/px4/px4-ver
-- Installing: /home/adamgb/phd/gazebo_ws/install/px4/lib/px4/px4-gz_bridge
-- Installing: /home/adamgb/phd/gazebo_ws/install/px4/lib/px4/px4-mc_autotune_attitude_control
-- Installing: /home/adamgb/phd/gazebo_ws/install/px4/lib/px4/px4-hrt_test
-- Installing: /home/adamgb/phd/gazebo_ws/install/px4/lib/px4/px4-control_allocator
-- Installing: /home/adamgb/phd/gazebo_ws/install/px4/lib/px4/px4-manual_control
-- Installing: /home/adamgb/phd/gazebo_ws/install/px4/lib/px4/px4-param
-- Installing: /home/adamgb/phd/gazebo_ws/install/px4/lib/px4/px4-mc_rate_control
-- Installing: /home/adamgb/phd/gazebo_ws/install/px4/lib/px4/px4-simulator_mavlink
-- Installing: /home/adamgb/phd/gazebo_ws/install/px4/share/px4/Tools/simulation/gz/models
-- Installing: /home/adamgb/phd/gazebo_ws/install/px4/share/px4/Tools/simulation/gz/models/x500_vision
-- Installing: /home/adamgb/phd/gazebo_ws/install/px4/share/px4/Tools/simulation/gz/models/x500_vision/model.sdf
-- Installing: /home/adamgb/phd/gazebo_ws/install/px4/share/px4/Tools/simulation/gz/models/x500_vision/model.config
-- Installing: /home/adamgb/phd/gazebo_ws/install/px4/share/px4/Tools/simulation/gz/models/px4vision
-- Installing: /home/adamgb/phd/gazebo_ws/install/px4/share/px4/Tools/simulation/gz/models/px4vision/model.sdf
-- Installing: /home/adamgb/phd/gazebo_ws/install/px4/share/px4/Tools/simulation/gz/models/px4vision/thumbnails
-- Installing: /home/adamgb/phd/gazebo_ws/install/px4/share/px4/Tools/simulation/gz/models/px4vision/thumbnails/px4_vision_top.png
-- Installing: /home/adamgb/phd/gazebo_ws/install/px4/share/px4/Tools/simulation/gz/models/px4vision/thumbnails/px4vision_diagonal.png
-- Installing: /home/adamgb/phd/gazebo_ws/install/px4/share/px4/Tools/simulation/gz/models/px4vision/thumbnails/px4_vision_front.png
-- Installing: /home/adamgb/phd/gazebo_ws/install/px4/share/px4/Tools/simulation/gz/models/px4vision/meshes
-- Installing: /home/adamgb/phd/gazebo_ws/install/px4/share/px4/Tools/simulation/gz/models/px4vision/meshes/body.dae
-- Installing: /home/adamgb/phd/gazebo_ws/install/px4/share/px4/Tools/simulation/gz/models/px4vision/meshes/iris_prop_ccw.dae
-- Installing: /home/adamgb/phd/gazebo_ws/install/px4/share/px4/Tools/simulation/gz/models/px4vision/meshes/iris_prop_cw.dae
-- Installing: /home/adamgb/phd/gazebo_ws/install/px4/share/px4/Tools/simulation/gz/models/px4vision/model.config
-- Installing: /home/adamgb/phd/gazebo_ws/install/px4/share/px4/Tools/simulation/gz/models/rc_cessna
-- Installing: /home/adamgb/phd/gazebo_ws/install/px4/share/px4/Tools/simulation/gz/models/rc_cessna/model.sdf
-- Installing: /home/adamgb/phd/gazebo_ws/install/px4/share/px4/Tools/simulation/gz/models/rc_cessna/meshes
-- Installing: /home/adamgb/phd/gazebo_ws/install/px4/share/px4/Tools/simulation/gz/models/rc_cessna/meshes/propeller_cw.dae
-- Installing: /home/adamgb/phd/gazebo_ws/install/px4/share/px4/Tools/simulation/gz/models/rc_cessna/meshes/right_flap.dae
-- Installing: /home/adamgb/phd/gazebo_ws/install/px4/share/px4/Tools/simulation/gz/models/rc_cessna/meshes/body.dae
-- Installing: /home/adamgb/phd/gazebo_ws/install/px4/share/px4/Tools/simulation/gz/models/rc_cessna/meshes/left_flap.dae
-- Installing: /home/adamgb/phd/gazebo_ws/install/px4/share/px4/Tools/simulation/gz/models/rc_cessna/meshes/elevators.dae
-- Installing: /home/adamgb/phd/gazebo_ws/install/px4/share/px4/Tools/simulation/gz/models/rc_cessna/meshes/propeller_ccw.dae
-- Installing: /home/adamgb/phd/gazebo_ws/install/px4/share/px4/Tools/simulation/gz/models/rc_cessna/meshes/rudder.dae
-- Installing: /home/adamgb/phd/gazebo_ws/install/px4/share/px4/Tools/simulation/gz/models/rc_cessna/meshes/iris_prop_ccw.dae
-- Installing: /home/adamgb/phd/gazebo_ws/install/px4/share/px4/Tools/simulation/gz/models/rc_cessna/meshes/right_aileron.dae
-- Installing: /home/adamgb/phd/gazebo_ws/install/px4/share/px4/Tools/simulation/gz/models/rc_cessna/meshes/left_aileron.dae
-- Installing: /home/adamgb/phd/gazebo_ws/install/px4/share/px4/Tools/simulation/gz/models/rc_cessna/meshes/iris_prop_cw.dae
-- Installing: /home/adamgb/phd/gazebo_ws/install/px4/share/px4/Tools/simulation/gz/models/rc_cessna/model.config
-- Installing: /home/adamgb/phd/gazebo_ws/install/px4/share/px4/Tools/simulation/gz/models/standard_vtol
-- Installing: /home/adamgb/phd/gazebo_ws/install/px4/share/px4/Tools/simulation/gz/models/standard_vtol/model.sdf
-- Installing: /home/adamgb/phd/gazebo_ws/install/px4/share/px4/Tools/simulation/gz/models/standard_vtol/meshes
-- Installing: /home/adamgb/phd/gazebo_ws/install/px4/share/px4/Tools/simulation/gz/models/standard_vtol/meshes/x8_elevon_right.dae
-- Installing: /home/adamgb/phd/gazebo_ws/install/px4/share/px4/Tools/simulation/gz/models/standard_vtol/meshes/x8_wing.dae
-- Installing: /home/adamgb/phd/gazebo_ws/install/px4/share/px4/Tools/simulation/gz/models/standard_vtol/meshes/x8_elevon_left.dae
-- Installing: /home/adamgb/phd/gazebo_ws/install/px4/share/px4/Tools/simulation/gz/models/standard_vtol/meshes/iris_prop_ccw.dae
-- Installing: /home/adamgb/phd/gazebo_ws/install/px4/share/px4/Tools/simulation/gz/models/standard_vtol/meshes/iris_prop_cw.dae
-- Installing: /home/adamgb/phd/gazebo_ws/install/px4/share/px4/Tools/simulation/gz/models/standard_vtol/model.config
-- Installing: /home/adamgb/phd/gazebo_ws/install/px4/share/px4/Tools/simulation/gz/models/arucotag
-- Installing: /home/adamgb/phd/gazebo_ws/install/px4/share/px4/Tools/simulation/gz/models/arucotag/arucotag.png
-- Installing: /home/adamgb/phd/gazebo_ws/install/px4/share/px4/Tools/simulation/gz/models/arucotag/model.sdf
-- Installing: /home/adamgb/phd/gazebo_ws/install/px4/share/px4/Tools/simulation/gz/models/arucotag/model.config
-- Installing: /home/adamgb/phd/gazebo_ws/install/px4/share/px4/Tools/simulation/gz/models/x500_lidar_down
-- Installing: /home/adamgb/phd/gazebo_ws/install/px4/share/px4/Tools/simulation/gz/models/x500_lidar_down/model.sdf
-- Installing: /home/adamgb/phd/gazebo_ws/install/px4/share/px4/Tools/simulation/gz/models/x500_lidar_down/model.config
-- Installing: /home/adamgb/phd/gazebo_ws/install/px4/share/px4/Tools/simulation/gz/models/x500_lidar_2d
-- Installing: /home/adamgb/phd/gazebo_ws/install/px4/share/px4/Tools/simulation/gz/models/x500_lidar_2d/model.sdf
-- Installing: /home/adamgb/phd/gazebo_ws/install/px4/share/px4/Tools/simulation/gz/models/x500_lidar_2d/model.config
-- Installing: /home/adamgb/phd/gazebo_ws/install/px4/share/px4/Tools/simulation/gz/models/rover_ackermann
-- Installing: /home/adamgb/phd/gazebo_ws/install/px4/share/px4/Tools/simulation/gz/models/rover_ackermann/model.sdf
-- Installing: /home/adamgb/phd/gazebo_ws/install/px4/share/px4/Tools/simulation/gz/models/rover_ackermann/meshes
-- Installing: /home/adamgb/phd/gazebo_ws/install/px4/share/px4/Tools/simulation/gz/models/rover_ackermann/meshes/rover_ackermann_base.dae
-- Installing: /home/adamgb/phd/gazebo_ws/install/px4/share/px4/Tools/simulation/gz/models/rover_ackermann/meshes/rover_ackermann_wheel.dae
-- Installing: /home/adamgb/phd/gazebo_ws/install/px4/share/px4/Tools/simulation/gz/models/rover_ackermann/model.config
-- Installing: /home/adamgb/phd/gazebo_ws/install/px4/share/px4/Tools/simulation/gz/models/airspeed
-- Installing: /home/adamgb/phd/gazebo_ws/install/px4/share/px4/Tools/simulation/gz/models/airspeed/model.sdf
-- Installing: /home/adamgb/phd/gazebo_ws/install/px4/share/px4/Tools/simulation/gz/models/airspeed/model.config
-- Installing: /home/adamgb/phd/gazebo_ws/install/px4/share/px4/Tools/simulation/gz/models/lidar_2d_v2
-- Installing: /home/adamgb/phd/gazebo_ws/install/px4/share/px4/Tools/simulation/gz/models/lidar_2d_v2/model.sdf
-- Installing: /home/adamgb/phd/gazebo_ws/install/px4/share/px4/Tools/simulation/gz/models/lidar_2d_v2/thumbnails
-- Installing: /home/adamgb/phd/gazebo_ws/install/px4/share/px4/Tools/simulation/gz/models/lidar_2d_v2/thumbnails/5.jpg
-- Installing: /home/adamgb/phd/gazebo_ws/install/px4/share/px4/Tools/simulation/gz/models/lidar_2d_v2/thumbnails/2.jpg
-- Installing: /home/adamgb/phd/gazebo_ws/install/px4/share/px4/Tools/simulation/gz/models/lidar_2d_v2/thumbnails/4.jpg
-- Installing: /home/adamgb/phd/gazebo_ws/install/px4/share/px4/Tools/simulation/gz/models/lidar_2d_v2/thumbnails/1.jpg
-- Installing: /home/adamgb/phd/gazebo_ws/install/px4/share/px4/Tools/simulation/gz/models/lidar_2d_v2/thumbnails/3.jpg
-- Installing: /home/adamgb/phd/gazebo_ws/install/px4/share/px4/Tools/simulation/gz/models/lidar_2d_v2/meshes
-- Installing: /home/adamgb/phd/gazebo_ws/install/px4/share/px4/Tools/simulation/gz/models/lidar_2d_v2/meshes/lidar_2d_v2.jpg
-- Installing: /home/adamgb/phd/gazebo_ws/install/px4/share/px4/Tools/simulation/gz/models/lidar_2d_v2/meshes/lidar_2d_v2.dae
-- Installing: /home/adamgb/phd/gazebo_ws/install/px4/share/px4/Tools/simulation/gz/models/lidar_2d_v2/model.config
-- Installing: /home/adamgb/phd/gazebo_ws/install/px4/share/px4/Tools/simulation/gz/models/rover_differential
-- Installing: /home/adamgb/phd/gazebo_ws/install/px4/share/px4/Tools/simulation/gz/models/rover_differential/model.sdf
-- Installing: /home/adamgb/phd/gazebo_ws/install/px4/share/px4/Tools/simulation/gz/models/rover_differential/meshes
-- Installing: /home/adamgb/phd/gazebo_ws/install/px4/share/px4/Tools/simulation/gz/models/rover_differential/meshes/rover_differential_wheel.dae
-- Installing: /home/adamgb/phd/gazebo_ws/install/px4/share/px4/Tools/simulation/gz/models/rover_differential/meshes/rover_differential_base.dae
-- Installing: /home/adamgb/phd/gazebo_ws/install/px4/share/px4/Tools/simulation/gz/models/rover_differential/model.config
-- Installing: /home/adamgb/phd/gazebo_ws/install/px4/share/px4/Tools/simulation/gz/models/x500_mono_cam
-- Installing: /home/adamgb/phd/gazebo_ws/install/px4/share/px4/Tools/simulation/gz/models/x500_mono_cam/model.sdf
-- Installing: /home/adamgb/phd/gazebo_ws/install/px4/share/px4/Tools/simulation/gz/models/x500_mono_cam/model.config
-- Installing: /home/adamgb/phd/gazebo_ws/install/px4/share/px4/Tools/simulation/gz/models/x500_gimbal
-- Installing: /home/adamgb/phd/gazebo_ws/install/px4/share/px4/Tools/simulation/gz/models/x500_gimbal/model.sdf
-- Installing: /home/adamgb/phd/gazebo_ws/install/px4/share/px4/Tools/simulation/gz/models/x500_gimbal/model.config
-- Installing: /home/adamgb/phd/gazebo_ws/install/px4/share/px4/Tools/simulation/gz/models/rover_mecanum
-- Installing: /home/adamgb/phd/gazebo_ws/install/px4/share/px4/Tools/simulation/gz/models/rover_mecanum/model.sdf
-- Installing: /home/adamgb/phd/gazebo_ws/install/px4/share/px4/Tools/simulation/gz/models/rover_mecanum/meshes
-- Installing: /home/adamgb/phd/gazebo_ws/install/px4/share/px4/Tools/simulation/gz/models/rover_mecanum/meshes/rover_mec_base.dae
-- Installing: /home/adamgb/phd/gazebo_ws/install/px4/share/px4/Tools/simulation/gz/models/rover_mecanum/model.config
-- Installing: /home/adamgb/phd/gazebo_ws/install/px4/share/px4/Tools/simulation/gz/models/advanced_plane
-- Installing: /home/adamgb/phd/gazebo_ws/install/px4/share/px4/Tools/simulation/gz/models/advanced_plane/model.sdf
-- Installing: /home/adamgb/phd/gazebo_ws/install/px4/share/px4/Tools/simulation/gz/models/advanced_plane/model.config
-- Installing: /home/adamgb/phd/gazebo_ws/install/px4/share/px4/Tools/simulation/gz/models/mono_cam
-- Installing: /home/adamgb/phd/gazebo_ws/install/px4/share/px4/Tools/simulation/gz/models/mono_cam/model.sdf
-- Installing: /home/adamgb/phd/gazebo_ws/install/px4/share/px4/Tools/simulation/gz/models/mono_cam/model.config
-- Installing: /home/adamgb/phd/gazebo_ws/install/px4/share/px4/Tools/simulation/gz/models/x500_mono_cam_down
-- Installing: /home/adamgb/phd/gazebo_ws/install/px4/share/px4/Tools/simulation/gz/models/x500_mono_cam_down/model.sdf
-- Installing: /home/adamgb/phd/gazebo_ws/install/px4/share/px4/Tools/simulation/gz/models/x500_mono_cam_down/model.config
-- Installing: /home/adamgb/phd/gazebo_ws/install/px4/share/px4/Tools/simulation/gz/models/lawnmower
-- Installing: /home/adamgb/phd/gazebo_ws/install/px4/share/px4/Tools/simulation/gz/models/lawnmower/model.sdf
-- Installing: /home/adamgb/phd/gazebo_ws/install/px4/share/px4/Tools/simulation/gz/models/lawnmower/meshes
-- Installing: /home/adamgb/phd/gazebo_ws/install/px4/share/px4/Tools/simulation/gz/models/lawnmower/meshes/wheel_link.STL
-- Installing: /home/adamgb/phd/gazebo_ws/install/px4/share/px4/Tools/simulation/gz/models/lawnmower/model.config
-- Installing: /home/adamgb/phd/gazebo_ws/install/px4/share/px4/Tools/simulation/gz/models/x500_depth
-- Installing: /home/adamgb/phd/gazebo_ws/install/px4/share/px4/Tools/simulation/gz/models/x500_depth/LICENSE
-- Installing: /home/adamgb/phd/gazebo_ws/install/px4/share/px4/Tools/simulation/gz/models/x500_depth/model.sdf
-- Installing: /home/adamgb/phd/gazebo_ws/install/px4/share/px4/Tools/simulation/gz/models/x500_depth/thumbnails
-- Installing: /home/adamgb/phd/gazebo_ws/install/px4/share/px4/Tools/simulation/gz/models/x500_depth/thumbnails/4.png
-- Installing: /home/adamgb/phd/gazebo_ws/install/px4/share/px4/Tools/simulation/gz/models/x500_depth/thumbnails/5.png
-- Installing: /home/adamgb/phd/gazebo_ws/install/px4/share/px4/Tools/simulation/gz/models/x500_depth/thumbnails/3.png
-- Installing: /home/adamgb/phd/gazebo_ws/install/px4/share/px4/Tools/simulation/gz/models/x500_depth/thumbnails/2.png
-- Installing: /home/adamgb/phd/gazebo_ws/install/px4/share/px4/Tools/simulation/gz/models/x500_depth/thumbnails/1.png
-- Installing: /home/adamgb/phd/gazebo_ws/install/px4/share/px4/Tools/simulation/gz/models/x500_depth/model.config
-- Installing: /home/adamgb/phd/gazebo_ws/install/px4/share/px4/Tools/simulation/gz/models/atmos
-- Installing: /home/adamgb/phd/gazebo_ws/install/px4/share/px4/Tools/simulation/gz/models/atmos/model.sdf
-- Installing: /home/adamgb/phd/gazebo_ws/install/px4/share/px4/Tools/simulation/gz/models/omnicopter
-- Installing: /home/adamgb/phd/gazebo_ws/install/px4/share/px4/Tools/simulation/gz/models/omnicopter/model.sdf
-- Installing: /home/adamgb/phd/gazebo_ws/install/px4/share/px4/Tools/simulation/gz/models/omnicopter/thumbnails
-- Installing: /home/adamgb/phd/gazebo_ws/install/px4/share/px4/Tools/simulation/gz/models/omnicopter/thumbnails/omnicopter.png
-- Installing: /home/adamgb/phd/gazebo_ws/install/px4/share/px4/Tools/simulation/gz/models/omnicopter/meshes
-- Installing: /home/adamgb/phd/gazebo_ws/install/px4/share/px4/Tools/simulation/gz/models/omnicopter/meshes/omnicopter.stl
-- Installing: /home/adamgb/phd/gazebo_ws/install/px4/share/px4/Tools/simulation/gz/models/omnicopter/meshes/iris_prop_ccw.dae
-- Installing: /home/adamgb/phd/gazebo_ws/install/px4/share/px4/Tools/simulation/gz/models/omnicopter/meshes/iris_prop_cw.dae
-- Installing: /home/adamgb/phd/gazebo_ws/install/px4/share/px4/Tools/simulation/gz/models/omnicopter/model.config
-- Installing: /home/adamgb/phd/gazebo_ws/install/px4/share/px4/Tools/simulation/gz/models/tiltrotor
-- Installing: /home/adamgb/phd/gazebo_ws/install/px4/share/px4/Tools/simulation/gz/models/tiltrotor/model.sdf
-- Installing: /home/adamgb/phd/gazebo_ws/install/px4/share/px4/Tools/simulation/gz/models/tiltrotor/model.config
-- Installing: /home/adamgb/phd/gazebo_ws/install/px4/share/px4/Tools/simulation/gz/models/x500_lidar_front
-- Installing: /home/adamgb/phd/gazebo_ws/install/px4/share/px4/Tools/simulation/gz/models/x500_lidar_front/model.sdf
-- Installing: /home/adamgb/phd/gazebo_ws/install/px4/share/px4/Tools/simulation/gz/models/x500_lidar_front/model.config
-- Installing: /home/adamgb/phd/gazebo_ws/install/px4/share/px4/Tools/simulation/gz/models/x500_base
-- Installing: /home/adamgb/phd/gazebo_ws/install/px4/share/px4/Tools/simulation/gz/models/x500_base/LICENSE
-- Installing: /home/adamgb/phd/gazebo_ws/install/px4/share/px4/Tools/simulation/gz/models/x500_base/model.sdf
-- Installing: /home/adamgb/phd/gazebo_ws/install/px4/share/px4/Tools/simulation/gz/models/x500_base/thumbnails
-- Installing: /home/adamgb/phd/gazebo_ws/install/px4/share/px4/Tools/simulation/gz/models/x500_base/thumbnails/4.png
-- Installing: /home/adamgb/phd/gazebo_ws/install/px4/share/px4/Tools/simulation/gz/models/x500_base/thumbnails/5.png
-- Installing: /home/adamgb/phd/gazebo_ws/install/px4/share/px4/Tools/simulation/gz/models/x500_base/thumbnails/3.png
-- Installing: /home/adamgb/phd/gazebo_ws/install/px4/share/px4/Tools/simulation/gz/models/x500_base/thumbnails/2.png
-- Installing: /home/adamgb/phd/gazebo_ws/install/px4/share/px4/Tools/simulation/gz/models/x500_base/thumbnails/1.png
-- Installing: /home/adamgb/phd/gazebo_ws/install/px4/share/px4/Tools/simulation/gz/models/x500_base/materials
-- Installing: /home/adamgb/phd/gazebo_ws/install/px4/share/px4/Tools/simulation/gz/models/x500_base/materials/textures
-- Installing: /home/adamgb/phd/gazebo_ws/install/px4/share/px4/Tools/simulation/gz/models/x500_base/materials/textures/nxp.png
-- Installing: /home/adamgb/phd/gazebo_ws/install/px4/share/px4/Tools/simulation/gz/models/x500_base/materials/textures/rd.png
-- Installing: /home/adamgb/phd/gazebo_ws/install/px4/share/px4/Tools/simulation/gz/models/x500_base/materials/textures/CF.png
-- Installing: /home/adamgb/phd/gazebo_ws/install/px4/share/px4/Tools/simulation/gz/models/x500_base/meshes
-- Installing: /home/adamgb/phd/gazebo_ws/install/px4/share/px4/Tools/simulation/gz/models/x500_base/meshes/1345_prop_cw.stl
-- Installing: /home/adamgb/phd/gazebo_ws/install/px4/share/px4/Tools/simulation/gz/models/x500_base/meshes/1345_prop_ccw.stl
-- Installing: /home/adamgb/phd/gazebo_ws/install/px4/share/px4/Tools/simulation/gz/models/x500_base/meshes/NXP-HGD-CF.dae
-- Installing: /home/adamgb/phd/gazebo_ws/install/px4/share/px4/Tools/simulation/gz/models/x500_base/meshes/5010Bell.dae
-- Installing: /home/adamgb/phd/gazebo_ws/install/px4/share/px4/Tools/simulation/gz/models/x500_base/meshes/5010Base.dae
-- Installing: /home/adamgb/phd/gazebo_ws/install/px4/share/px4/Tools/simulation/gz/models/x500_base/meshes/CF.png
-- Installing: /home/adamgb/phd/gazebo_ws/install/px4/share/px4/Tools/simulation/gz/models/x500_base/model.config
-- Installing: /home/adamgb/phd/gazebo_ws/install/px4/share/px4/Tools/simulation/gz/models/gimbal
-- Installing: /home/adamgb/phd/gazebo_ws/install/px4/share/px4/Tools/simulation/gz/models/gimbal/model.sdf
-- Installing: /home/adamgb/phd/gazebo_ws/install/px4/share/px4/Tools/simulation/gz/models/gimbal/meshes
-- Installing: /home/adamgb/phd/gazebo_ws/install/px4/share/px4/Tools/simulation/gz/models/gimbal/meshes/cgo3_camera_remeshed_v1.stl
-- Installing: /home/adamgb/phd/gazebo_ws/install/px4/share/px4/Tools/simulation/gz/models/gimbal/meshes/cgo3_vertical_arm_remeshed_v1.stl
-- Installing: /home/adamgb/phd/gazebo_ws/install/px4/share/px4/Tools/simulation/gz/models/gimbal/meshes/cgo3_horizontal_arm_remeshed_v1.stl
-- Installing: /home/adamgb/phd/gazebo_ws/install/px4/share/px4/Tools/simulation/gz/models/gimbal/meshes/cgo3_mount_remeshed_v1.stl
-- Installing: /home/adamgb/phd/gazebo_ws/install/px4/share/px4/Tools/simulation/gz/models/gimbal/model.config
-- Installing: /home/adamgb/phd/gazebo_ws/install/px4/share/px4/Tools/simulation/gz/models/moving_platform
-- Installing: /home/adamgb/phd/gazebo_ws/install/px4/share/px4/Tools/simulation/gz/models/moving_platform/model.sdf
-- Installing: /home/adamgb/phd/gazebo_ws/install/px4/share/px4/Tools/simulation/gz/models/moving_platform/model.config
-- Installing: /home/adamgb/phd/gazebo_ws/install/px4/share/px4/Tools/simulation/gz/models/uuv_bluerov2_heavy
-- Installing: /home/adamgb/phd/gazebo_ws/install/px4/share/px4/Tools/simulation/gz/models/uuv_bluerov2_heavy/model.sdf
-- Installing: /home/adamgb/phd/gazebo_ws/install/px4/share/px4/Tools/simulation/gz/models/uuv_bluerov2_heavy/meshes
-- Installing: /home/adamgb/phd/gazebo_ws/install/px4/share/px4/Tools/simulation/gz/models/uuv_bluerov2_heavy/meshes/prop.dae
-- Installing: /home/adamgb/phd/gazebo_ws/install/px4/share/px4/Tools/simulation/gz/models/uuv_bluerov2_heavy/meshes/BlueROV2heavy.dae
-- Installing: /home/adamgb/phd/gazebo_ws/install/px4/share/px4/Tools/simulation/gz/models/uuv_bluerov2_heavy/model.config
-- Installing: /home/adamgb/phd/gazebo_ws/install/px4/share/px4/Tools/simulation/gz/models/OakD-Lite
-- Installing: /home/adamgb/phd/gazebo_ws/install/px4/share/px4/Tools/simulation/gz/models/OakD-Lite/LICENSE
-- Installing: /home/adamgb/phd/gazebo_ws/install/px4/share/px4/Tools/simulation/gz/models/OakD-Lite/model.sdf
-- Installing: /home/adamgb/phd/gazebo_ws/install/px4/share/px4/Tools/simulation/gz/models/OakD-Lite/thumbnails
-- Installing: /home/adamgb/phd/gazebo_ws/install/px4/share/px4/Tools/simulation/gz/models/OakD-Lite/thumbnails/4.png
-- Installing: /home/adamgb/phd/gazebo_ws/install/px4/share/px4/Tools/simulation/gz/models/OakD-Lite/thumbnails/5.png
-- Installing: /home/adamgb/phd/gazebo_ws/install/px4/share/px4/Tools/simulation/gz/models/OakD-Lite/thumbnails/3.png
-- Installing: /home/adamgb/phd/gazebo_ws/install/px4/share/px4/Tools/simulation/gz/models/OakD-Lite/thumbnails/2.png
-- Installing: /home/adamgb/phd/gazebo_ws/install/px4/share/px4/Tools/simulation/gz/models/OakD-Lite/thumbnails/1.png
-- Installing: /home/adamgb/phd/gazebo_ws/install/px4/share/px4/Tools/simulation/gz/models/OakD-Lite/meshes
-- Installing: /home/adamgb/phd/gazebo_ws/install/px4/share/px4/Tools/simulation/gz/models/OakD-Lite/meshes/OakDLite.dae
-- Installing: /home/adamgb/phd/gazebo_ws/install/px4/share/px4/Tools/simulation/gz/models/OakD-Lite/model.config
-- Installing: /home/adamgb/phd/gazebo_ws/install/px4/share/px4/Tools/simulation/gz/models/LW20
-- Installing: /home/adamgb/phd/gazebo_ws/install/px4/share/px4/Tools/simulation/gz/models/LW20/model.sdf
-- Installing: /home/adamgb/phd/gazebo_ws/install/px4/share/px4/Tools/simulation/gz/models/LW20/meshes
-- Installing: /home/adamgb/phd/gazebo_ws/install/px4/share/px4/Tools/simulation/gz/models/LW20/meshes/LW20.dae
-- Installing: /home/adamgb/phd/gazebo_ws/install/px4/share/px4/Tools/simulation/gz/models/LW20/model.config
-- Installing: /home/adamgb/phd/gazebo_ws/install/px4/share/px4/Tools/simulation/gz/models/helipad
-- Installing: /home/adamgb/phd/gazebo_ws/install/px4/share/px4/Tools/simulation/gz/models/helipad/model.sdf
-- Installing: /home/adamgb/phd/gazebo_ws/install/px4/share/px4/Tools/simulation/gz/models/helipad/helipad.jpg
-- Installing: /home/adamgb/phd/gazebo_ws/install/px4/share/px4/Tools/simulation/gz/models/helipad/model.config
-- Installing: /home/adamgb/phd/gazebo_ws/install/px4/share/px4/Tools/simulation/gz/models/r1_rover
-- Installing: /home/adamgb/phd/gazebo_ws/install/px4/share/px4/Tools/simulation/gz/models/r1_rover/model.sdf
-- Installing: /home/adamgb/phd/gazebo_ws/install/px4/share/px4/Tools/simulation/gz/models/r1_rover/meshes
-- Installing: /home/adamgb/phd/gazebo_ws/install/px4/share/px4/Tools/simulation/gz/models/r1_rover/meshes/wheel_link_simple.STL
-- Installing: /home/adamgb/phd/gazebo_ws/install/px4/share/px4/Tools/simulation/gz/models/r1_rover/meshes/top_link.STL
-- Installing: /home/adamgb/phd/gazebo_ws/install/px4/share/px4/Tools/simulation/gz/models/r1_rover/meshes/antenna_link.STL
-- Installing: /home/adamgb/phd/gazebo_ws/install/px4/share/px4/Tools/simulation/gz/models/r1_rover/meshes/battery_link.STL
-- Installing: /home/adamgb/phd/gazebo_ws/install/px4/share/px4/Tools/simulation/gz/models/r1_rover/meshes/wheel_link.STL
-- Installing: /home/adamgb/phd/gazebo_ws/install/px4/share/px4/Tools/simulation/gz/models/r1_rover/meshes/housing_link.STL
-- Installing: /home/adamgb/phd/gazebo_ws/install/px4/share/px4/Tools/simulation/gz/models/r1_rover/meshes/chassis_link.STL
-- Installing: /home/adamgb/phd/gazebo_ws/install/px4/share/px4/Tools/simulation/gz/models/r1_rover/model.config
-- Installing: /home/adamgb/phd/gazebo_ws/install/px4/share/px4/Tools/simulation/gz/models/spacecraft_2d
-- Installing: /home/adamgb/phd/gazebo_ws/install/px4/share/px4/Tools/simulation/gz/models/spacecraft_2d/model.sdf
-- Installing: /home/adamgb/phd/gazebo_ws/install/px4/share/px4/Tools/simulation/gz/models/x500_flow
-- Installing: /home/adamgb/phd/gazebo_ws/install/px4/share/px4/Tools/simulation/gz/models/x500_flow/model.sdf
-- Installing: /home/adamgb/phd/gazebo_ws/install/px4/share/px4/Tools/simulation/gz/models/x500_flow/model.config
-- Installing: /home/adamgb/phd/gazebo_ws/install/px4/share/px4/Tools/simulation/gz/models/x500
-- Installing: /home/adamgb/phd/gazebo_ws/install/px4/share/px4/Tools/simulation/gz/models/x500/LICENSE
-- Installing: /home/adamgb/phd/gazebo_ws/install/px4/share/px4/Tools/simulation/gz/models/x500/model.sdf
-- Installing: /home/adamgb/phd/gazebo_ws/install/px4/share/px4/Tools/simulation/gz/models/x500/thumbnails
-- Installing: /home/adamgb/phd/gazebo_ws/install/px4/share/px4/Tools/simulation/gz/models/x500/thumbnails/4.png
-- Installing: /home/adamgb/phd/gazebo_ws/install/px4/share/px4/Tools/simulation/gz/models/x500/thumbnails/5.png
-- Installing: /home/adamgb/phd/gazebo_ws/install/px4/share/px4/Tools/simulation/gz/models/x500/thumbnails/3.png
-- Installing: /home/adamgb/phd/gazebo_ws/install/px4/share/px4/Tools/simulation/gz/models/x500/thumbnails/2.png
-- Installing: /home/adamgb/phd/gazebo_ws/install/px4/share/px4/Tools/simulation/gz/models/x500/thumbnails/1.png
-- Installing: /home/adamgb/phd/gazebo_ws/install/px4/share/px4/Tools/simulation/gz/models/x500/model.config
-- Installing: /home/adamgb/phd/gazebo_ws/install/px4/share/px4/Tools/simulation/gz/models/optical_flow
-- Installing: /home/adamgb/phd/gazebo_ws/install/px4/share/px4/Tools/simulation/gz/models/optical_flow/model.sdf
-- Installing: /home/adamgb/phd/gazebo_ws/install/px4/share/px4/Tools/simulation/gz/models/optical_flow/model.config
-- Installing: /home/adamgb/phd/gazebo_ws/install/px4/share/px4/Tools/simulation/gz/models/quadtailsitter
-- Installing: /home/adamgb/phd/gazebo_ws/install/px4/share/px4/Tools/simulation/gz/models/quadtailsitter/model.sdf
-- Installing: /home/adamgb/phd/gazebo_ws/install/px4/share/px4/Tools/simulation/gz/models/quadtailsitter/meshes
-- Installing: /home/adamgb/phd/gazebo_ws/install/px4/share/px4/Tools/simulation/gz/models/quadtailsitter/meshes/body.dae
-- Installing: /home/adamgb/phd/gazebo_ws/install/px4/share/px4/Tools/simulation/gz/models/quadtailsitter/meshes/iris_prop_ccw.dae
-- Installing: /home/adamgb/phd/gazebo_ws/install/px4/share/px4/Tools/simulation/gz/models/quadtailsitter/meshes/iris_prop_cw.dae
-- Installing: /home/adamgb/phd/gazebo_ws/install/px4/share/px4/Tools/simulation/gz/models/quadtailsitter/model.config
-- Installing: /home/adamgb/phd/gazebo_ws/install/px4/share/px4/Tools/simulation/gz/worlds
-- Installing: /home/adamgb/phd/gazebo_ws/install/px4/share/px4/Tools/simulation/gz/worlds/forest.sdf
-- Installing: /home/adamgb/phd/gazebo_ws/install/px4/share/px4/Tools/simulation/gz/worlds/windy.sdf
-- Installing: /home/adamgb/phd/gazebo_ws/install/px4/share/px4/Tools/simulation/gz/worlds/kthspacelab.sdf
-- Installing: /home/adamgb/phd/gazebo_ws/install/px4/share/px4/Tools/simulation/gz/worlds/lawn.sdf
-- Installing: /home/adamgb/phd/gazebo_ws/install/px4/share/px4/Tools/simulation/gz/worlds/moving_platform.sdf
-- Installing: /home/adamgb/phd/gazebo_ws/install/px4/share/px4/Tools/simulation/gz/worlds/rover.sdf
-- Installing: /home/adamgb/phd/gazebo_ws/install/px4/share/px4/Tools/simulation/gz/worlds/walls.sdf
-- Installing: /home/adamgb/phd/gazebo_ws/install/px4/share/px4/Tools/simulation/gz/worlds/aruco.sdf
-- Installing: /home/adamgb/phd/gazebo_ws/install/px4/share/px4/Tools/simulation/gz/worlds/default.sdf
-- Installing: /home/adamgb/phd/gazebo_ws/install/px4/share/px4/Tools/simulation/gz/worlds/frictionless.sdf
-- Installing: /home/adamgb/phd/gazebo_ws/install/px4/share/px4/Tools/simulation/gz/worlds/baylands.sdf
-- Installing: /home/adamgb/phd/gazebo_ws/install/px4/share/px4/Tools/simulation/gz/worlds/underwater.sdf
