[0.006s] Invoking command in '/home/adamgb/phd/gazebo_ws/build/px4': /usr/bin/cmake /home/adamgb/phd/gazebo_ws/src/px4_firmware -DCMAKE_BUILD_TYPE=Release -DCMAKE_INSTALL_PREFIX=/home/adamgb/phd/gazebo_ws/install/px4
[0.018s] -- PX4_GIT_TAG: v1.17.0-dev
[0.019s] [33mCMake Warning (dev) at CMakeLists.txt:176 (find_package):
[0.019s]   Policy CMP0148 is not set: The FindPythonInterp and FindPythonLibs modules
[0.019s]   are removed.  Run "cmake --help-policy CMP0148" for policy details.  Use
[0.019s]   the cmake_policy command to set the policy and suppress this warning.
[0.019s] 
[0.019s] This warning is for project developers.  Use -Wno-dev to suppress it.
[0.019s] [0m
[0.035s] -- PX4 config file: /home/adamgb/phd/gazebo_ws/src/px4_firmware/boards/px4/sitl/default.px4board
[0.155s] -- PLATFORM posix
[0.155s] -- ROMFSROOT px4fmu_common
[0.155s] -- TESTING y
[0.156s] -- ETHERNET y
[0.156s] -- ROOT_PATH .
[0.156s] -- PARAM_FILE /fs/mtd_params
[0.167s] -- PX4 config: px4_sitl_default
[0.167s] -- PX4 platform: posix
[0.167s] -- PX4 lockstep: enabled
[0.212s] -- The CXX compiler identification is GNU 13.3.0
[0.228s] -- Detecting CXX compiler ABI info
[0.308s] -- Detecting CXX compiler ABI info - done
[0.313s] -- Check for working CXX compiler: /usr/bin/c++ - skipped
[0.314s] -- Detecting CXX compile features
[0.314s] -- Detecting CXX compile features - done
[0.315s] -- Found ament_cmake: 2.5.6 (/opt/ros/jazzy/share/ament_cmake/cmake)
[0.414s] -- Found Python3: /usr/bin/python3 (found version "3.12.3") found components: Interpreter 
[0.472s] -- Found rclcpp: 28.1.22 (/opt/ros/jazzy/share/rclcpp/cmake)
[0.495s] -- Found rosidl_generator_c: 4.6.9 (/opt/ros/jazzy/share/rosidl_generator_c/cmake)
[0.503s] -- Found rosidl_generator_cpp: 4.6.9 (/opt/ros/jazzy/share/rosidl_generator_cpp/cmake)
[0.512s] -- Using all available rosidl_typesupport_c: rosidl_typesupport_fastrtps_c;rosidl_typesupport_introspection_c
[0.522s] -- Using all available rosidl_typesupport_cpp: rosidl_typesupport_fastrtps_cpp;rosidl_typesupport_introspection_cpp
[0.567s] -- Found rmw_implementation_cmake: 7.3.3 (/opt/ros/jazzy/share/rmw_implementation_cmake/cmake)
[0.568s] -- Found rmw_fastrtps_cpp: 8.4.4 (/opt/ros/jazzy/share/rmw_fastrtps_cpp/cmake)
[0.640s] -- Found OpenSSL: /usr/lib/x86_64-linux-gnu/libcrypto.so (found version "3.0.13")  
[0.668s] -- Found FastRTPS: /opt/ros/jazzy/include (Required is at least version "2.13") 
[0.706s] -- Using RMW implementation 'rmw_fastrtps_cpp' as default
[0.758s] -- Found rosidl_default_generators: 1.6.1 (/opt/ros/jazzy/share/rosidl_default_generators/cmake)
[0.768s] -- Found rosidl_adapter: 4.6.9 (/opt/ros/jazzy/share/rosidl_adapter/cmake)
[0.770s] -- Found std_msgs: 5.3.8 (/opt/ros/jazzy/share/std_msgs/cmake)
[0.807s] -- The C compiler identification is GNU 13.3.0
[0.814s] -- The ASM compiler identification is GNU
[0.815s] -- Found assembler: /usr/bin/cc
[0.823s] -- Detecting C compiler ABI info
[0.894s] -- Detecting C compiler ABI info - done
[0.902s] -- Check for working C compiler: /usr/bin/cc - skipped
[0.903s] -- Detecting C compile features
[0.903s] -- Detecting C compile features - done
[0.909s] -- cmake build type: Release
[0.949s] -- Adding fuzztest
[3.571s] -- Performing Test ABSL_INTERNAL_AT_LEAST_CXX17
[3.644s] -- Performing Test ABSL_INTERNAL_AT_LEAST_CXX17 - Success
[3.644s] -- Performing Test ABSL_INTERNAL_AT_LEAST_CXX20
[3.676s] -- Performing Test ABSL_INTERNAL_AT_LEAST_CXX20 - Failed
[3.678s] -- Performing Test CMAKE_HAVE_LIBC_PTHREAD
[3.751s] -- Performing Test CMAKE_HAVE_LIBC_PTHREAD - Success
[3.752s] -- Found Threads: TRUE  
[8.727s] -- Building without demo. To enable demo build use: -DWITH_DEMO=True
[8.873s] [0m-- ADDING TEST STUBS[0m
[9.044s] -- Looking for gz-transport13 -- found version 13.6.0
[9.049s] -- Searching for dependencies of gz-transport13
[9.070s] -- Found Protobuf: /usr/lib/x86_64-linux-gnu/libprotobuf.so (found version "3.21.12") 
[9.079s] -- Config-file not installed for ZeroMQ -- checking for pkg-config
[9.083s] -- Checking for module 'libzmq >= 4'
[9.107s] --   Found libzmq, version 4.3.5
[9.153s] -- Found ZeroMQ: TRUE (Required is at least version "4") 
[9.160s] -- Checking for module 'uuid'
[9.180s] --   Found uuid, version 2.39.3
[9.228s] -- Found UUID: TRUE  
[9.232s] -- Looking for gz-utils2 -- found version 2.2.1
[9.232s] -- Searching for dependencies of gz-utils2
[9.232s] -- Searching for <gz-utils2> component [cli]
[9.236s] -- Looking for gz-utils2-cli -- found version 2.2.1
[9.237s] -- Searching for dependencies of gz-utils2-cli
[9.241s] -- Looking for gz-msgs10 -- found version 10.4.0
[9.241s] -- Searching for dependencies of gz-msgs10
[9.257s] -- Looking for gz-utils2 -- found version 2.2.1
[9.260s] -- Looking for gz-math7 -- found version 7.7.0
[9.260s] -- Searching for dependencies of gz-math7
[9.260s] -- Looking for gz-utils2 -- found version 2.2.1
[9.269s] -- Checking for module 'tinyxml2'
[9.304s] --   Found tinyxml2, version 10.0.0
[9.456s] -- Looking for gz-transport13 -- found version 13.6.0
[9.464s] -- Searching for dependencies of gz-transport13
[9.490s] -- Config-file not installed for ZeroMQ -- checking for pkg-config
[9.497s] -- Checking for module 'libzmq >= 4'
[9.536s] --   Found libzmq, version 4.3.5
[9.651s] -- Checking for module 'uuid'
[9.671s] --   Found uuid, version 2.39.3
[9.717s] -- Looking for gz-utils2 -- found version 2.2.1
[9.717s] -- Searching for dependencies of gz-utils2
[9.717s] -- Searching for <gz-utils2> component [cli]
[9.717s] -- Looking for gz-utils2-cli -- found version 2.2.1
[9.717s] -- Searching for dependencies of gz-utils2-cli
[9.718s] -- Looking for gz-msgs10 -- found version 10.4.0
[9.718s] -- Searching for dependencies of gz-msgs10
[9.741s] -- Looking for gz-utils2 -- found version 2.2.1
[9.741s] -- Looking for gz-math7 -- found version 7.7.0
[9.741s] -- Searching for dependencies of gz-math7
[9.742s] -- Looking for gz-utils2 -- found version 2.2.1
[9.749s] -- Checking for module 'tinyxml2'
[9.768s] --   Found tinyxml2, version 10.0.0
[9.843s] -- Looking for gz-sim8 -- found version 8.15.0
[9.844s] -- Searching for dependencies of gz-sim8
[9.848s] -- Looking for sdformat14 -- found version 14.9.0
[9.848s] -- Searching for dependencies of sdformat14
[9.860s] -- Looking for gz-math7 -- found version 7.7.0
[9.861s] -- Looking for gz-utils2 -- found version 2.2.1
[9.864s] -- Looking for gz-plugin2 -- found version 2.0.4
[9.864s] -- Searching for dependencies of gz-plugin2
[9.864s] -- Looking for gz-utils2 -- found version 2.2.1
[9.865s] -- Searching for <gz-plugin2> component [loader]
[9.866s] -- Looking for gz-plugin2-loader -- found version 2.0.4
[9.866s] -- Searching for dependencies of gz-plugin2-loader
[9.867s] -- Searching for <gz-plugin2> component [register]
[9.868s] -- Looking for gz-plugin2-register -- found version 2.0.4
[9.868s] -- Searching for dependencies of gz-plugin2-register
[9.870s] -- Looking for gz-transport13 -- found version 13.6.0
[9.870s] -- Searching for dependencies of gz-transport13
[9.891s] -- Config-file not installed for ZeroMQ -- checking for pkg-config
[9.897s] -- Checking for module 'libzmq >= 4'
[9.939s] --   Found libzmq, version 4.3.5
[10.064s] -- Looking for gz-utils2 -- found version 2.2.1
[10.064s] -- Looking for gz-msgs10 -- found version 10.4.0
[10.064s] -- Searching for <gz-transport13> component [log]
[10.067s] -- Looking for gz-transport13-log -- found version 13.6.0
[10.067s] -- Searching for dependencies of gz-transport13-log
[10.067s] -- Searching for <gz-transport13> component [parameters]
[10.069s] -- Looking for gz-transport13-parameters -- found version 13.6.0
[10.069s] -- Searching for dependencies of gz-transport13-parameters
[10.069s] -- Looking for gz-msgs10 -- found version 10.4.0
[10.071s] -- Looking for gz-common5 -- found version 5.9.0
[10.071s] -- Searching for dependencies of gz-common5
[10.071s] -- Looking for gz-utils2 -- found version 2.2.1
[10.071s] -- Looking for dlfcn.h - found
[10.072s] -- Looking for libdl - found
[10.073s] -- Found DL: TRUE  
[10.081s] -- Searching for <gz-common5> component [av]
[10.083s] -- Looking for gz-common5-av -- found version 5.9.0
[10.083s] -- Searching for dependencies of gz-common5-av
[10.090s] -- Checking for module 'libswscale'
[10.127s] --   Found libswscale, version 7.5.100
[10.200s] -- Found SWSCALE: TRUE  
[10.212s] -- Checking for module 'libavdevice >= 56.4.100'
[10.256s] --   Found libavdevice, version 60.3.100
[10.371s] -- Found AVDEVICE: TRUE (Required is at least version "56.4.100") 
[10.380s] -- Checking for module 'libavformat'
[10.423s] --   Found libavformat, version 60.16.100
[10.519s] -- Found AVFORMAT: TRUE  
[10.525s] -- Checking for module 'libavcodec'
[10.545s] --   Found libavcodec, version 60.31.102
[10.648s] -- Found AVCODEC: TRUE  
[10.659s] -- Checking for module 'libavutil'
[10.689s] --   Found libavutil, version 58.29.100
[10.775s] -- Found AVUTIL: TRUE  
[10.776s] -- Searching for <gz-common5> component [events]
[10.780s] -- Looking for gz-common5-events -- found version 5.9.0
[10.781s] -- Searching for dependencies of gz-common5-events
[10.781s] -- Looking for gz-math7 -- found version 7.7.0
[10.782s] -- Searching for <gz-common5> component [graphics]
[10.785s] -- Looking for gz-common5-graphics -- found version 5.9.0
[10.785s] -- Searching for dependencies of gz-common5-graphics
[10.786s] -- Looking for gz-math7 -- found version 7.7.0
[10.791s] -- Found GzAssimp: TRUE (found version "5.3.0") 
[10.791s] -- Searching for <gz-common5> component [io]
[10.795s] -- Looking for gz-common5-io -- found version 5.9.0
[10.796s] -- Searching for dependencies of gz-common5-io
[10.796s] -- Searching for <gz-common5> component [profiler]
[10.799s] -- Looking for gz-common5-profiler -- found version 5.9.0
[10.799s] -- Searching for dependencies of gz-common5-profiler
[10.802s] -- Looking for gz-fuel_tools9 -- found version 9.1.1
[10.802s] -- Searching for dependencies of gz-fuel_tools9
[10.957s] -- Found CURL: /usr/lib/x86_64-linux-gnu/libcurl.so (found version "8.5.0")  
[10.968s] -- Checking for module 'jsoncpp'
[10.988s] --   Found jsoncpp, version 1.9.5
[11.033s] -- Found JSONCPP: TRUE  
[11.045s] -- Checking for module 'yaml-0.1'
[11.075s] --   Found yaml-0.1, version 0.2.5
[11.176s] -- Found YAML: TRUE  
[11.190s] -- Checking for module 'libzip'
[11.224s] --   Found libzip, version 1.7.3
[11.328s] -- Found ZIP: TRUE  
[11.329s] -- Looking for gz-utils2 -- found version 2.2.1
[11.330s] -- Looking for gz-common5 -- found version 5.9.0
[11.331s] -- Searching for dependencies of gz-common5
[11.331s] -- Looking for gz-utils2 -- found version 2.2.1
[11.332s] -- Looking for dlfcn.h - found
[11.332s] -- Looking for libdl - found
[11.349s] -- Searching for <gz-common5> component [testing]
[11.354s] -- Looking for gz-common5-testing -- found version 5.9.0
[11.354s] -- Searching for dependencies of gz-common5-testing
[11.356s] -- Looking for gz-math7 -- found version 7.7.0
[11.356s] -- Looking for gz-msgs10 -- found version 10.4.0
[11.360s] -- Looking for gz-gui8 -- found version 8.4.0
[11.360s] -- Searching for dependencies of gz-gui8
[11.385s] -- Looking for gz-utils2 -- found version 2.2.1
[11.385s] -- Looking for gz-math7 -- found version 7.7.0
[11.386s] -- Looking for gz-common5 -- found version 5.9.0
[11.386s] -- Looking for gz-plugin2 -- found version 2.0.4
[11.387s] -- Looking for gz-transport13 -- found version 13.6.0
[11.390s] -- Looking for gz-rendering8 -- found version 8.2.3
[11.390s] -- Searching for dependencies of gz-rendering8
[11.390s] -- Looking for gz-math7 -- found version 7.7.0
[11.390s] -- Searching for dependencies of gz-math7
[11.391s] -- Looking for gz-utils2 -- found version 2.2.1
[11.391s] -- Searching for <gz-math7> component [eigen3]
[11.393s] -- Looking for gz-math7-eigen3 -- found version 7.7.0
[11.393s] -- Searching for dependencies of gz-math7-eigen3
[11.400s] -- Looking for gz-common5 -- found version 5.9.0
[11.400s] -- Searching for dependencies of gz-common5
[11.400s] -- Looking for gz-utils2 -- found version 2.2.1
[11.401s] -- Looking for dlfcn.h - found
[11.401s] -- Looking for libdl - found
[11.410s] -- Searching for <gz-common5> component [graphics]
[11.410s] -- Searching for <gz-common5> component [events]
[11.410s] -- Searching for <gz-common5> component [geospatial]
[11.414s] -- Looking for gz-common5-geospatial -- found version 5.9.0
[11.414s] -- Searching for dependencies of gz-common5-geospatial
[11.414s] -- Looking for gz-math7 -- found version 7.7.0
[11.415s] -- Looking for gz-common5 -- found version 5.9.0
[11.415s] -- Looking for gz-plugin2 -- found version 2.0.4
[11.416s] -- Searching for dependencies of gz-plugin2
[11.416s] -- Looking for gz-utils2 -- found version 2.2.1
[11.416s] -- Searching for <gz-plugin2> component [all]
[11.418s] -- Looking for all libraries of gz-plugin2 -- found version 2.0.4
[11.419s] -- Looking for gz-plugin2 -- found version 2.0.4
[11.420s] -- Looking for gz-utils2 -- found version 2.2.1
[11.431s] -- Found OpenGL: /usr/lib/x86_64-linux-gnu/libOpenGL.so  found components: OpenGL 
[11.432s] -- Looking for gz-msgs10 -- found version 10.4.0
[11.453s] -- Looking for gz-physics7 -- found version 7.8.0
[11.454s] -- Searching for dependencies of gz-physics7
[11.454s] -- Looking for gz-common5 -- found version 5.9.0
[11.454s] -- Looking for gz-math7 -- found version 7.7.0
[11.454s] -- Looking for gz-plugin2 -- found version 2.0.4
[11.454s] -- Looking for gz-utils2 -- found version 2.2.1
[11.455s] -- Searching for <gz-physics7> component [heightmap]
[11.456s] -- Looking for gz-physics7-heightmap -- found version 7.8.0
[11.456s] -- Searching for dependencies of gz-physics7-heightmap
[11.456s] -- Looking for gz-common5 -- found version 5.9.0
[11.457s] -- Searching for <gz-physics7> component [mesh]
[11.458s] -- Looking for gz-physics7-mesh -- found version 7.8.0
[11.458s] -- Searching for dependencies of gz-physics7-mesh
[11.458s] -- Looking for gz-common5 -- found version 5.9.0
[11.458s] -- Searching for <gz-physics7> component [sdf]
[11.460s] -- Looking for gz-physics7-sdf -- found version 7.8.0
[11.460s] -- Searching for dependencies of gz-physics7-sdf
[11.460s] -- Looking for sdformat14 -- found version 14.9.0
[11.462s] -- Looking for gz-sensors8 -- found version 8.2.2
[11.462s] -- Searching for dependencies of gz-sensors8
[11.477s] -- Looking for gz-math7 -- found version 7.7.0
[11.477s] -- Looking for gz-common5 -- found version 5.9.0
[11.477s] -- Looking for gz-transport13 -- found version 13.6.0
[11.477s] -- Looking for gz-rendering8 -- found version 8.2.3
[11.478s] -- Looking for gz-msgs10 -- found version 10.4.0
[11.478s] -- Looking for sdformat14 -- found version 14.9.0
[11.479s] -- Searching for <gz-sensors8> component [air_pressure]
[11.481s] -- Looking for gz-sensors8-air_pressure -- found version 8.2.2
[11.481s] -- Searching for dependencies of gz-sensors8-air_pressure
[11.481s] -- Searching for <gz-sensors8> component [air_speed]
[11.484s] -- Looking for gz-sensors8-air_speed -- found version 8.2.2
[11.484s] -- Searching for dependencies of gz-sensors8-air_speed
[11.484s] -- Searching for <gz-sensors8> component [altimeter]
[11.486s] -- Looking for gz-sensors8-altimeter -- found version 8.2.2
[11.487s] -- Searching for dependencies of gz-sensors8-altimeter
[11.487s] -- Searching for <gz-sensors8> component [imu]
[11.489s] -- Looking for gz-sensors8-imu -- found version 8.2.2
[11.489s] -- Searching for dependencies of gz-sensors8-imu
[11.489s] -- Searching for <gz-sensors8> component [force_torque]
[11.491s] -- Looking for gz-sensors8-force_torque -- found version 8.2.2
[11.491s] -- Searching for dependencies of gz-sensors8-force_torque
[11.491s] -- Searching for <gz-sensors8> component [logical_camera]
[11.492s] -- Looking for gz-sensors8-logical_camera -- found version 8.2.2
[11.492s] -- Searching for dependencies of gz-sensors8-logical_camera
[11.492s] -- Searching for <gz-sensors8> component [magnetometer]
[11.494s] -- Looking for gz-sensors8-magnetometer -- found version 8.2.2
[11.494s] -- Searching for dependencies of gz-sensors8-magnetometer
[11.494s] -- Searching for <gz-sensors8> component [navsat]
[11.496s] -- Looking for gz-sensors8-navsat -- found version 8.2.2
[11.496s] -- Searching for dependencies of gz-sensors8-navsat
[11.496s] -- Searching for <gz-sensors8> component [dvl]
[11.498s] -- Looking for gz-sensors8-dvl -- found version 8.2.2
[11.499s] -- Searching for dependencies of gz-sensors8-dvl
[11.499s] -- Looking for gz-sensors8 -- found version 8.2.2
[11.499s] -- Searching for dependencies of gz-sensors8
[11.517s] -- Looking for gz-math7 -- found version 7.7.0
[11.517s] -- Looking for gz-common5 -- found version 5.9.0
[11.517s] -- Looking for gz-transport13 -- found version 13.6.0
[11.517s] -- Looking for gz-rendering8 -- found version 8.2.3
[11.517s] -- Looking for gz-msgs10 -- found version 10.4.0
[11.517s] -- Looking for sdformat14 -- found version 14.9.0
[11.517s] -- Searching for <gz-sensors8> component [rendering]
[11.519s] -- Looking for gz-sensors8-rendering -- found version 8.2.2
[11.519s] -- Searching for dependencies of gz-sensors8-rendering
[11.519s] -- Searching for <gz-sensors8> component [rendering]
[11.519s] -- Searching for <gz-sensors8> component [lidar]
[11.520s] -- Looking for gz-sensors8-lidar -- found version 8.2.2
[11.521s] -- Searching for dependencies of gz-sensors8-lidar
[11.521s] -- Looking for gz-sensors8 -- found version 8.2.2
[11.521s] -- Searching for <gz-sensors8> component [gpu_lidar]
[11.522s] -- Looking for gz-sensors8-gpu_lidar -- found version 8.2.2
[11.522s] -- Searching for dependencies of gz-sensors8-gpu_lidar
[11.522s] -- Looking for gz-sensors8 -- found version 8.2.2
[11.523s] -- Searching for <gz-sensors8> component [camera]
[11.524s] -- Looking for gz-sensors8-camera -- found version 8.2.2
[11.524s] -- Searching for dependencies of gz-sensors8-camera
[11.524s] -- Looking for gz-sensors8 -- found version 8.2.2
[11.525s] -- Searching for <gz-sensors8> component [boundingbox_camera]
[11.526s] -- Looking for gz-sensors8-boundingbox_camera -- found version 8.2.2
[11.526s] -- Searching for dependencies of gz-sensors8-boundingbox_camera
[11.526s] -- Searching for <gz-sensors8> component [segmentation_camera]
[11.527s] -- Looking for gz-sensors8-segmentation_camera -- found version 8.2.2
[11.527s] -- Searching for dependencies of gz-sensors8-segmentation_camera
[11.527s] -- Searching for <gz-sensors8> component [depth_camera]
[11.529s] -- Looking for gz-sensors8-depth_camera -- found version 8.2.2
[11.529s] -- Searching for dependencies of gz-sensors8-depth_camera
[11.529s] -- Looking for gz-sensors8 -- found version 8.2.2
[11.529s] -- Searching for <gz-sensors8> component [rgbd_camera]
[11.530s] -- Looking for gz-sensors8-rgbd_camera -- found version 8.2.2
[11.530s] -- Searching for dependencies of gz-sensors8-rgbd_camera
[11.530s] -- Looking for gz-sensors8 -- found version 8.2.2
[11.531s] -- Searching for <gz-sensors8> component [thermal_camera]
[11.532s] -- Looking for gz-sensors8-thermal_camera -- found version 8.2.2
[11.532s] -- Searching for dependencies of gz-sensors8-thermal_camera
[11.532s] -- Looking for gz-sensors8 -- found version 8.2.2
[11.532s] -- Searching for <gz-sensors8> component [wide_angle_camera]
[11.534s] -- Looking for gz-sensors8-wide_angle_camera -- found version 8.2.2
[11.534s] -- Searching for dependencies of gz-sensors8-wide_angle_camera
[11.534s] -- Looking for gz-rendering8 -- found version 8.2.3
[11.534s] -- Looking for gz-math7 -- found version 7.7.0
[11.535s] -- Looking for gz-utils2 -- found version 2.2.1
[11.550s] -- Looking for gz-sensors8 -- found version 8.2.2
[11.551s] -- Looking for gz-plugin2 -- found version 2.0.4
[11.559s] -- Found PkgConfig: /usr/bin/pkg-config (found version "1.8.1") 
[11.559s] -- Checking for module 'gstreamer-1.0'
[11.573s] --   Package 'gstreamer-1.0', required by 'virtual:world', not found
[11.574s] -- Checking for module 'gstreamer-app-1.0'
[11.588s] --   Package 'gstreamer-app-1.0', required by 'virtual:world', not found
[11.588s] [33mCMake Warning at src/modules/simulation/gz_plugins/gstreamer/CMakeLists.txt:42 (message):
[11.588s]   GStreamer and Gstreamer App are required to build this plugin.
[11.588s] 
[11.588s] [0m
[11.638s] -- Found Java: /usr/bin/java (found version "21.0.12") 
[11.912s] -- ROMFS: ROMFS/px4fmu_common
[11.973s] [0mArchitecture:  amd64[0m
[11.973s] [0m==> CPACK_INSTALL_PREFIX = @DEB_INSTALL_PREFIX@[0m
[12.067s] -- Configuring done (12.1s)
[13.176s] -- Generating done (0.9s)
[13.633s] -- Build files have been written to: /home/adamgb/phd/gazebo_ws/build/px4
[13.726s] Invoked command in '/home/adamgb/phd/gazebo_ws/build/px4' returned '0': /usr/bin/cmake /home/adamgb/phd/gazebo_ws/src/px4_firmware -DCMAKE_BUILD_TYPE=Release -DCMAKE_INSTALL_PREFIX=/home/adamgb/phd/gazebo_ws/install/px4
[13.728s] Invoking command in '/home/adamgb/phd/gazebo_ws/build/px4': /usr/bin/cmake --build /home/adamgb/phd/gazebo_ws/build/px4 -- -j32 -l32
[13.864s] [  0%] [34m[1mRunning cpp protocol buffer compiler on /home/adamgb/phd/gazebo_ws/src/px4_firmware/src/modules/simulation/gz_msgs/opticalflow.proto[0m
[13.869s] [  0%] [34m[1mGenerating XRCE-DDS topic bridge[0m
[13.869s] [  0%] [34m[1mGenerating git version header[0m
[13.869s] [  0%] [34m[1mGenerating Flight Tasks[0m
[13.870s] [  1%] [34m[1mGenerating output_functions.hpp[0m
[13.870s] [  1%] [34m[1mGenerating actuators.json[0m
[13.870s] [  1%] [34m[1mgit submodule src/drivers/gps/devices[0m
[13.871s] [  1%] [34m[1mgit submodule src/modules/mavlink/mavlink[0m
[13.871s] [  1%] [32mBuilding C object boards/px4/sitl/src/CMakeFiles/drivers_board.dir/sitl_led.c.o[0m
[13.872s] [  1%] [34m[1mGenerating combined event json file[0m
[13.872s] [  1%] [34m[1mGenerating uORB topic headers[0m
[13.873s] [  1%] [32mBuilding CXX object boards/px4/sitl/src/CMakeFiles/drivers_board.dir/board_shutdown.cpp.o[0m
[13.873s] [  1%] [34m[1mgit submodule src/modules/uxrce_dds_client/Micro-XRCE-DDS-Client[0m
[13.873s] [  1%] [34m[1mGenerating serial_params.c[0m
[13.877s] [  1%] [34m[1mGenerating uORB topic ucdr headers[0m
[13.899s] [  1%] [32mBuilding CXX object src/modules/simulation/gz_msgs/CMakeFiles/px4_gz_msgs.dir/opticalflow.pb.cc.o[0m
[13.905s] [  1%] Built target git_mavlink_v2
[13.906s] [  1%] Built target git_micro_xrce_dds_client
[13.913s] [  1%] Built target git_gps_devices
[13.916s] [  1%] Built target flighttasks_generated
[13.920s] [  1%] Built target ver_gen
[13.921s] [  1%] [34m[1mGenerating Mavlink uAvionix: src/modules/mavlink/mavlink/message_definitions/v1.0/uAvionix.xml[0m
[13.927s] [  1%] [34m[1mGenerating px4 event header file[0m
[13.928s] [  1%] [32m[1mLinking CXX static library libdrivers_board.a[0m
[13.930s] [  1%] Built target output_functions_header
[13.961s] [  1%] Built target drivers_board
[13.968s] [  1%] Built target topic_bridge_files
[14.029s] [  1%] Built target events_header
[14.209s] [  1%] Built target actuators_json
[14.363s] [  1%] Built target mavlink_c_generate_uavionix
[14.385s] [  1%] [34m[1mGenerating Mavlink development: src/modules/mavlink/mavlink/message_definitions/v1.0/development.xml[0m
[14.426s] [  1%] [34m[1mGenerating parameters.xml[0m
[14.551s] [  1%] [32m[1mLinking CXX static library libpx4_gz_msgs.a[0m
[14.584s] [  1%] Built target px4_gz_msgs
[14.603s] [  1%] [32mBuilding CXX object src/modules/simulation/gz_plugins/template_plugin/CMakeFiles/TemplatePlugin.dir/TemplateSystem.cpp.o[0m
[14.603s] [  1%] [32mBuilding CXX object src/modules/simulation/gz_plugins/moving_platform_controller/CMakeFiles/MovingPlatformController.dir/MovingPlatformController.cpp.o[0m
[14.603s] [  1%] [32mBuilding CXX object src/modules/simulation/gz_plugins/generic_motor/CMakeFiles/GenericMotorModelPlugin.dir/GenericMotorModel.cpp.o[0m
[14.610s] [  1%] [32mBuilding CXX object src/modules/simulation/gz_plugins/spacecraft_thruster/CMakeFiles/SpacecraftThrusterModelPlugin.dir/SpacecraftThrusterModel.cpp.o[0m
[14.610s] [  1%] [32mBuilding CXX object src/modules/simulation/gz_plugins/buoyancy/CMakeFiles/BuoyancySystemPlugin.dir/BuoyancySystem.cpp.o[0m
[14.746s] [  1%] Built target uorb_headers
[14.766s] [  3%] [32mBuilding C object platforms/common/work_queue/CMakeFiles/work_queue.dir/hrt_queue.c.o[0m
[14.767s] [  3%] [32mBuilding C object platforms/common/work_queue/CMakeFiles/work_queue.dir/hrt_thread.c.o[0m
[14.767s] [  3%] [32mBuilding C object platforms/common/work_queue/CMakeFiles/work_queue.dir/dq_remfirst.c.o[0m
[14.767s] [  3%] [34m[1mCreating directories for 'libmicroxrceddsclient_project'[0m
[14.767s] [  3%] [32mBuilding C object platforms/common/work_queue/CMakeFiles/work_queue.dir/queue.c.o[0m
[14.767s] [  3%] [32mBuilding CXX object src/lib/lat_lon_alt/CMakeFiles/lat_lon_alt.dir/lat_lon_alt.cpp.o[0m
[14.767s] [  3%] [32mBuilding CXX object src/lib/tinybson/CMakeFiles/tinybson.dir/tinybson.cpp.o[0m
[14.767s] [  3%] [32mBuilding CXX object src/lib/perf/CMakeFiles/perf.dir/perf_counter.cpp.o[0m
[14.767s] [  3%] [32mBuilding C object src/lib/version/CMakeFiles/version.dir/version.c.o[0m
[14.767s] [  3%] [32mBuilding C object platforms/common/work_queue/CMakeFiles/work_queue.dir/hrt_work_cancel.c.o[0m
[14.767s] [  3%] [34m[1mGenerating uORB json files[0m
[14.768s] [  3%] [32mBuilding CXX object src/lib/world_magnetic_model/CMakeFiles/world_magnetic_model.dir/geo_mag_declination.cpp.o[0m
[14.768s] [  3%] [32mBuilding C object platforms/common/work_queue/CMakeFiles/work_queue.dir/dq_addlast.c.o[0m
[14.768s] [  3%] [32mBuilding CXX object src/lib/geo/CMakeFiles/geo.dir/geo.cpp.o[0m
[14.768s] [  3%] [32mBuilding CXX object src/lib/wind_estimator/CMakeFiles/wind_estimator.dir/WindEstimator.cpp.o[0m
[14.769s] [  3%] [32mBuilding CXX object src/modules/commander/ModeUtil/CMakeFiles/mode_util.dir/control_mode.cpp.o[0m
[14.769s] [  3%] [32mBuilding CXX object src/modules/ekf2/EKF/bias_estimator/CMakeFiles/bias_estimator.dir/bias_estimator.cpp.o[0m
[14.769s] [  3%] [32mBuilding CXX object src/modules/ekf2/EKF/yaw_estimator/CMakeFiles/yaw_estimator.dir/EKFGSF_yaw.cpp.o[0m
[14.772s] [  3%] [34m[1mGenerating uORB topic sources[0m
[14.773s] [  3%] [32mBuilding C object platforms/common/work_queue/CMakeFiles/work_queue.dir/sq_addafter.c.o[0m
[14.776s] [  3%] [32mBuilding C object platforms/common/work_queue/CMakeFiles/work_queue.dir/sq_addlast.c.o[0m
[14.777s] [  3%] [32mBuilding CXX object src/modules/commander/ModeUtil/CMakeFiles/mode_util.dir/mode_requirements.cpp.o[0m
[14.777s] [  3%] [32mBuilding C object platforms/common/work_queue/CMakeFiles/work_queue.dir/dq_rem.c.o[0m
[14.785s] [  3%] [34m[1mGenerating px4 event json file from source[0m
[14.799s] [  3%] [34m[1mNo download step for 'libmicroxrceddsclient_project'[0m
[14.818s] [  3%] [32mBuilding C object platforms/common/work_queue/CMakeFiles/work_queue.dir/sq_remfirst.c.o[0m
[14.819s] [  3%] [32mBuilding C object platforms/common/work_queue/CMakeFiles/work_queue.dir/work_cancel.c.o[0m
[14.826s] [  3%] [32mBuilding C object platforms/common/work_queue/CMakeFiles/work_queue.dir/work_queue.c.o[0m
[14.827s] [  3%] [32mBuilding C object platforms/common/work_queue/CMakeFiles/work_queue.dir/work_lock.c.o[0m
[14.828s] [  3%] [34m[1mNo update step for 'libmicroxrceddsclient_project'[0m
[14.831s] [  3%] [32mBuilding C object platforms/common/work_queue/CMakeFiles/work_queue.dir/work_thread.c.o[0m
[14.845s] [  3%] Built target mavlink_c_generate
[14.855s] [  3%] [34m[1mNo patch step for 'libmicroxrceddsclient_project'[0m
[14.869s] [  3%] [32m[1mLinking CXX static library libmode_util.a[0m
[14.885s] [  3%] [34m[1mPerforming configure step for 'libmicroxrceddsclient_project'[0m
[14.902s] [  3%] Built target mode_util
[14.906s] [  3%] [32m[1mLinking C static library libversion.a[0m
[14.927s] [  3%] [32m[1mLinking C static library libwork_queue.a[0m
[14.942s] [  3%] Built target version
[14.966s] [  3%] Built target work_queue
[14.969s] [  3%] [32m[1mLinking CXX static library libworld_magnetic_model.a[0m
[14.974s] [  3%] [32m[1mLinking CXX static library libbias_estimator.a[0m
[14.997s] [  3%] Built target world_magnetic_model
[14.997s] [  3%] [32m[1mLinking CXX static library libperf.a[0m
[15.003s] [  3%] Built target bias_estimator
[15.026s] [  3%] Built target perf
[15.031s] [  3%] [32m[1mLinking CXX static library libgeo.a[0m
[15.036s] [  3%] [32m[1mLinking CXX static library liblat_lon_alt.a[0m
[15.061s] [  3%] Built target geo
[15.063s] [  3%] Built target lat_lon_alt
[15.080s] [  3%] [32mBuilding CXX object src/modules/ekf2/EKF/output_predictor/CMakeFiles/output_predictor.dir/output_predictor.cpp.o[0m
[15.089s] [  3%] [32m[1mLinking CXX static library libtinybson.a[0m
[15.116s] [  3%] Built target tinybson
[15.130s] [  3%] [34m[1mGenerating parameters.xml[0m
[15.171s] [  3%] [32m[1mLinking CXX static library libwind_estimator.a[0m
[15.187s] [  3%] [34m[1mGenerating combined event json file[0m
[15.203s] [  3%] Built target wind_estimator
[15.282s] -- libmicroxrceddsclient_project configure command succeeded.  See also /home/adamgb/phd/gazebo_ws/build/px4/src/modules/uxrce_dds_client/src/libmicroxrceddsclient_project-stamp/libmicroxrceddsclient_project-configure-*.log
[15.302s] [  3%] [34m[1mPerforming build step for 'libmicroxrceddsclient_project'[0m
[15.467s] [  3%] Built target events_json
[15.661s] [  3%] [32m[1mLinking CXX static library liboutput_predictor.a[0m
[15.673s] [  5%] [34m[1mGenerating uORB compressed fields[0m
[15.689s] [  5%] Built target output_predictor
[15.705s] [  5%] [32m[1mLinking CXX static library libyaw_estimator.a[0m
[15.740s] [  5%] Built target yaw_estimator
[15.762s] [  5%] [32mBuilding CXX object src/modules/ekf2/EKF/CMakeFiles/ecl_EKF.dir/estimator_interface.cpp.o[0m
[15.762s] [  5%] [32mBuilding CXX object src/modules/ekf2/EKF/CMakeFiles/ecl_EKF.dir/covariance.cpp.o[0m
[15.763s] [  5%] [32mBuilding CXX object src/modules/ekf2/EKF/CMakeFiles/ecl_EKF.dir/control.cpp.o[0m
[15.764s] [  5%] [32mBuilding CXX object src/modules/ekf2/EKF/CMakeFiles/ecl_EKF.dir/ekf.cpp.o[0m
[15.764s] [  5%] [32mBuilding CXX object src/modules/ekf2/EKF/CMakeFiles/ecl_EKF.dir/ekf_helper.cpp.o[0m
[15.764s] [  5%] [32mBuilding CXX object src/modules/ekf2/EKF/CMakeFiles/ecl_EKF.dir/height_control.cpp.o[0m
[15.764s] [  5%] [32mBuilding CXX object src/modules/ekf2/EKF/CMakeFiles/ecl_EKF.dir/yaw_fusion.cpp.o[0m
[15.764s] [  5%] [32mBuilding CXX object src/modules/ekf2/EKF/CMakeFiles/ecl_EKF.dir/velocity_fusion.cpp.o[0m
[15.765s] [  5%] [32mBuilding CXX object src/modules/ekf2/EKF/CMakeFiles/ecl_EKF.dir/aid_sources/fake_height_control.cpp.o[0m
[15.765s] [  5%] [32mBuilding CXX object src/modules/ekf2/EKF/CMakeFiles/ecl_EKF.dir/aid_sources/ZeroGyroUpdate.cpp.o[0m
[15.765s] [  7%] [32mBuilding CXX object src/modules/ekf2/EKF/CMakeFiles/ecl_EKF.dir/position_fusion.cpp.o[0m
[15.765s] [  7%] [32mBuilding CXX object src/modules/ekf2/EKF/CMakeFiles/ecl_EKF.dir/aid_sources/fake_pos_control.cpp.o[0m
[15.765s] [  7%] [32mBuilding CXX object src/modules/ekf2/EKF/CMakeFiles/ecl_EKF.dir/imu_down_sampler/imu_down_sampler.cpp.o[0m
[15.765s] [  7%] [32mBuilding CXX object src/modules/ekf2/EKF/CMakeFiles/ecl_EKF.dir/aid_sources/zero_innovation_heading_update.cpp.o[0m
[15.765s] [  7%] [32mBuilding CXX object src/modules/ekf2/EKF/CMakeFiles/ecl_EKF.dir/aid_sources/ZeroVelocityUpdate.cpp.o[0m
[15.766s] [  7%] [32mBuilding CXX object src/modules/ekf2/EKF/CMakeFiles/ecl_EKF.dir/aid_sources/airspeed/airspeed_fusion.cpp.o[0m
[15.767s] [  7%] [32mBuilding CXX object src/modules/ekf2/EKF/CMakeFiles/ecl_EKF.dir/aid_sources/aux_global_position/aux_global_position.cpp.o[0m
[15.767s] [  7%] [32mBuilding CXX object src/modules/ekf2/EKF/CMakeFiles/ecl_EKF.dir/aid_sources/auxvel/auxvel_fusion.cpp.o[0m
[15.770s] [  7%] [32mBuilding CXX object src/modules/ekf2/EKF/CMakeFiles/ecl_EKF.dir/aid_sources/barometer/baro_height_control.cpp.o[0m
[15.772s] [  7%] [32mBuilding CXX object src/modules/ekf2/EKF/CMakeFiles/ecl_EKF.dir/aid_sources/drag/drag_fusion.cpp.o[0m
[15.775s] [  7%] [32mBuilding CXX object src/modules/ekf2/EKF/CMakeFiles/ecl_EKF.dir/aid_sources/external_vision/ev_height_control.cpp.o[0m
[15.778s] [  7%] [32mBuilding CXX object src/modules/ekf2/EKF/CMakeFiles/ecl_EKF.dir/aid_sources/external_vision/ev_control.cpp.o[0m
[15.987s] [  7%] [32mBuilding CXX object src/modules/ekf2/EKF/CMakeFiles/ecl_EKF.dir/aid_sources/external_vision/ev_pos_control.cpp.o[0m
[16.027s] [  7%] [32mBuilding CXX object src/modules/ekf2/EKF/CMakeFiles/ecl_EKF.dir/aid_sources/external_vision/ev_vel_control.cpp.o[0m
[16.046s] [  7%] [32mBuilding CXX object src/modules/ekf2/EKF/CMakeFiles/ecl_EKF.dir/aid_sources/gnss/gnss_checks.cpp.o[0m
[16.046s] [  7%] [32mBuilding CXX object src/modules/ekf2/EKF/CMakeFiles/ecl_EKF.dir/aid_sources/gnss/gnss_height_control.cpp.o[0m
[16.049s] [  7%] [32mBuilding CXX object src/modules/ekf2/EKF/CMakeFiles/ecl_EKF.dir/aid_sources/external_vision/ev_yaw_control.cpp.o[0m
[16.075s] [  7%] [32mBuilding CXX object src/modules/ekf2/EKF/CMakeFiles/ecl_EKF.dir/aid_sources/gnss/gps_control.cpp.o[0m
[16.090s] [  8%] [32mBuilding CXX object src/modules/ekf2/EKF/CMakeFiles/ecl_EKF.dir/aid_sources/gnss/gnss_yaw_control.cpp.o[0m
[16.109s] [  8%] [32mBuilding CXX object src/modules/ekf2/EKF/CMakeFiles/ecl_EKF.dir/aid_sources/gravity/gravity_fusion.cpp.o[0m
[16.115s] [  8%] [32mBuilding CXX object src/modules/ekf2/EKF/CMakeFiles/ecl_EKF.dir/aid_sources/magnetometer/mag_control.cpp.o[0m
[16.125s] [  8%] [32mBuilding CXX object src/modules/ekf2/EKF/CMakeFiles/ecl_EKF.dir/aid_sources/magnetometer/mag_fusion.cpp.o[0m
[16.130s] [  8%] [32mBuilding CXX object src/modules/ekf2/EKF/CMakeFiles/ecl_EKF.dir/aid_sources/optical_flow/optical_flow_control.cpp.o[0m
[16.155s] [  8%] [32mBuilding CXX object src/modules/ekf2/EKF/CMakeFiles/ecl_EKF.dir/aid_sources/optical_flow/optical_flow_fusion.cpp.o[0m
[16.181s] [  8%] [32mBuilding CXX object src/modules/ekf2/EKF/CMakeFiles/ecl_EKF.dir/aid_sources/range_finder/range_finder_consistency_check.cpp.o[0m
[16.184s] [  8%] Built target parameters_xml
[16.186s] [  8%] [32mBuilding CXX object src/modules/ekf2/EKF/CMakeFiles/ecl_EKF.dir/aid_sources/range_finder/range_height_control.cpp.o[0m
[16.209s] [  8%] [32mBuilding CXX object src/modules/ekf2/EKF/CMakeFiles/ecl_EKF.dir/aid_sources/range_finder/range_height_fusion.cpp.o[0m
[16.255s] [  8%] [32mBuilding CXX object src/modules/ekf2/EKF/CMakeFiles/ecl_EKF.dir/aid_sources/range_finder/sensor_range_finder.cpp.o[0m
[16.267s] [  8%] [32mBuilding CXX object src/modules/ekf2/EKF/CMakeFiles/ecl_EKF.dir/aid_sources/sideslip/sideslip_fusion.cpp.o[0m
[16.382s] [  8%] [32mBuilding CXX object src/modules/ekf2/EKF/CMakeFiles/ecl_EKF.dir/terrain_control.cpp.o[0m
[16.402s] [  8%] [34m[1mGenerating component_general.json and checksums.h[0m
[16.422s] [  8%] [32mBuilding CXX object src/modules/ekf2/EKF/CMakeFiles/ecl_EKF.dir/wind.cpp.o[0m
[16.576s] [  8%] Built target component_general_json
[16.594s] [  8%] [34m[1mGenerating ../romfs_files.tar[0m
[16.610s] [  8%] [34m[1mROMFS: copying, generating airframes[0m
[16.739s] [  8%] [34m[1mGenerating px4_parameters.hpp[0m
[16.842s] [  8%] [32mBuilding CXX object src/lib/parameters/CMakeFiles/parameters.dir/param_translation_unit_tests.cpp.o[0m
[16.842s] [  8%] [32mBuilding CXX object src/lib/parameters/CMakeFiles/parameters.dir/parameters.cpp.o[0m
[16.842s] [  8%] [32mBuilding CXX object src/lib/parameters/CMakeFiles/parameters.dir/atomic_transaction.cpp.o[0m
[16.844s] [  8%] [32mBuilding CXX object src/lib/parameters/CMakeFiles/parameters.dir/autosave.cpp.o[0m
[17.035s] [  8%] [34m[1mROMFS: copying extras[0m
[17.080s] [  8%] Built target romfs_gen_files_target
[17.138s] [  8%] [32m[1mLinking CXX static library libecl_EKF.a[0m
[17.198s] [  8%] Built target ecl_EKF
[17.221s] [  8%] [32mBuilding CXX object src/modules/ekf2/test/test_helper/CMakeFiles/ecl_test_helper.dir/comparison_helper.cpp.o[0m
[17.221s] [  8%] [32mBuilding CXX object src/modules/ekf2/test/test_helper/CMakeFiles/ecl_test_helper.dir/reset_logging_checker.cpp.o[0m
[17.411s] [  8%] [32m[1mLinking CXX static library libparameters.a[0m
[17.451s] [  8%] Built target parameters
[17.471s] [  8%] [32mBuilding CXX object platforms/common/px4_work_queue/CMakeFiles/px4_work_queue.dir/ScheduledWorkItem.cpp.o[0m
[17.471s] [  8%] [32mBuilding CXX object platforms/common/px4_work_queue/CMakeFiles/px4_work_queue.dir/WorkQueueManager.cpp.o[0m
[17.474s] [  8%] [32mBuilding CXX object platforms/common/px4_work_queue/CMakeFiles/px4_work_queue.dir/WorkItemSingleShot.cpp.o[0m
[17.474s] [  8%] [32mBuilding CXX object platforms/common/px4_work_queue/CMakeFiles/px4_work_queue.dir/WorkItem.cpp.o[0m
[17.474s] [  8%] [32mBuilding CXX object platforms/common/px4_work_queue/CMakeFiles/px4_work_queue.dir/WorkQueue.cpp.o[0m
[17.476s] [  8%] [32m[1mLinking CXX static library libecl_test_helper.a[0m
[17.508s] [  8%] Built target ecl_test_helper
[17.714s] [  8%] [32m[1mLinking CXX static library libpx4_work_queue.a[0m
[17.752s] [  8%] Built target px4_work_queue
[17.772s] [  8%] [32mBuilding C object platforms/common/CMakeFiles/px4_platform.dir/board_identity.c.o[0m
[17.772s] [  8%] [32mBuilding CXX object platforms/common/CMakeFiles/px4_platform.dir/px4_cli.cpp.o[0m
[17.772s] [  8%] [32mBuilding C object platforms/common/CMakeFiles/px4_platform.dir/board_common.c.o[0m
[17.772s] [  8%] [32mBuilding CXX object platforms/common/CMakeFiles/px4_platform.dir/external_reset_lockout.cpp.o[0m
[17.773s] [  8%] [32mBuilding CXX object platforms/common/CMakeFiles/px4_platform.dir/i2c.cpp.o[0m
[17.773s] [  8%] [32mBuilding C object platforms/common/CMakeFiles/px4_platform.dir/pab_manifest.c.o[0m
[17.774s] [  8%] [32mBuilding CXX object platforms/common/CMakeFiles/px4_platform.dir/i2c_spi_buses.cpp.o[0m
[17.774s] [  8%] [32mBuilding CXX object platforms/common/CMakeFiles/px4_platform.dir/module.cpp.o[0m
[17.774s] [  8%] [32mBuilding CXX object platforms/common/CMakeFiles/px4_platform.dir/shutdown.cpp.o[0m
[17.774s] [  8%] [32mBuilding C object platforms/common/CMakeFiles/px4_platform.dir/px4_getopt.c.o[0m
[17.774s] [  8%] [32mBuilding CXX object platforms/common/CMakeFiles/px4_platform.dir/Serial.cpp.o[0m
[17.775s] [  8%] [32mBuilding CXX object platforms/common/CMakeFiles/px4_platform.dir/spi.cpp.o[0m
[17.775s] [ 10%] [32mBuilding CXX object platforms/common/CMakeFiles/px4_platform.dir/px4_log.cpp.o[0m
[17.775s] [ 10%] [32mBuilding CXX object platforms/common/CMakeFiles/px4_platform.dir/px4_log_history.cpp.o[0m
[17.811s] [ 10%] [32mBuilding CXX object msg/CMakeFiles/uorb_msgs.dir/topics_sources/actuator_controls_status.cpp.o[0m
[17.811s] [ 10%] [32mBuilding CXX object msg/CMakeFiles/uorb_msgs.dir/topics_sources/actuator_outputs.cpp.o[0m
[17.812s] [ 10%] [32mBuilding CXX object msg/CMakeFiles/uorb_msgs.dir/topics_sources/actuator_servos_trim.cpp.o[0m
[17.812s] [ 10%] [32mBuilding CXX object msg/CMakeFiles/uorb_msgs.dir/topics_sources/actuator_armed.cpp.o[0m
[17.812s] [ 10%] [32mBuilding CXX object msg/CMakeFiles/uorb_msgs.dir/topics_sources/action_request.cpp.o[0m
[17.812s] [ 10%] [32mBuilding CXX object msg/CMakeFiles/uorb_msgs.dir/topics_sources/actuator_test.cpp.o[0m
[17.812s] [ 10%] [32mBuilding CXX object msg/CMakeFiles/uorb_msgs.dir/topics_sources/airspeed_wind.cpp.o[0m
[17.812s] [ 10%] [32mBuilding CXX object msg/CMakeFiles/uorb_msgs.dir/topics_sources/autotune_attitude_control_status.cpp.o[0m
[17.812s] [ 10%] [32mBuilding CXX object msg/CMakeFiles/uorb_msgs.dir/topics_sources/button_event.cpp.o[0m
[17.812s] [ 10%] [32mBuilding CXX object msg/CMakeFiles/uorb_msgs.dir/topics_sources/adc_report.cpp.o[0m
[17.814s] [ 10%] [32mBuilding CXX object msg/CMakeFiles/uorb_msgs.dir/topics_sources/airspeed.cpp.o[0m
[17.815s] [ 10%] [32mBuilding CXX object msg/CMakeFiles/uorb_msgs.dir/topics_sources/battery_info.cpp.o[0m
[17.815s] [ 10%] [32mBuilding CXX object msg/CMakeFiles/uorb_msgs.dir/topics_sources/camera_capture.cpp.o[0m
[17.819s] [ 10%] [32mBuilding CXX object msg/CMakeFiles/uorb_msgs.dir/topics_sources/camera_trigger.cpp.o[0m
[17.820s] [ 10%] [32mBuilding CXX object msg/CMakeFiles/uorb_msgs.dir/topics_sources/camera_status.cpp.o[0m
[17.840s] [ 10%] [32mBuilding CXX object msg/CMakeFiles/uorb_msgs.dir/topics_sources/cellular_status.cpp.o[0m
[17.842s] [ 10%] [32mBuilding CXX object msg/CMakeFiles/uorb_msgs.dir/topics_sources/can_interface_status.cpp.o[0m
[17.854s] [ 10%] [32mBuilding CXX object msg/CMakeFiles/uorb_msgs.dir/topics_sources/collision_constraints.cpp.o[0m
[17.864s] [ 10%] [32mBuilding CXX object msg/CMakeFiles/uorb_msgs.dir/topics_sources/control_allocator_status.cpp.o[0m
[17.872s] [ 12%] [32mBuilding CXX object msg/CMakeFiles/uorb_msgs.dir/topics_sources/cpuload.cpp.o[0m
[17.873s] [ 12%] [32mBuilding CXX object msg/CMakeFiles/uorb_msgs.dir/topics_sources/dataman_response.cpp.o[0m
[17.874s] [ 12%] [32mBuilding CXX object msg/CMakeFiles/uorb_msgs.dir/topics_sources/dataman_request.cpp.o[0m
[17.892s] [ 12%] [32mBuilding CXX object msg/CMakeFiles/uorb_msgs.dir/topics_sources/debug_array.cpp.o[0m
[17.968s] [ 12%] [32mBuilding CXX object msg/CMakeFiles/uorb_msgs.dir/topics_sources/debug_key_value.cpp.o[0m
[17.969s] [ 12%] [32mBuilding CXX object msg/CMakeFiles/uorb_msgs.dir/topics_sources/debug_value.cpp.o[0m
[17.972s] [ 12%] [32mBuilding CXX object msg/CMakeFiles/uorb_msgs.dir/topics_sources/debug_vect.cpp.o[0m
[17.976s] [ 12%] [32mBuilding CXX object msg/CMakeFiles/uorb_msgs.dir/topics_sources/distance_sensor.cpp.o[0m
[17.977s] [ 12%] [32mBuilding CXX object msg/CMakeFiles/uorb_msgs.dir/topics_sources/distance_sensor_mode_change_request.cpp.o[0m
[17.977s] [ 12%] [32mBuilding CXX object msg/CMakeFiles/uorb_msgs.dir/topics_sources/dronecan_node_status.cpp.o[0m
[17.979s] [ 12%] [32mBuilding CXX object msg/CMakeFiles/uorb_msgs.dir/topics_sources/ekf2_timestamps.cpp.o[0m
[17.982s] [ 12%] [32mBuilding CXX object msg/CMakeFiles/uorb_msgs.dir/topics_sources/differential_pressure.cpp.o[0m
[17.985s] [ 12%] [32mBuilding CXX object msg/CMakeFiles/uorb_msgs.dir/topics_sources/esc_status.cpp.o[0m
[17.988s] [ 12%] [32mBuilding CXX object msg/CMakeFiles/uorb_msgs.dir/topics_sources/esc_report.cpp.o[0m
[17.994s] [ 12%] [32mBuilding CXX object msg/CMakeFiles/uorb_msgs.dir/topics_sources/estimator_aid_source1d.cpp.o[0m
[17.998s] [ 12%] [32mBuilding CXX object msg/CMakeFiles/uorb_msgs.dir/topics_sources/estimator_aid_source3d.cpp.o[0m
[17.998s] [ 12%] [32mBuilding CXX object msg/CMakeFiles/uorb_msgs.dir/topics_sources/estimator_aid_source2d.cpp.o[0m
[18.014s] [ 12%] [32mBuilding CXX object msg/CMakeFiles/uorb_msgs.dir/topics_sources/estimator_bias.cpp.o[0m
[18.019s] [ 12%] [32mBuilding CXX object msg/CMakeFiles/uorb_msgs.dir/topics_sources/estimator_bias3d.cpp.o[0m
[18.024s] [ 12%] [32mBuilding CXX object msg/CMakeFiles/uorb_msgs.dir/topics_sources/estimator_event_flags.cpp.o[0m
[18.027s] [ 14%] [32mBuilding CXX object msg/CMakeFiles/uorb_msgs.dir/topics_sources/estimator_gps_status.cpp.o[0m
[18.034s] [ 14%] [32mBuilding CXX object msg/CMakeFiles/uorb_msgs.dir/topics_sources/estimator_selector_status.cpp.o[0m
[18.037s] [ 14%] [32mBuilding CXX object msg/CMakeFiles/uorb_msgs.dir/topics_sources/estimator_sensor_bias.cpp.o[0m
[18.043s] [ 14%] [32mBuilding CXX object msg/CMakeFiles/uorb_msgs.dir/topics_sources/estimator_innovations.cpp.o[0m
[18.072s] [ 14%] [32mBuilding CXX object msg/CMakeFiles/uorb_msgs.dir/topics_sources/estimator_states.cpp.o[0m
[18.085s] [ 14%] [32mBuilding CXX object msg/CMakeFiles/uorb_msgs.dir/topics_sources/estimator_status.cpp.o[0m
[18.099s] [ 14%] [32mBuilding CXX object msg/CMakeFiles/uorb_msgs.dir/topics_sources/estimator_status_flags.cpp.o[0m
[18.126s] [ 14%] [32mBuilding CXX object msg/CMakeFiles/uorb_msgs.dir/topics_sources/failsafe_flags.cpp.o[0m
[18.136s] [ 14%] [32m[1mLinking CXX static library libpx4_platform.a[0m
[18.140s] [ 14%] [32m[1mLinking CXX shared library ../libTemplatePlugin.so[0m
[18.152s] [ 14%] [32mBuilding CXX object msg/CMakeFiles/uorb_msgs.dir/topics_sources/failure_detector_status.cpp.o[0m
[18.160s] [ 14%] [32mBuilding CXX object msg/CMakeFiles/uorb_msgs.dir/topics_sources/figure_eight_status.cpp.o[0m
[18.165s] [ 14%] [32mBuilding CXX object msg/CMakeFiles/uorb_msgs.dir/topics_sources/fixed_wing_lateral_status.cpp.o[0m
[18.172s] [ 14%] [32mBuilding CXX object msg/CMakeFiles/uorb_msgs.dir/topics_sources/fixed_wing_runway_control.cpp.o[0m
[18.172s] [ 14%] [32mBuilding CXX object msg/CMakeFiles/uorb_msgs.dir/topics_sources/fixed_wing_lateral_guidance_status.cpp.o[0m
[18.183s] [ 14%] Built target px4_platform
[18.188s] [ 14%] [32mBuilding CXX object msg/CMakeFiles/uorb_msgs.dir/topics_sources/flight_phase_estimation.cpp.o[0m
[18.213s] [ 14%] [32mBuilding CXX object msg/CMakeFiles/uorb_msgs.dir/topics_sources/follow_target_status.cpp.o[0m
[18.214s] [ 14%] [32mBuilding CXX object msg/CMakeFiles/uorb_msgs.dir/topics_sources/follow_target_estimator.cpp.o[0m
[18.215s] [ 14%] [32mBuilding CXX object msg/CMakeFiles/uorb_msgs.dir/topics_sources/follow_target.cpp.o[0m
[18.219s] [ 14%] [32mBuilding CXX object msg/CMakeFiles/uorb_msgs.dir/topics_sources/fuel_tank_status.cpp.o[0m
[18.222s] [ 14%] [32mBuilding CXX object platforms/posix/src/px4/common/lockstep_scheduler/CMakeFiles/lockstep_scheduler.dir/src/lockstep_scheduler.cpp.o[0m
[18.228s] [ 14%] [32mBuilding CXX object msg/CMakeFiles/uorb_msgs.dir/topics_sources/geofence_result.cpp.o[0m
[18.231s] [ 14%] [32mBuilding CXX object msg/CMakeFiles/uorb_msgs.dir/topics_sources/generator_status.cpp.o[0m
[18.239s] [ 14%] [32mBuilding CXX object msg/CMakeFiles/uorb_msgs.dir/topics_sources/geofence_status.cpp.o[0m
[18.289s] [ 16%] [32mBuilding CXX object msg/CMakeFiles/uorb_msgs.dir/topics_sources/gimbal_controls.cpp.o[0m
[18.299s] [ 16%] [32mBuilding CXX object platforms/posix/src/px4/common/lockstep_scheduler/CMakeFiles/lockstep_scheduler.dir/src/lockstep_components.cpp.o[0m
[18.300s] [ 16%] Built target TemplatePlugin
[18.309s] [ 16%] [32mBuilding CXX object msg/CMakeFiles/uorb_msgs.dir/topics_sources/gimbal_device_set_attitude.cpp.o[0m
[18.314s] [ 16%] [32mBuilding CXX object msg/CMakeFiles/uorb_msgs.dir/topics_sources/gimbal_device_information.cpp.o[0m
[18.315s] [ 16%] [32mBuilding CXX object msg/CMakeFiles/uorb_msgs.dir/topics_sources/gimbal_device_attitude_status.cpp.o[0m
[18.315s] [ 16%] [32mBuilding CXX object msg/CMakeFiles/uorb_msgs.dir/topics_sources/gimbal_manager_information.cpp.o[0m
[18.331s] [ 16%] [32mBuilding CXX object msg/CMakeFiles/uorb_msgs.dir/topics_sources/gimbal_manager_set_attitude.cpp.o[0m
[18.336s] [ 16%] [32mBuilding CXX object msg/CMakeFiles/uorb_msgs.dir/topics_sources/gimbal_manager_set_manual_control.cpp.o[0m
[18.340s] [ 16%] [32mBuilding CXX object msg/CMakeFiles/uorb_msgs.dir/topics_sources/gimbal_manager_status.cpp.o[0m
[18.345s] [ 16%] [32mBuilding CXX object msg/CMakeFiles/uorb_msgs.dir/topics_sources/gpio_config.cpp.o[0m
[18.359s] [ 16%] [32mBuilding CXX object msg/CMakeFiles/uorb_msgs.dir/topics_sources/gpio_in.cpp.o[0m
[18.395s] [ 16%] [32mBuilding CXX object msg/CMakeFiles/uorb_msgs.dir/topics_sources/gpio_out.cpp.o[0m
[18.414s] [ 16%] [32mBuilding CXX object msg/CMakeFiles/uorb_msgs.dir/topics_sources/gps_dump.cpp.o[0m
[18.421s] [ 16%] [32mBuilding CXX object msg/CMakeFiles/uorb_msgs.dir/topics_sources/gps_inject_data.cpp.o[0m
[18.428s] [ 16%] [32mBuilding CXX object msg/CMakeFiles/uorb_msgs.dir/topics_sources/health_report.cpp.o[0m
[18.428s] [ 16%] [32mBuilding CXX object msg/CMakeFiles/uorb_msgs.dir/topics_sources/gripper.cpp.o[0m
[18.432s] [ 16%] [32mBuilding CXX object msg/CMakeFiles/uorb_msgs.dir/topics_sources/gpio_request.cpp.o[0m
[18.432s] [ 16%] [32mBuilding CXX object msg/CMakeFiles/uorb_msgs.dir/topics_sources/heater_status.cpp.o[0m
[18.454s] [ 16%] [32mBuilding CXX object msg/CMakeFiles/uorb_msgs.dir/topics_sources/hover_thrust_estimate.cpp.o[0m
[18.465s] [ 16%] [32mBuilding CXX object msg/CMakeFiles/uorb_msgs.dir/topics_sources/input_rc.cpp.o[0m
[18.470s] [ 16%] [32mBuilding CXX object msg/CMakeFiles/uorb_msgs.dir/topics_sources/internal_combustion_engine_control.cpp.o[0m
[18.476s] [ 16%] [32mBuilding CXX object msg/CMakeFiles/uorb_msgs.dir/topics_sources/irlock_report.cpp.o[0m
[18.477s] [ 17%] [32mBuilding CXX object msg/CMakeFiles/uorb_msgs.dir/topics_sources/iridiumsbd_status.cpp.o[0m
[18.480s] [ 17%] [32mBuilding CXX object msg/CMakeFiles/uorb_msgs.dir/topics_sources/internal_combustion_engine_status.cpp.o[0m
[18.486s] [ 17%] [32mBuilding CXX object msg/CMakeFiles/uorb_msgs.dir/topics_sources/landing_gear.cpp.o[0m
[18.488s] [ 17%] [32mBuilding CXX object msg/CMakeFiles/uorb_msgs.dir/topics_sources/landing_gear_wheel.cpp.o[0m
[18.489s] [ 17%] [32mBuilding CXX object msg/CMakeFiles/uorb_msgs.dir/topics_sources/landing_target_innovations.cpp.o[0m
[18.493s] [ 17%] [32mBuilding CXX object msg/CMakeFiles/uorb_msgs.dir/topics_sources/landing_target_pose.cpp.o[0m
[18.501s] [ 17%] [32mBuilding CXX object msg/CMakeFiles/uorb_msgs.dir/topics_sources/led_control.cpp.o[0m
[18.503s] [ 17%] [32mBuilding CXX object msg/CMakeFiles/uorb_msgs.dir/topics_sources/launch_detection_status.cpp.o[0m
[18.526s] [ 17%] [32mBuilding CXX object msg/CMakeFiles/uorb_msgs.dir/topics_sources/log_message.cpp.o[0m
[18.542s] [ 17%] [32mBuilding CXX object msg/CMakeFiles/uorb_msgs.dir/topics_sources/logger_status.cpp.o[0m
[18.542s] [ 17%] [32mBuilding CXX object msg/CMakeFiles/uorb_msgs.dir/topics_sources/mag_worker_data.cpp.o[0m
[18.547s] [ 17%] [32mBuilding CXX object msg/CMakeFiles/uorb_msgs.dir/topics_sources/magnetometer_bias_estimate.cpp.o[0m
[18.574s] [ 17%] [32mBuilding CXX object msg/CMakeFiles/uorb_msgs.dir/topics_sources/manual_control_switches.cpp.o[0m
[18.585s] [ 17%] [32mBuilding CXX object msg/CMakeFiles/uorb_msgs.dir/topics_sources/mavlink_tunnel.cpp.o[0m
[18.587s] [ 17%] [32mBuilding CXX object msg/CMakeFiles/uorb_msgs.dir/topics_sources/mavlink_log.cpp.o[0m
[18.589s] [ 17%] [32mBuilding CXX object msg/CMakeFiles/uorb_msgs.dir/topics_sources/message_format_request.cpp.o[0m
[18.595s] [ 17%] [32mBuilding CXX object msg/CMakeFiles/uorb_msgs.dir/topics_sources/message_format_response.cpp.o[0m
[18.598s] [ 17%] [32mBuilding CXX object msg/CMakeFiles/uorb_msgs.dir/topics_sources/mission.cpp.o[0m
[18.609s] [ 17%] [32mBuilding CXX object msg/CMakeFiles/uorb_msgs.dir/topics_sources/mission_result.cpp.o[0m
[18.610s] [ 17%] [32m[1mLinking CXX static library liblockstep_scheduler.a[0m
[18.620s] [ 17%] [32mBuilding CXX object msg/CMakeFiles/uorb_msgs.dir/topics_sources/mount_orientation.cpp.o[0m
[18.621s] [ 17%] [32mBuilding CXX object msg/CMakeFiles/uorb_msgs.dir/topics_sources/navigator_mission_item.cpp.o[0m
[18.626s] [ 19%] [32mBuilding CXX object msg/CMakeFiles/uorb_msgs.dir/topics_sources/navigator_status.cpp.o[0m
[18.642s] [ 19%] [32mBuilding CXX object msg/CMakeFiles/uorb_msgs.dir/topics_sources/neural_control.cpp.o[0m
[18.648s] [ 19%] [32mBuilding CXX object msg/CMakeFiles/uorb_msgs.dir/topics_sources/normalized_unsigned_setpoint.cpp.o[0m
[18.657s] [ 19%] [32mBuilding CXX object msg/CMakeFiles/uorb_msgs.dir/topics_sources/obstacle_distance.cpp.o[0m
[18.657s] [ 19%] Built target lockstep_scheduler
[18.661s] [ 19%] [32mBuilding CXX object msg/CMakeFiles/uorb_msgs.dir/topics_sources/onboard_computer_status.cpp.o[0m
[18.662s] [ 19%] [32mBuilding CXX object msg/CMakeFiles/uorb_msgs.dir/topics_sources/offboard_control_mode.cpp.o[0m
[18.667s] [ 19%] [32mBuilding CXX object msg/CMakeFiles/uorb_msgs.dir/topics_sources/open_drone_id_operator_id.cpp.o[0m
[18.668s] [ 19%] [32mBuilding CXX object msg/CMakeFiles/uorb_msgs.dir/topics_sources/open_drone_id_self_id.cpp.o[0m
[18.671s] [ 19%] [32mBuilding CXX object msg/CMakeFiles/uorb_msgs.dir/topics_sources/open_drone_id_system.cpp.o[0m
[18.672s] [ 19%] [32mBuilding CXX object msg/CMakeFiles/uorb_msgs.dir/topics_sources/open_drone_id_arm_status.cpp.o[0m
[18.682s] [ 19%] [32mBuilding CXX object msg/CMakeFiles/uorb_msgs.dir/topics_sources/orb_test.cpp.o[0m
[18.683s] [ 19%] [32mBuilding CXX object msg/CMakeFiles/uorb_msgs.dir/topics_sources/orb_test_large.cpp.o[0m
[18.688s] [ 19%] [32mBuilding CXX object msg/CMakeFiles/uorb_msgs.dir/topics_sources/orb_test_medium.cpp.o[0m
[18.692s] [ 19%] [32mBuilding CXX object platforms/posix/src/px4/common/px4_daemon/CMakeFiles/px4_daemon.dir/pxh.cpp.o[0m
[18.742s] [ 19%] [32mBuilding CXX object platforms/posix/src/px4/common/px4_daemon/CMakeFiles/px4_daemon.dir/history.cpp.o[0m
[18.746s] [ 19%] [32mBuilding CXX object platforms/posix/src/px4/common/px4_daemon/CMakeFiles/px4_daemon.dir/client.cpp.o[0m
[18.748s] [ 19%] [32mBuilding CXX object msg/CMakeFiles/uorb_msgs.dir/topics_sources/orbit_status.cpp.o[0m
[18.763s] [ 19%] [32mBuilding CXX object platforms/posix/src/px4/common/px4_daemon/CMakeFiles/px4_daemon.dir/server.cpp.o[0m
[18.766s] [ 19%] [32mBuilding CXX object msg/CMakeFiles/uorb_msgs.dir/topics_sources/parameter_reset_request.cpp.o[0m
[18.766s] [ 19%] [32mBuilding CXX object platforms/posix/src/px4/common/px4_daemon/CMakeFiles/px4_daemon.dir/server_io.cpp.o[0m
[18.771s] [ 19%] [32mBuilding CXX object msg/CMakeFiles/uorb_msgs.dir/topics_sources/parameter_set_used_request.cpp.o[0m
[18.788s] [ 19%] [32mBuilding CXX object platforms/posix/src/px4/common/px4_daemon/CMakeFiles/px4_daemon.dir/sock_protocol.cpp.o[0m
[18.789s] [ 19%] [32mBuilding CXX object msg/CMakeFiles/uorb_msgs.dir/topics_sources/parameter_set_value_request.cpp.o[0m
[18.799s] [ 19%] [32mBuilding CXX object msg/CMakeFiles/uorb_msgs.dir/topics_sources/parameter_set_value_response.cpp.o[0m
[18.806s] [ 19%] [32mBuilding CXX object msg/CMakeFiles/uorb_msgs.dir/topics_sources/parameter_update.cpp.o[0m
[18.809s] [ 19%] [32mBuilding CXX object msg/CMakeFiles/uorb_msgs.dir/topics_sources/ping.cpp.o[0m
[18.818s] [ 21%] [32mBuilding CXX object msg/CMakeFiles/uorb_msgs.dir/topics_sources/position_controller_landing_status.cpp.o[0m
[18.828s] [ 21%] [32mBuilding CXX object msg/CMakeFiles/uorb_msgs.dir/topics_sources/position_setpoint.cpp.o[0m
[18.828s] [ 21%] [32mBuilding CXX object msg/CMakeFiles/uorb_msgs.dir/topics_sources/position_controller_status.cpp.o[0m
[18.829s] [ 21%] [32mBuilding CXX object msg/CMakeFiles/uorb_msgs.dir/topics_sources/position_setpoint_triplet.cpp.o[0m
[18.840s] [ 21%] [32mBuilding CXX object msg/CMakeFiles/uorb_msgs.dir/topics_sources/power_button_state.cpp.o[0m
[18.848s] [ 21%] [32mBuilding CXX object msg/CMakeFiles/uorb_msgs.dir/topics_sources/power_monitor.cpp.o[0m
[18.857s] [ 21%] [32mBuilding CXX object msg/CMakeFiles/uorb_msgs.dir/topics_sources/pps_capture.cpp.o[0m
[18.866s] [ 21%] [32mBuilding CXX object msg/CMakeFiles/uorb_msgs.dir/topics_sources/pure_pursuit_status.cpp.o[0m
[18.878s] [ 21%] [32mBuilding CXX object msg/CMakeFiles/uorb_msgs.dir/topics_sources/px4io_status.cpp.o[0m
[18.884s] [ 21%] [32mBuilding CXX object msg/CMakeFiles/uorb_msgs.dir/topics_sources/pwm_input.cpp.o[0m
[18.905s] [ 21%] [32mBuilding CXX object msg/CMakeFiles/uorb_msgs.dir/topics_sources/qshell_req.cpp.o[0m
[18.929s] [ 21%] [32mBuilding CXX object msg/CMakeFiles/uorb_msgs.dir/topics_sources/qshell_retval.cpp.o[0m
[18.938s] [ 21%] [32mBuilding CXX object msg/CMakeFiles/uorb_msgs.dir/topics_sources/radio_status.cpp.o[0m
[18.938s] [ 21%] [32mBuilding CXX object msg/CMakeFiles/uorb_msgs.dir/topics_sources/rate_ctrl_status.cpp.o[0m
[18.947s] [ 21%] [32mBuilding CXX object msg/CMakeFiles/uorb_msgs.dir/topics_sources/rc_channels.cpp.o[0m
[18.961s] [ 21%] [32mBuilding CXX object msg/CMakeFiles/uorb_msgs.dir/topics_sources/rc_parameter_map.cpp.o[0m
[18.978s] [ 21%] [32mBuilding CXX object msg/CMakeFiles/uorb_msgs.dir/topics_sources/rover_attitude_setpoint.cpp.o[0m
[18.994s] [ 21%] [32mBuilding CXX object msg/CMakeFiles/uorb_msgs.dir/topics_sources/rover_attitude_status.cpp.o[0m
[18.997s] [ 21%] [32mBuilding CXX object msg/CMakeFiles/uorb_msgs.dir/topics_sources/rover_position_setpoint.cpp.o[0m
[19.001s] [ 21%] [32mBuilding CXX object msg/CMakeFiles/uorb_msgs.dir/topics_sources/rover_rate_setpoint.cpp.o[0m
[19.003s] [ 21%] [32mBuilding CXX object msg/CMakeFiles/uorb_msgs.dir/topics_sources/rover_rate_status.cpp.o[0m
[19.006s] [ 23%] [32mBuilding CXX object msg/CMakeFiles/uorb_msgs.dir/topics_sources/rover_speed_setpoint.cpp.o[0m
[19.008s] [ 23%] [32mBuilding CXX object msg/CMakeFiles/uorb_msgs.dir/topics_sources/rover_speed_status.cpp.o[0m
[19.028s] [ 23%] [32mBuilding CXX object msg/CMakeFiles/uorb_msgs.dir/topics_sources/rover_steering_setpoint.cpp.o[0m
[19.040s] [ 23%] [32mBuilding CXX object msg/CMakeFiles/uorb_msgs.dir/topics_sources/rpm.cpp.o[0m
[19.042s] [ 23%] [32mBuilding CXX object msg/CMakeFiles/uorb_msgs.dir/topics_sources/rover_throttle_setpoint.cpp.o[0m
[19.050s] [ 23%] [32mBuilding CXX object msg/CMakeFiles/uorb_msgs.dir/topics_sources/rtl_status.cpp.o[0m
[19.060s] [ 23%] [32mBuilding CXX object msg/CMakeFiles/uorb_msgs.dir/topics_sources/rtl_time_estimate.cpp.o[0m
[19.062s] [ 23%] [32mBuilding CXX object msg/CMakeFiles/uorb_msgs.dir/topics_sources/satellite_info.cpp.o[0m
[19.074s] [ 23%] [32mBuilding CXX object msg/CMakeFiles/uorb_msgs.dir/topics_sources/sensor_accel.cpp.o[0m
[19.081s] [ 23%] [32mBuilding CXX object msg/CMakeFiles/uorb_msgs.dir/topics_sources/sensor_accel_fifo.cpp.o[0m
[19.102s] [ 23%] [32mBuilding CXX object msg/CMakeFiles/uorb_msgs.dir/topics_sources/sensor_airflow.cpp.o[0m
[19.113s] [ 23%] [32mBuilding CXX object msg/CMakeFiles/uorb_msgs.dir/topics_sources/sensor_baro.cpp.o[0m
[19.119s] [ 23%] [32mBuilding CXX object msg/CMakeFiles/uorb_msgs.dir/topics_sources/sensor_correction.cpp.o[0m
[19.120s] [ 23%] [32mBuilding CXX object msg/CMakeFiles/uorb_msgs.dir/topics_sources/sensor_combined.cpp.o[0m
[19.125s] [ 23%] [32mBuilding CXX object msg/CMakeFiles/uorb_msgs.dir/topics_sources/sensor_gnss_relative.cpp.o[0m
[19.132s] [ 23%] [32mBuilding CXX object msg/CMakeFiles/uorb_msgs.dir/topics_sources/sensor_gnss_status.cpp.o[0m
[19.142s] [ 23%] [32mBuilding CXX object msg/CMakeFiles/uorb_msgs.dir/topics_sources/sensor_gps.cpp.o[0m
[19.169s] [ 23%] [32mBuilding CXX object msg/CMakeFiles/uorb_msgs.dir/topics_sources/sensor_gyro.cpp.o[0m
[19.176s] [ 23%] [32mBuilding CXX object msg/CMakeFiles/uorb_msgs.dir/topics_sources/sensor_gyro_fft.cpp.o[0m
[19.177s] [ 23%] [32mBuilding CXX object msg/CMakeFiles/uorb_msgs.dir/topics_sources/sensor_gyro_fifo.cpp.o[0m
[19.190s] [ 25%] [32mBuilding CXX object msg/CMakeFiles/uorb_msgs.dir/topics_sources/sensor_mag.cpp.o[0m
[19.195s] [ 25%] [32mBuilding CXX object msg/CMakeFiles/uorb_msgs.dir/topics_sources/sensor_hygrometer.cpp.o[0m
[19.195s] [ 25%] [32mBuilding CXX object msg/CMakeFiles/uorb_msgs.dir/topics_sources/sensor_optical_flow.cpp.o[0m
[19.199s] [ 25%] [32mBuilding CXX object msg/CMakeFiles/uorb_msgs.dir/topics_sources/sensor_preflight_mag.cpp.o[0m
[19.205s] [ 25%] [32mBuilding CXX object msg/CMakeFiles/uorb_msgs.dir/topics_sources/sensor_selection.cpp.o[0m
[19.217s] [ 25%] [32mBuilding CXX object msg/CMakeFiles/uorb_msgs.dir/topics_sources/sensor_uwb.cpp.o[0m
[19.219s] [ 25%] [32mBuilding CXX object msg/CMakeFiles/uorb_msgs.dir/topics_sources/sensors_status_imu.cpp.o[0m
[19.222s] [ 25%] [32mBuilding CXX object msg/CMakeFiles/uorb_msgs.dir/topics_sources/sensors_status.cpp.o[0m
[19.222s] [ 25%] [32mBuilding CXX object msg/CMakeFiles/uorb_msgs.dir/topics_sources/system_power.cpp.o[0m
[19.222s] [ 25%] [32mBuilding CXX object msg/CMakeFiles/uorb_msgs.dir/topics_sources/takeoff_status.cpp.o[0m
[19.231s] [ 25%] [32mBuilding CXX object msg/CMakeFiles/uorb_msgs.dir/topics_sources/task_stack_info.cpp.o[0m
[19.234s] [ 25%] [32mBuilding CXX object msg/CMakeFiles/uorb_msgs.dir/topics_sources/tecs_status.cpp.o[0m
[19.252s] [ 25%] [32mBuilding CXX object msg/CMakeFiles/uorb_msgs.dir/topics_sources/telemetry_status.cpp.o[0m
[19.262s] [ 25%] [32mBuilding CXX object msg/CMakeFiles/uorb_msgs.dir/topics_sources/tiltrotor_extra_controls.cpp.o[0m
[19.296s] [ 25%] [32mBuilding CXX object msg/CMakeFiles/uorb_msgs.dir/topics_sources/timesync_status.cpp.o[0m
[19.307s] [ 25%] [32mBuilding CXX object msg/CMakeFiles/uorb_msgs.dir/topics_sources/transponder_report.cpp.o[0m
[19.307s] [ 25%] [32mBuilding CXX object msg/CMakeFiles/uorb_msgs.dir/topics_sources/trajectory_setpoint6dof.cpp.o[0m
[19.315s] [ 25%] [32mBuilding CXX object msg/CMakeFiles/uorb_msgs.dir/topics_sources/tune_control.cpp.o[0m
[19.323s] [ 25%] [32mBuilding CXX object msg/CMakeFiles/uorb_msgs.dir/topics_sources/uavcan_parameter_request.cpp.o[0m
[19.329s] [ 25%] [32mBuilding CXX object msg/CMakeFiles/uorb_msgs.dir/topics_sources/uavcan_parameter_value.cpp.o[0m
[19.340s] [ 25%] [32mBuilding CXX object msg/CMakeFiles/uorb_msgs.dir/topics_sources/ulog_stream.cpp.o[0m
[19.345s] [ 26%] [32mBuilding CXX object msg/CMakeFiles/uorb_msgs.dir/topics_sources/vehicle_acceleration.cpp.o[0m
[19.347s] [ 26%] [32mBuilding CXX object msg/CMakeFiles/uorb_msgs.dir/topics_sources/ulog_stream_ack.cpp.o[0m
[19.362s] [ 26%] [32mBuilding CXX object msg/CMakeFiles/uorb_msgs.dir/topics_sources/vehicle_angular_acceleration_setpoint.cpp.o[0m
[19.363s] [ 26%] [32mBuilding CXX object msg/CMakeFiles/uorb_msgs.dir/topics_sources/vehicle_air_data.cpp.o[0m
[19.383s] [ 26%] [32mBuilding CXX object msg/CMakeFiles/uorb_msgs.dir/topics_sources/vehicle_constraints.cpp.o[0m
[19.389s] [ 26%] [32mBuilding CXX object msg/CMakeFiles/uorb_msgs.dir/topics_sources/vehicle_imu.cpp.o[0m
[19.396s] [ 26%] [32mBuilding CXX object msg/CMakeFiles/uorb_msgs.dir/topics_sources/vehicle_local_position_setpoint.cpp.o[0m
[19.396s] [ 26%] [32mBuilding CXX object msg/CMakeFiles/uorb_msgs.dir/topics_sources/vehicle_imu_status.cpp.o[0m
[19.404s] [ 26%] [32mBuilding CXX object msg/CMakeFiles/uorb_msgs.dir/topics_sources/vehicle_magnetometer.cpp.o[0m
[19.410s] [ 26%] [32mBuilding CXX object msg/CMakeFiles/uorb_msgs.dir/topics_sources/vehicle_optical_flow.cpp.o[0m
[19.420s] [ 26%] [32mBuilding CXX object msg/CMakeFiles/uorb_msgs.dir/topics_sources/vehicle_optical_flow_vel.cpp.o[0m
[19.420s] [ 26%] [32mBuilding CXX object msg/CMakeFiles/uorb_msgs.dir/topics_sources/vehicle_roi.cpp.o[0m
[19.424s] [ 26%] [32mBuilding CXX object msg/CMakeFiles/uorb_msgs.dir/topics_sources/vehicle_thrust_setpoint.cpp.o[0m
[19.436s] [ 26%] [32mBuilding CXX object msg/CMakeFiles/uorb_msgs.dir/topics_sources/vehicle_torque_setpoint.cpp.o[0m
[19.456s] [ 26%] [32mBuilding CXX object msg/CMakeFiles/uorb_msgs.dir/topics_sources/velocity_limits.cpp.o[0m
[19.459s] -- libmicroxrceddsclient_project build command succeeded.  See also /home/adamgb/phd/gazebo_ws/build/px4/src/modules/uxrce_dds_client/src/libmicroxrceddsclient_project-stamp/libmicroxrceddsclient_project-build-*.log
[19.467s] [ 26%] [32mBuilding CXX object msg/CMakeFiles/uorb_msgs.dir/topics_sources/yaw_estimator_status.cpp.o[0m
[19.468s] [ 26%] [32mBuilding CXX object msg/CMakeFiles/uorb_msgs.dir/topics_sources/wheel_encoders.cpp.o[0m
[19.481s] [ 26%] [32mBuilding CXX object msg/CMakeFiles/uorb_msgs.dir/topics_sources/actuator_motors.cpp.o[0m
[19.485s] [ 26%] [34m[1mPerforming install step for 'libmicroxrceddsclient_project'[0m
[19.491s] [ 26%] [32mBuilding CXX object msg/CMakeFiles/uorb_msgs.dir/topics_sources/actuator_servos.cpp.o[0m
[19.493s] [ 26%] [32mBuilding CXX object msg/CMakeFiles/uorb_msgs.dir/topics_sources/airspeed_validated.cpp.o[0m
[19.508s] [ 26%] [32mBuilding CXX object msg/CMakeFiles/uorb_msgs.dir/topics_sources/arming_check_reply.cpp.o[0m
[19.515s] [ 28%] [32mBuilding CXX object msg/CMakeFiles/uorb_msgs.dir/topics_sources/arming_check_request.cpp.o[0m
[19.516s] [ 28%] [32mBuilding CXX object msg/CMakeFiles/uorb_msgs.dir/topics_sources/event.cpp.o[0m
[19.518s] [ 28%] [32mBuilding CXX object msg/CMakeFiles/uorb_msgs.dir/topics_sources/battery_status.cpp.o[0m
[19.525s] [ 28%] [32mBuilding CXX object msg/CMakeFiles/uorb_msgs.dir/topics_sources/config_overrides.cpp.o[0m
[19.531s] [ 28%] [32mBuilding CXX object msg/CMakeFiles/uorb_msgs.dir/topics_sources/fixed_wing_lateral_setpoint.cpp.o[0m
[19.537s] [ 28%] [32mBuilding CXX object msg/CMakeFiles/uorb_msgs.dir/topics_sources/fixed_wing_longitudinal_setpoint.cpp.o[0m
[19.539s] [ 28%] [32mBuilding CXX object msg/CMakeFiles/uorb_msgs.dir/topics_sources/home_position.cpp.o[0m
[19.539s] [ 28%] [32mBuilding CXX object msg/CMakeFiles/uorb_msgs.dir/topics_sources/goto_setpoint.cpp.o[0m
[19.545s] [ 28%] [32mBuilding CXX object msg/CMakeFiles/uorb_msgs.dir/topics_sources/lateral_control_configuration.cpp.o[0m
[19.566s] [ 28%] [32mBuilding CXX object msg/CMakeFiles/uorb_msgs.dir/topics_sources/longitudinal_control_configuration.cpp.o[0m
[19.578s] [ 28%] [32mBuilding CXX object msg/CMakeFiles/uorb_msgs.dir/topics_sources/manual_control_setpoint.cpp.o[0m
[19.584s] [ 28%] [32mBuilding CXX object msg/CMakeFiles/uorb_msgs.dir/topics_sources/mode_completed.cpp.o[0m
[19.588s] [ 28%] [32mBuilding CXX object msg/CMakeFiles/uorb_msgs.dir/topics_sources/register_ext_component_reply.cpp.o[0m
[19.596s] [ 28%] [32mBuilding CXX object msg/CMakeFiles/uorb_msgs.dir/topics_sources/register_ext_component_request.cpp.o[0m
[19.597s] -- libmicroxrceddsclient_project install command succeeded.  See also /home/adamgb/phd/gazebo_ws/build/px4/src/modules/uxrce_dds_client/src/libmicroxrceddsclient_project-stamp/libmicroxrceddsclient_project-install-*.log
[19.616s] [ 28%] [34m[1mCompleted 'libmicroxrceddsclient_project'[0m
[19.618s] [ 28%] [32mBuilding CXX object msg/CMakeFiles/uorb_msgs.dir/topics_sources/unregister_ext_component.cpp.o[0m
[19.624s] [ 28%] [32mBuilding CXX object msg/CMakeFiles/uorb_msgs.dir/topics_sources/trajectory_setpoint.cpp.o[0m
[19.625s] [ 28%] [32mBuilding CXX object msg/CMakeFiles/uorb_msgs.dir/topics_sources/vehicle_angular_velocity.cpp.o[0m
[19.632s] [ 28%] [32mBuilding CXX object msg/CMakeFiles/uorb_msgs.dir/topics_sources/vehicle_attitude.cpp.o[0m
[19.642s] [ 28%] [32mBuilding CXX object msg/CMakeFiles/uorb_msgs.dir/topics_sources/vehicle_attitude_setpoint.cpp.o[0m
[19.644s] [ 28%] [32mBuilding CXX object msg/CMakeFiles/uorb_msgs.dir/topics_sources/vehicle_command.cpp.o[0m
[19.660s] [ 28%] [32mBuilding CXX object msg/CMakeFiles/uorb_msgs.dir/topics_sources/vehicle_command_ack.cpp.o[0m
[19.660s] [ 28%] Built target libmicroxrceddsclient_project
[19.663s] [ 30%] [32mBuilding CXX object msg/CMakeFiles/uorb_msgs.dir/topics_sources/vehicle_control_mode.cpp.o[0m
[19.664s] [ 30%] [32mBuilding CXX object msg/CMakeFiles/uorb_msgs.dir/topics_sources/vehicle_global_position.cpp.o[0m
[19.677s] [ 30%] [32mBuilding CXX object msg/CMakeFiles/uorb_msgs.dir/topics_sources/vehicle_land_detected.cpp.o[0m
[19.680s] [ 30%] [32mBuilding CXX object msg/CMakeFiles/uorb_msgs.dir/topics_sources/vehicle_local_position.cpp.o[0m
[19.697s] [ 30%] [32mBuilding CXX object msg/CMakeFiles/uorb_msgs.dir/topics_sources/vehicle_odometry.cpp.o[0m
[19.698s] [ 30%] [32mBuilding CXX object msg/CMakeFiles/uorb_msgs.dir/topics_sources/vehicle_rates_setpoint.cpp.o[0m
[19.698s] [ 30%] [32mBuilding CXX object msg/CMakeFiles/uorb_msgs.dir/topics_sources/vehicle_status.cpp.o[0m
[19.700s] [ 30%] [32mBuilding CXX object msg/CMakeFiles/uorb_msgs.dir/topics_sources/vtol_vehicle_status.cpp.o[0m
[19.708s] [ 30%] [32mBuilding CXX object msg/CMakeFiles/uorb_msgs.dir/topics_sources/wind.cpp.o[0m
[19.739s] [ 30%] [32mBuilding CXX object msg/CMakeFiles/uorb_msgs.dir/topics_sources/uORBTopics.cpp.o[0m
[19.751s] [ 30%] [32mBuilding CXX object msg/CMakeFiles/uorb_msgs.dir/topics_sources/uORBMessageFieldsGenerated.cpp.o[0m
[19.807s] [ 30%] Built target uorb_ucdr_headers
[19.870s] [ 30%] [32m[1mLinking CXX static library libuorb_msgs.a[0m
[19.888s] [ 30%] [32m[1mLinking CXX static library libpx4_daemon.a[0m
[19.931s] [ 30%] Built target px4_daemon
[19.951s] [ 32%] [32mBuilding CXX object platforms/posix/src/px4/common/CMakeFiles/px4_layer.dir/px4_sem.cpp.o[0m
[19.952s] [ 32%] [32mBuilding CXX object platforms/posix/src/px4/common/CMakeFiles/px4_layer.dir/print_load.cpp.o[0m
[19.953s] [ 32%] [32mBuilding CXX object platforms/posix/src/px4/common/CMakeFiles/px4_layer.dir/px4_posix_impl.cpp.o[0m
[19.953s] [ 32%] [32mBuilding CXX object platforms/posix/src/px4/common/CMakeFiles/px4_layer.dir/tasks.cpp.o[0m
[19.953s] [ 32%] [32mBuilding CXX object platforms/posix/src/px4/common/CMakeFiles/px4_layer.dir/px4_init.cpp.o[0m
[19.954s] [ 32%] [32mBuilding C object platforms/posix/src/px4/common/CMakeFiles/px4_layer.dir/lib_crc32.c.o[0m
[19.954s] [ 32%] [32mBuilding CXX object platforms/posix/src/px4/common/CMakeFiles/px4_layer.dir/cpuload.cpp.o[0m
[19.954s] [ 32%] [32mBuilding CXX object platforms/posix/src/px4/common/CMakeFiles/px4_layer.dir/drv_hrt.cpp.o[0m
[19.955s] [ 32%] [32mBuilding CXX object platforms/posix/src/px4/common/CMakeFiles/px4_layer.dir/__/__/__/__/common/Serial.cpp.o[0m
[19.955s] [ 32%] [32mBuilding CXX object platforms/posix/src/px4/common/CMakeFiles/px4_layer.dir/SerialImpl.cpp.o[0m
[19.976s] [ 32%] Built target uorb_msgs
[20.208s] [ 32%] [32m[1mLinking CXX static library libpx4_layer.a[0m
[20.244s] [ 32%] Built target px4_layer
[20.263s] [ 33%] [32mBuilding CXX object src/lib/systemlib/CMakeFiles/systemlib.dir/mavlink_log.cpp.o[0m
[20.263s] [ 33%] [32mBuilding CXX object src/lib/mathlib/CMakeFiles/mathlib.dir/math/test/test.cpp.o[0m
[20.264s] [ 33%] [32mBuilding C object src/lib/heatshrink/CMakeFiles/heatshrink.dir/heatshrink/heatshrink_decoder.c.o[0m
[20.264s] [ 33%] [32mBuilding CXX object src/lib/battery/CMakeFiles/battery.dir/battery.cpp.o[0m
[20.264s] [ 33%] [32mBuilding CXX object src/lib/adsb/CMakeFiles/adsb.dir/AdsbConflict.cpp.o[0m
[20.264s] [ 33%] [32mBuilding CXX object src/lib/circuit_breaker/CMakeFiles/circuit_breaker.dir/circuit_breaker.cpp.o[0m
[20.264s] [ 33%] [32mBuilding CXX object src/lib/atmosphere/CMakeFiles/atmosphere.dir/atmosphere.cpp.o[0m
[20.264s] [ 33%] [32mBuilding CXX object src/lib/controllib/CMakeFiles/controllib.dir/block/Block.cpp.o[0m
[20.265s] [ 33%] [32mBuilding CXX object src/lib/dataman_client/CMakeFiles/dataman_client.dir/DatamanClient.cpp.o[0m
[20.265s] [ 33%] [32mBuilding CXX object src/lib/conversion/CMakeFiles/conversion.dir/rotation.cpp.o[0m
[20.265s] [ 33%] [32mBuilding CXX object src/lib/events/CMakeFiles/events.dir/events.cpp.o[0m
[20.265s] [ 33%] [32mBuilding CXX object src/lib/motion_planning/CMakeFiles/motion_planning.dir/HeadingSmoothing.cpp.o[0m
[20.268s] [ 33%] [32mBuilding CXX object src/lib/mixer_module/CMakeFiles/mixer_module.dir/actuator_test.cpp.o[0m
[20.269s] [ 33%] [32mBuilding CXX object src/lib/cdev/CMakeFiles/cdev.dir/CDev.cpp.o[0m
[20.269s] [ 33%] [32mBuilding CXX object src/lib/fw_performance_model/CMakeFiles/performance_model.dir/PerformanceModel.cpp.o[0m
[20.269s] [ 33%] [32mBuilding CXX object src/lib/hysteresis/CMakeFiles/hysteresis.dir/hysteresis.cpp.o[0m
[20.269s] [ 33%] [32mBuilding CXX object src/lib/ringbuffer/CMakeFiles/ringbuffer.dir/Ringbuffer.cpp.o[0m
[20.269s] [ 33%] [32mBuilding CXX object src/lib/pure_pursuit/CMakeFiles/pure_pursuit.dir/PurePursuit.cpp.o[0m
[20.269s] [ 33%] [32mBuilding CXX object src/lib/pid/CMakeFiles/PID.dir/PID.cpp.o[0m
[20.270s] [ 33%] [32mBuilding CXX object src/lib/rc/CMakeFiles/rc.dir/crsf.cpp.o[0m
[20.270s] [ 33%] [32mBuilding CXX object src/lib/rtl/CMakeFiles/rtl_time_estimator.dir/rtl_time_estimator.cpp.o[0m
[20.275s] [ 33%] [32mBuilding CXX object src/lib/npfg/CMakeFiles/npfg.dir/DirectionalGuidance.cpp.o[0m
[20.275s] [ 33%] [32mBuilding CXX object src/lib/stick_yaw/CMakeFiles/StickYaw.dir/StickYaw.cpp.o[0m
[20.276s] [ 33%] [32mBuilding CXX object src/lib/system_identification/CMakeFiles/SystemIdentification.dir/system_identification.cpp.o[0m
[20.276s] [ 33%] [32mBuilding CXX object src/lib/tecs/CMakeFiles/tecs.dir/TECS.cpp.o[0m
[20.276s] [ 33%] [32mBuilding CXX object src/lib/timesync/CMakeFiles/timesync.dir/Timesync.cpp.o[0m
[20.276s] [ 33%] [32mBuilding CXX object src/lib/sticks/CMakeFiles/Sticks.dir/Sticks.cpp.o[0m
[20.278s] [ 33%] [32mBuilding CXX object src/lib/weather_vane/CMakeFiles/WeatherVane.dir/WeatherVane.cpp.o[0m
[20.350s] [ 33%] [32m[1mLinking CXX static library libhysteresis.a[0m
[20.351s] [ 33%] [32m[1mLinking CXX static library libcircuit_breaker.a[0m
[20.351s] [ 33%] [32m[1mLinking CXX static library libevents.a[0m
[20.361s] [ 33%] [32m[1mLinking CXX static library libsystemlib.a[0m
[20.388s] [ 33%] Built target circuit_breaker
[20.395s] [ 33%] [32mBuilding CXX object src/lib/motion_planning/CMakeFiles/motion_planning.dir/ManualVelocitySmoothingXY.cpp.o[0m
[20.405s] [ 33%] Built target hysteresis
[20.406s] [ 33%] [32mBuilding CXX object src/lib/rc/CMakeFiles/rc.dir/ghst.cpp.o[0m
[20.408s] [ 33%] Built target systemlib
[20.416s] [ 33%] Built target events
[20.417s] [ 33%] [32m[1mLinking CXX static library libmathlib.a[0m
[20.423s] [ 33%] [32mBuilding CXX object src/lib/cdev/CMakeFiles/cdev.dir/posix/cdev_platform.cpp.o[0m
[20.430s] [ 33%] [32m[1mLinking CXX static library libatmosphere.a[0m
[20.433s] [ 33%] [32mBuilding CXX object src/lib/controllib/CMakeFiles/controllib.dir/block/BlockParam.cpp.o[0m
[20.434s] [ 33%] [32mBuilding CXX object platforms/posix/src/px4/generic/generic/tone_alarm/CMakeFiles/arch_tone_alarm.dir/ToneAlarmInterface.cpp.o[0m
[20.435s] [ 35%] [32mBuilding CXX object src/lib/controllib/CMakeFiles/controllib.dir/BlockDerivative.cpp.o[0m
[20.444s] [ 35%] [32mBuilding CXX object src/lib/mixer_module/CMakeFiles/mixer_module.dir/mixer_module.cpp.o[0m
[20.449s] [ 35%] [32m[1mLinking CXX static library libtimesync.a[0m
[20.452s] [ 35%] [32m[1mLinking CXX static library libPID.a[0m
[20.453s] [ 35%] [32m[1mLinking CXX static library libringbuffer.a[0m
[20.455s] [ 35%] Built target mathlib
[20.460s] [ 35%] [32mBuilding CXX object src/lib/rc/CMakeFiles/rc.dir/st24.cpp.o[0m
[20.465s] [ 35%] [32mBuilding CXX object src/lib/controllib/CMakeFiles/controllib.dir/BlockHighPass.cpp.o[0m
[20.471s] [ 35%] Built target atmosphere
[20.488s] [ 35%] Built target timesync
[20.492s] [ 35%] [32m[1mLinking CXX static library libheatshrink.a[0m
[20.493s] [ 35%] Built target ringbuffer
[20.493s] [ 35%] [32mBuilding CXX object src/lib/motion_planning/CMakeFiles/motion_planning.dir/ManualVelocitySmoothingZ.cpp.o[0m
[20.498s] [ 35%] [32mBuilding CXX object src/lib/npfg/CMakeFiles/npfg.dir/CourseToAirspeedRefMapper.cpp.o[0m
[20.502s] [ 35%] Built target PID
[20.508s] [ 35%] [32mBuilding CXX object src/lib/controllib/CMakeFiles/controllib.dir/BlockIntegral.cpp.o[0m
[20.516s] [ 35%] [32m[1mLinking CXX static library libarch_tone_alarm.a[0m
[20.516s] [ 35%] [32mBuilding CXX object src/lib/motion_planning/CMakeFiles/motion_planning.dir/PositionSmoothing.cpp.o[0m
[20.552s] [ 35%] Built target heatshrink
[20.563s] [ 35%] [32mBuilding CXX object src/lib/rc/CMakeFiles/rc.dir/sumd.cpp.o[0m
[20.582s] [ 35%] [32m[1mLinking CXX static library libconversion.a[0m
[20.582s] [ 35%] Built target arch_tone_alarm
[20.585s] [ 35%] [32mBuilding CXX object src/lib/npfg/CMakeFiles/npfg.dir/AirspeedDirectionController.cpp.o[0m
[20.586s] [ 35%] [32mBuilding CXX object src/lib/controllib/CMakeFiles/controllib.dir/BlockIntegralTrap.cpp.o[0m
[20.591s] [ 35%] [32m[1mLinking CXX static library libpure_pursuit.a[0m
[20.607s] [ 35%] [32mBuilding CXX object src/lib/motion_planning/CMakeFiles/motion_planning.dir/VelocitySmoothing.cpp.o[0m
[20.617s] [ 35%] [32mBuilding CXX object src/drivers/osd/msp_osd/MessageDisplay/CMakeFiles/message_display.dir/MessageDisplay.cpp.o[0m
[20.621s] [ 35%] [32mBuilding CXX object src/modules/commander/Arming/ArmAuthorization/CMakeFiles/ArmAuthorization.dir/ArmAuthorization.cpp.o[0m
[20.629s] [ 35%] Built target conversion
[20.635s] [ 35%] Built target pure_pursuit
[20.641s] [ 35%] [32m[1mLinking CXX static library libStickYaw.a[0m
[20.643s] [ 35%] [32mBuilding CXX object src/lib/controllib/CMakeFiles/controllib.dir/BlockLimit.cpp.o[0m
[20.643s] [ 35%] [32mBuilding CXX object src/lib/rc/CMakeFiles/rc.dir/sbus.cpp.o[0m
[20.644s] [ 35%] [32mBuilding CXX object src/modules/commander/failsafe/CMakeFiles/failsafe.dir/failsafe.cpp.o[0m
[20.654s] [ 37%] [32mBuilding CXX object src/modules/commander/failure_detector/CMakeFiles/failure_detector.dir/FailureDetector.cpp.o[0m
[20.654s] [ 37%] [32m[1mLinking CXX static library libcdev.a[0m
[20.665s] [ 37%] [32m[1mLinking CXX static library libSticks.a[0m
[20.675s] [ 37%] [32mBuilding CXX object src/modules/commander/HealthAndArmingChecks/CMakeFiles/health_and_arming_checks.dir/Common.cpp.o[0m
[20.680s] [ 37%] [32mBuilding CXX object src/modules/commander/HealthAndArmingChecks/CMakeFiles/health_and_arming_checks.dir/HealthAndArmingChecks.cpp.o[0m
[20.696s] [ 37%] Built target StickYaw
[20.696s] [ 37%] [32mBuilding CXX object src/lib/controllib/CMakeFiles/controllib.dir/BlockLimitSym.cpp.o[0m
[20.704s] [ 37%] Built target Sticks
[20.705s] [ 37%] [32mBuilding CXX object src/lib/controllib/CMakeFiles/controllib.dir/BlockLowPass.cpp.o[0m
[20.706s] [ 37%] [32m[1mLinking CXX static library libSystemIdentification.a[0m
[20.708s] [ 37%] Built target cdev
[20.713s] [ 39%] [32mBuilding CXX object src/lib/rc/CMakeFiles/rc.dir/dsm.cpp.o[0m
[20.714s] [ 39%] [32mBuilding CXX object src/modules/commander/failure_detector/CMakeFiles/failure_detector.dir/FailureInjector.cpp.o[0m
[20.715s] [ 41%] [32mBuilding CXX object src/modules/commander/HealthAndArmingChecks/CMakeFiles/health_and_arming_checks.dir/checks/accelerometerCheck.cpp.o[0m
[20.722s] [ 41%] [32m[1mLinking CXX static library libWeatherVane.a[0m
[20.723s] [ 41%] [32m[1mLinking CXX static library libdataman_client.a[0m
[20.723s] [ 41%] [32m[1mLinking CXX static library librtl_time_estimator.a[0m
[20.725s] [ 41%] [32mBuilding CXX object src/lib/controllib/CMakeFiles/controllib.dir/BlockLowPass2.cpp.o[0m
[20.740s] [ 41%] Built target SystemIdentification
[20.752s] [ 41%] [32mBuilding CXX object src/modules/commander/HealthAndArmingChecks/CMakeFiles/health_and_arming_checks.dir/checks/airspeedCheck.cpp.o[0m
[20.754s] [ 41%] [32m[1mLinking CXX static library libmessage_display.a[0m
[20.757s] [ 41%] [32mBuilding CXX object src/modules/commander/MulticopterThrowLaunch/CMakeFiles/MulticopterThrowLaunch.dir/MulticopterThrowLaunch.cpp.o[0m
[20.759s] [ 41%] Built target dataman_client
[20.764s] [ 41%] Built target WeatherVane
[20.765s] [ 41%] Built target rtl_time_estimator
[20.774s] [ 41%] [32mBuilding CXX object src/modules/commander/HealthAndArmingChecks/CMakeFiles/health_and_arming_checks.dir/checks/armPermissionCheck.cpp.o[0m
[20.775s] [ 41%] [32m[1mLinking CXX static library libnpfg.a[0m
[20.780s] [ 41%] [32mBuilding CXX object src/modules/commander/HealthAndArmingChecks/CMakeFiles/health_and_arming_checks.dir/checks/baroCheck.cpp.o[0m
[20.781s] [ 41%] [32mBuilding CXX object src/modules/flight_mode_manager/tasks/FlightTask/CMakeFiles/FlightTask.dir/FlightTask.cpp.o[0m
[20.781s] [ 41%] [32mBuilding CXX object src/lib/rc/CMakeFiles/rc.dir/common_rc.cpp.o[0m
[20.802s] [ 41%] [32m[1mLinking CXX static library libperformance_model.a[0m
[20.809s] [ 41%] Built target message_display
[20.811s] [ 41%] [32m[1mLinking CXX static library libArmAuthorization.a[0m
[20.824s] [ 41%] [32m[1mLinking CXX static library libbattery.a[0m
[20.834s] [ 41%] Built target npfg
[20.843s] [ 41%] [32mBuilding CXX object src/modules/commander/HealthAndArmingChecks/CMakeFiles/health_and_arming_checks.dir/checks/batteryCheck.cpp.o[0m
[20.849s] [ 41%] [32mBuilding CXX object src/modules/flight_mode_manager/tasks/AutoFollowTarget/follow_target_estimator/CMakeFiles/follow_target_estimator.dir/TargetEstimator.cpp.o[0m
[20.850s] [ 41%] [32mBuilding CXX object src/modules/fw_mode_manager/launchdetection/CMakeFiles/launchdetection.dir/LaunchDetector.cpp.o[0m
[20.857s] [ 41%] [32m[1mLinking CXX static library libadsb.a[0m
[20.862s] [ 41%] Built target performance_model
[20.865s] [ 41%] [32m[1mLinking CXX static library libtecs.a[0m
[20.866s] [ 41%] Built target ArmAuthorization
[20.867s] [ 41%] Built target battery
[20.877s] [ 41%] [32mBuilding CXX object src/modules/commander/failsafe/CMakeFiles/failsafe.dir/framework.cpp.o[0m
[20.878s] [ 41%] [32mBuilding CXX object src/modules/commander/HealthAndArmingChecks/CMakeFiles/health_and_arming_checks.dir/checks/cpuResourceCheck.cpp.o[0m
[20.889s] [ 41%] [32mBuilding CXX object src/modules/commander/HealthAndArmingChecks/CMakeFiles/health_and_arming_checks.dir/checks/distanceSensorChecks.cpp.o[0m
[20.895s] [ 41%] [32mBuilding CXX object src/modules/fw_mode_manager/runway_takeoff/CMakeFiles/runway_takeoff.dir/RunwayTakeoff.cpp.o[0m
[20.903s] [ 41%] Built target adsb
[20.903s] [ 41%] [32mBuilding CXX object src/modules/commander/HealthAndArmingChecks/CMakeFiles/health_and_arming_checks.dir/checks/opticalFlowCheck.cpp.o[0m
[20.916s] [ 41%] [32mBuilding CXX object src/modules/commander/HealthAndArmingChecks/CMakeFiles/health_and_arming_checks.dir/checks/escCheck.cpp.o[0m
[20.916s] [ 41%] [32mBuilding CXX object src/modules/fw_mode_manager/figure_eight/CMakeFiles/figure_eight.dir/FigureEight.cpp.o[0m
[20.917s] [ 41%] Built target tecs
[20.930s] [ 42%] [32mBuilding CXX object src/modules/mc_att_control/AttitudeControl/CMakeFiles/AttitudeControl.dir/AttitudeControl.cpp.o[0m
[20.932s] [ 42%] [32m[1mLinking CXX static library libcontrollib.a[0m
[20.947s] [ 42%] [32mBuilding CXX object src/modules/mc_pos_control/GotoControl/CMakeFiles/GotoControl.dir/GotoControl.cpp.o[0m
[20.956s] [ 42%] [32mBuilding CXX object src/modules/mc_hover_thrust_estimator/CMakeFiles/zero_order_hover_thrust_ekf.dir/zero_order_hover_thrust_ekf.cpp.o[0m
[20.986s] [ 42%] [32mBuilding CXX object src/modules/commander/HealthAndArmingChecks/CMakeFiles/health_and_arming_checks.dir/checks/estimatorCheck.cpp.o[0m
[20.996s] [ 42%] [32mBuilding CXX object src/modules/commander/HealthAndArmingChecks/CMakeFiles/health_and_arming_checks.dir/checks/failureDetectorCheck.cpp.o[0m
[21.016s] [ 42%] Built target controllib
[21.030s] [ 44%] [32mBuilding CXX object src/modules/mc_pos_control/PositionControl/CMakeFiles/PositionControl.dir/ControlMath.cpp.o[0m
[21.033s] [ 44%] [32mBuilding CXX object src/modules/commander/HealthAndArmingChecks/CMakeFiles/health_and_arming_checks.dir/checks/flightTimeCheck.cpp.o[0m
[21.048s] [ 44%] [32mBuilding CXX object src/modules/commander/HealthAndArmingChecks/CMakeFiles/health_and_arming_checks.dir/checks/geofenceCheck.cpp.o[0m
[21.053s] [ 44%] [32m[1mLinking CXX static library liblaunchdetection.a[0m
[21.062s] [ 44%] [32m[1mLinking CXX static library librc.a[0m
[21.092s] [ 44%] [32mBuilding CXX object src/modules/commander/HealthAndArmingChecks/CMakeFiles/health_and_arming_checks.dir/checks/gyroCheck.cpp.o[0m
[21.096s] [ 44%] Built target launchdetection
[21.108s] [ 44%] [32mBuilding CXX object src/modules/commander/HealthAndArmingChecks/CMakeFiles/health_and_arming_checks.dir/checks/homePositionCheck.cpp.o[0m
[21.111s] [ 44%] Built target rc
[21.117s] [ 44%] [32m[1mLinking CXX static library libmotion_planning.a[0m
[21.122s] [ 44%] [32mBuilding CXX object src/modules/mc_pos_control/PositionControl/CMakeFiles/PositionControl.dir/PositionControl.cpp.o[0m
[21.131s] [ 44%] [32mBuilding CXX object src/modules/commander/HealthAndArmingChecks/CMakeFiles/health_and_arming_checks.dir/checks/imuConsistencyCheck.cpp.o[0m
[21.141s] [ 44%] [32m[1mLinking CXX static library libMulticopterThrowLaunch.a[0m
[21.141s] [ 44%] [32mBuilding CXX object src/modules/commander/HealthAndArmingChecks/CMakeFiles/health_and_arming_checks.dir/checks/loggerCheck.cpp.o[0m
[21.169s] [ 44%] Built target motion_planning
[21.182s] [ 44%] Built target MulticopterThrowLaunch
[21.199s] [ 44%] [32mBuilding CXX object src/modules/commander/HealthAndArmingChecks/CMakeFiles/health_and_arming_checks.dir/checks/magnetometerCheck.cpp.o[0m
[21.200s] [ 44%] [32mBuilding CXX object src/modules/navigator/GeofenceBreachAvoidance/CMakeFiles/geofence_breach_avoidance.dir/geofence_breach_avoidance.cpp.o[0m
[21.212s] [ 44%] [32mBuilding CXX object src/modules/mc_pos_control/Takeoff/CMakeFiles/Takeoff.dir/Takeoff.cpp.o[0m
[21.236s] [ 44%] [32m[1mLinking CXX static library librunway_takeoff.a[0m
[21.248s] [ 44%] [32mBuilding CXX object src/modules/rover_ackermann/AckermannActControl/CMakeFiles/AckermannActControl.dir/AckermannActControl.cpp.o[0m
[21.261s] [ 46%] [32m[1mLinking CXX static library libzero_order_hover_thrust_ekf.a[0m
[21.279s] [ 46%] [32m[1mLinking CXX static library libfailure_detector.a[0m
[21.280s] [ 46%] [32m[1mLinking CXX static library libFlightTask.a[0m
[21.281s] [ 46%] [32mBuilding CXX object src/modules/rover_ackermann/AckermannRateControl/CMakeFiles/AckermannRateControl.dir/AckermannRateControl.cpp.o[0m
[21.283s] [ 46%] [32mBuilding CXX object src/modules/rover_ackermann/AckermannSpeedControl/CMakeFiles/AckermannSpeedControl.dir/AckermannSpeedControl.cpp.o[0m
[21.299s] [ 46%] [32mBuilding CXX object src/modules/rover_ackermann/AckermannAttControl/CMakeFiles/AckermannAttControl.dir/AckermannAttControl.cpp.o[0m
[21.302s] [ 46%] Built target runway_takeoff
[21.310s] [ 46%] [32m[1mLinking CXX static library libAttitudeControl.a[0m
[21.322s] [ 46%] Built target zero_order_hover_thrust_ekf
[21.330s] [ 46%] Built target FlightTask
[21.330s] [ 46%] [32mBuilding CXX object src/modules/rover_ackermann/AckermannPosControl/CMakeFiles/AckermannPosControl.dir/AckermannPosControl.cpp.o[0m
[21.335s] [ 46%] Built target failure_detector
[21.335s] [ 46%] [32m[1mLinking CXX static library libGotoControl.a[0m
[21.339s] [ 46%] [32mBuilding CXX object src/modules/rover_ackermann/AckermannDriveModes/AckermannAutoMode/CMakeFiles/AckermannAutoMode.dir/AckermannAutoMode.cpp.o[0m
[21.342s] [ 46%] [32mBuilding CXX object src/modules/commander/HealthAndArmingChecks/CMakeFiles/health_and_arming_checks.dir/checks/manualControlCheck.cpp.o[0m
[21.354s] [ 46%] [32mBuilding CXX object src/modules/rover_ackermann/AckermannDriveModes/AckermannManualMode/CMakeFiles/AckermannManualMode.dir/AckermannManualMode.cpp.o[0m
[21.360s] [ 46%] Built target AttitudeControl
[21.361s] [ 46%] [32mBuilding CXX object src/modules/rover_ackermann/AckermannDriveModes/AckermannOffboardMode/CMakeFiles/AckermannOffboardMode.dir/AckermannOffboardMode.cpp.o[0m
[21.377s] [ 46%] [32mBuilding CXX object src/modules/commander/HealthAndArmingChecks/CMakeFiles/health_and_arming_checks.dir/checks/missionCheck.cpp.o[0m
[21.387s] [ 46%] [32mBuilding CXX object src/modules/rover_differential/DifferentialRateControl/CMakeFiles/DifferentialRateControl.dir/DifferentialRateControl.cpp.o[0m
[21.393s] [ 46%] [32mBuilding CXX object src/modules/rover_differential/DifferentialActControl/CMakeFiles/DifferentialActControl.dir/DifferentialActControl.cpp.o[0m
[21.396s] [ 46%] Built target GotoControl
[21.406s] [ 48%] [32mBuilding CXX object src/modules/commander/HealthAndArmingChecks/CMakeFiles/health_and_arming_checks.dir/checks/modeCheck.cpp.o[0m
[21.408s] [ 48%] [32mBuilding CXX object src/modules/rover_differential/DifferentialAttControl/CMakeFiles/DifferentialAttControl.dir/DifferentialAttControl.cpp.o[0m
[21.414s] [ 48%] [32m[1mLinking CXX static library libTakeoff.a[0m
[21.445s] [ 48%] [32m[1mLinking CXX static library libmixer_module.a[0m
[21.457s] [ 48%] [32mBuilding CXX object src/modules/rover_differential/DifferentialSpeedControl/CMakeFiles/DifferentialSpeedControl.dir/DifferentialSpeedControl.cpp.o[0m
[21.468s] [ 48%] [32m[1mLinking CXX static library libfailsafe.a[0m
[21.468s] [ 48%] Built target Takeoff
[21.490s] [ 48%] Built target mixer_module
[21.491s] [ 48%] [32mBuilding CXX object src/modules/commander/HealthAndArmingChecks/CMakeFiles/health_and_arming_checks.dir/checks/navigatorCheck.cpp.o[0m
[21.507s] [ 48%] [32mBuilding CXX object src/modules/commander/HealthAndArmingChecks/CMakeFiles/health_and_arming_checks.dir/checks/offboardCheck.cpp.o[0m
[21.512s] [ 48%] Built target failsafe
[21.515s] [ 50%] [32mBuilding CXX object src/modules/rover_differential/DifferentialPosControl/CMakeFiles/DifferentialPosControl.dir/DifferentialPosControl.cpp.o[0m
[21.542s] [ 50%] [32mBuilding CXX object src/modules/rover_differential/DifferentialDriveModes/DifferentialManualMode/CMakeFiles/DifferentialManualMode.dir/DifferentialManualMode.cpp.o[0m
[21.545s] [ 50%] [32mBuilding CXX object src/modules/rover_differential/DifferentialDriveModes/DifferentialAutoMode/CMakeFiles/DifferentialAutoMode.dir/DifferentialAutoMode.cpp.o[0m
[21.546s] [ 50%] [32m[1mLinking CXX static library libfigure_eight.a[0m
[21.589s] [ 50%] [32m[1mLinking CXX static library libPositionControl.a[0m
[21.599s] [ 50%] [32mBuilding CXX object src/modules/rover_differential/DifferentialDriveModes/DifferentialOffboardMode/CMakeFiles/DifferentialOffboardMode.dir/DifferentialOffboardMode.cpp.o[0m
[21.613s] [ 50%] Built target figure_eight
[21.631s] [ 50%] [32m[1mLinking CXX static library libfollow_target_estimator.a[0m
[21.647s] [ 50%] [32mBuilding CXX object src/modules/rover_mecanum/MecanumActControl/CMakeFiles/MecanumActControl.dir/MecanumActControl.cpp.o[0m
[21.649s] [ 50%] Built target PositionControl
[21.651s] [ 50%] [32mBuilding CXX object src/modules/rover_mecanum/MecanumRateControl/CMakeFiles/MecanumRateControl.dir/MecanumRateControl.cpp.o[0m
[21.662s] [ 50%] [32mBuilding CXX object src/modules/commander/HealthAndArmingChecks/CMakeFiles/health_and_arming_checks.dir/checks/openDroneIDCheck.cpp.o[0m
[21.683s] [ 51%] [32mBuilding CXX object src/modules/rover_mecanum/MecanumAttControl/CMakeFiles/MecanumAttControl.dir/MecanumAttControl.cpp.o[0m
[21.688s] [ 51%] [32mBuilding CXX object src/modules/rover_mecanum/MecanumSpeedControl/CMakeFiles/MecanumSpeedControl.dir/MecanumSpeedControl.cpp.o[0m
[21.698s] [ 51%] [32m[1mLinking CXX static library libAckermannActControl.a[0m
[21.705s] [ 51%] Built target follow_target_estimator
[21.714s] [ 51%] [32m[1mLinking CXX static library libAckermannOffboardMode.a[0m
[21.726s] [ 51%] [32mBuilding CXX object src/modules/rover_mecanum/MecanumPosControl/CMakeFiles/MecanumPosControl.dir/MecanumPosControl.cpp.o[0m
[21.726s] [ 51%] [32mBuilding CXX object src/modules/rover_mecanum/MecanumDriveModes/MecanumAutoMode/CMakeFiles/MecanumAutoMode.dir/MecanumAutoMode.cpp.o[0m
[21.726s] [ 51%] [32m[1mLinking CXX static library libAckermannRateControl.a[0m
[21.739s] [ 51%] Built target AckermannActControl
[21.746s] [ 51%] [32mBuilding CXX object src/modules/commander/HealthAndArmingChecks/CMakeFiles/health_and_arming_checks.dir/checks/parachuteCheck.cpp.o[0m
[21.749s] [ 51%] [32m[1mLinking CXX static library libgeofence_breach_avoidance.a[0m
[21.749s] [ 51%] [32mBuilding CXX object src/modules/commander/HealthAndArmingChecks/CMakeFiles/health_and_arming_checks.dir/checks/powerCheck.cpp.o[0m
[21.755s] [ 51%] [32m[1mLinking CXX static library libDifferentialActControl.a[0m
[21.761s] [ 51%] Built target AckermannOffboardMode
[21.764s] [ 51%] Built target AckermannRateControl
[21.773s] [ 51%] [32m[1mLinking CXX static library libAckermannAttControl.a[0m
[21.775s] [ 51%] [32m[1mLinking CXX static library libAckermannSpeedControl.a[0m
[21.784s] [ 51%] [32mBuilding CXX object src/modules/rover_mecanum/MecanumDriveModes/MecanumManualMode/CMakeFiles/MecanumManualMode.dir/MecanumManualMode.cpp.o[0m
[21.785s] [ 51%] [32mBuilding CXX object src/modules/commander/HealthAndArmingChecks/CMakeFiles/health_and_arming_checks.dir/checks/rcAndDataLinkCheck.cpp.o[0m
[21.786s] [ 51%] Built target geofence_breach_avoidance
[21.786s] [ 51%] [32mBuilding CXX object src/modules/rover_mecanum/MecanumDriveModes/MecanumOffboardMode/CMakeFiles/MecanumOffboardMode.dir/MecanumOffboardMode.cpp.o[0m
[21.795s] [ 51%] [32mBuilding CXX object src/modules/commander/HealthAndArmingChecks/CMakeFiles/health_and_arming_checks.dir/checks/rcCalibrationCheck.cpp.o[0m
[21.796s] [ 51%] Built target DifferentialActControl
[21.804s] [ 51%] [32m[1mLinking CXX static library libAckermannAutoMode.a[0m
[21.807s] [ 51%] [32mBuilding CXX object src/modules/commander/HealthAndArmingChecks/CMakeFiles/health_and_arming_checks.dir/checks/sdcardCheck.cpp.o[0m
[21.808s] [ 51%] [32mBuilding CXX object src/modules/sensors/data_validator/CMakeFiles/data_validator.dir/DataValidator.cpp.o[0m
[21.810s] [ 51%] [32m[1mLinking CXX static library libDifferentialRateControl.a[0m
[21.820s] [ 51%] [32m[1mLinking CXX static library libDifferentialAttControl.a[0m
[21.831s] [ 51%] Built target AckermannAttControl
[21.836s] [ 51%] Built target AckermannSpeedControl
[21.851s] [ 51%] [32mBuilding CXX object src/modules/commander/HealthAndArmingChecks/CMakeFiles/health_and_arming_checks.dir/checks/systemCheck.cpp.o[0m
[21.857s] [ 51%] Built target DifferentialAttControl
[21.863s] [ 51%] Built target DifferentialRateControl
[21.864s] [ 51%] Built target AckermannAutoMode
[21.867s] [ 51%] [32mBuilding CXX object src/modules/sensors/vehicle_gps_position/CMakeFiles/vehicle_gps_position.dir/VehicleGPSPosition.cpp.o[0m
[21.868s] [ 51%] [32mBuilding CXX object src/modules/commander/HealthAndArmingChecks/CMakeFiles/health_and_arming_checks.dir/checks/vtolCheck.cpp.o[0m
[21.877s] [ 51%] [32mBuilding CXX object src/modules/sensors/vehicle_gps_position/CMakeFiles/vehicle_gps_position.dir/gps_blending.cpp.o[0m
[21.877s] [ 51%] [32mBuilding CXX object src/modules/commander/HealthAndArmingChecks/CMakeFiles/health_and_arming_checks.dir/checks/windCheck.cpp.o[0m
[21.930s] [ 51%] [32m[1mLinking CXX static library libDifferentialAutoMode.a[0m
[21.954s] [ 51%] [32m[1mLinking CXX static library libAckermannPosControl.a[0m
[21.964s] [ 51%] [32mBuilding CXX object src/modules/sensors/vehicle_optical_flow/CMakeFiles/vehicle_optical_flow.dir/VehicleOpticalFlow.cpp.o[0m
[21.981s] [ 51%] [32m[1mLinking CXX static library libDifferentialSpeedControl.a[0m
[21.992s] [ 51%] [32mBuilding CXX object src/modules/sensors/data_validator/CMakeFiles/data_validator.dir/DataValidatorGroup.cpp.o[0m
[21.992s] [ 51%] Built target DifferentialAutoMode
[22.000s] [ 51%] [32m[1mLinking CXX static library libDifferentialOffboardMode.a[0m
[22.000s] [ 51%] [32mBuilding CXX object src/modules/commander/HealthAndArmingChecks/CMakeFiles/health_and_arming_checks.dir/checks/externalChecks.cpp.o[0m
[22.016s] [ 51%] Built target AckermannPosControl
[22.024s] [ 51%] Built target DifferentialSpeedControl
[22.040s] [ 51%] [32m[1mLinking CXX static library libAckermannManualMode.a[0m
[22.049s] [ 51%] [32mBuilding CXX object src/modules/ekf2/test/sensor_simulator/CMakeFiles/ecl_sensor_sim.dir/sensor_simulator.cpp.o[0m
[22.049s] [ 53%] [32mBuilding CXX object src/lib/airspeed/CMakeFiles/airspeed.dir/airspeed.cpp.o[0m
[22.054s] [ 53%] [32mBuilding CXX object platforms/common/uORB/CMakeFiles/uORB.dir/Subscription.cpp.o[0m
[22.056s] [ 53%] Built target DifferentialOffboardMode
[22.060s] [ 53%] [32m[1mLinking CXX static library libMecanumRateControl.a[0m
[22.073s] [ 53%] [32m[1mLinking CXX static library libMecanumActControl.a[0m
[22.075s] [ 53%] [32mBuilding CXX object src/modules/ekf2/test/sensor_simulator/CMakeFiles/ecl_sensor_sim.dir/ekf_wrapper.cpp.o[0m
[22.082s] [ 53%] [32mBuilding CXX object src/lib/collision_prevention/CMakeFiles/CollisionPrevention.dir/CollisionPrevention.cpp.o[0m
[22.082s] [ 53%] [32mBuilding CXX object platforms/common/uORB/CMakeFiles/uORB.dir/SubscriptionInterval.cpp.o[0m
[22.096s] [ 53%] Built target AckermannManualMode
[22.100s] [ 53%] [32m[1mLinking CXX static library libMecanumAttControl.a[0m
[22.100s] [ 53%] Built target MecanumRateControl
[22.106s] [ 53%] [32mBuilding CXX object platforms/common/uORB/CMakeFiles/uORB.dir/uORB.cpp.o[0m
[22.110s] [ 53%] [32mBuilding CXX object src/lib/collision_prevention/CMakeFiles/CollisionPrevention.dir/ObstacleMath.cpp.o[0m
[22.115s] [ 53%] [32mBuilding CXX object platforms/common/uORB/CMakeFiles/uORB.dir/uORBMessageFields.cpp.o[0m
[22.140s] [ 53%] Built target MecanumActControl
[22.140s] [ 53%] [32m[1mLinking CXX static library libMecanumAutoMode.a[0m
[22.141s] [ 53%] [32m[1mLinking CXX static library libDifferentialManualMode.a[0m
[22.152s] [ 53%] Built target MecanumAttControl
[22.152s] [ 55%] [32mBuilding CXX object platforms/common/uORB/CMakeFiles/uORB.dir/uORBUtils.cpp.o[0m
[22.162s] [ 55%] [32mBuilding CXX object src/modules/ekf2/test/sensor_simulator/CMakeFiles/ecl_sensor_sim.dir/ekf_logger.cpp.o[0m
[22.162s] [ 55%] [32m[1mLinking CXX static library libDifferentialPosControl.a[0m
[22.163s] [ 55%] [32m[1mLinking CXX static library libMecanumOffboardMode.a[0m
[22.175s] [ 55%] [32mBuilding CXX object src/lib/control_allocation/control_allocation/CMakeFiles/ControlAllocation.dir/ControlAllocation.cpp.o[0m
[22.179s] [ 55%] Built target MecanumAutoMode
[22.187s] [ 55%] [32mBuilding CXX object src/modules/ekf2/test/sensor_simulator/CMakeFiles/ecl_sensor_sim.dir/sensor.cpp.o[0m
[22.191s] [ 55%] [32mBuilding CXX object platforms/common/uORB/CMakeFiles/uORB.dir/uORBDeviceMaster.cpp.o[0m
[22.198s] [ 55%] [32m[1mLinking CXX static library libairspeed.a[0m
[22.199s] [ 55%] Built target DifferentialPosControl
[22.201s] [ 55%] [32mBuilding CXX object platforms/common/uORB/CMakeFiles/uORB.dir/uORBDeviceNode.cpp.o[0m
[22.207s] [ 55%] [32mBuilding CXX object src/lib/control_allocation/control_allocation/CMakeFiles/ControlAllocation.dir/ControlAllocationPseudoInverse.cpp.o[0m
[22.208s] [ 55%] [32mBuilding CXX object src/lib/control_allocation/control_allocation/CMakeFiles/ControlAllocation.dir/ControlAllocationSequentialDesaturation.cpp.o[0m
[22.208s] [ 55%] [32mBuilding CXX object platforms/common/uORB/CMakeFiles/uORB.dir/uORBManager.cpp.o[0m
[22.213s] [ 55%] Built target MecanumOffboardMode
[22.216s] [ 55%] Built target DifferentialManualMode
[22.224s] [ 55%] [32mBuilding CXX object src/modules/ekf2/test/sensor_simulator/CMakeFiles/ecl_sensor_sim.dir/imu.cpp.o[0m
[22.228s] [ 55%] [32mBuilding CXX object src/modules/ekf2/test/sensor_simulator/CMakeFiles/ecl_sensor_sim.dir/mag.cpp.o[0m
[22.233s] [ 55%] [32m[1mLinking CXX static library libdata_validator.a[0m
[22.236s] [ 55%] Built target airspeed
[22.247s] [ 57%] [32mBuilding CXX object src/modules/ekf2/test/sensor_simulator/CMakeFiles/ecl_sensor_sim.dir/baro.cpp.o[0m
[22.267s] [ 57%] [32m[1mLinking CXX static library libMecanumSpeedControl.a[0m
[22.285s] [ 57%] [32mBuilding CXX object src/lib/control_allocation/actuator_effectiveness/CMakeFiles/ActuatorEffectiveness.dir/ActuatorEffectiveness.cpp.o[0m
[22.289s] [ 57%] Built target data_validator
[22.314s] [ 57%] [32mBuilding CXX object src/modules/ekf2/test/sensor_simulator/CMakeFiles/ecl_sensor_sim.dir/flow.cpp.o[0m
[22.314s] [ 57%] [32mBuilding CXX object src/modules/ekf2/test/sensor_simulator/CMakeFiles/ecl_sensor_sim.dir/gps.cpp.o[0m
[22.321s] [ 57%] [32mBuilding CXX object src/lib/drivers/accelerometer/CMakeFiles/drivers_accelerometer.dir/PX4Accelerometer.cpp.o[0m
[22.326s] [ 57%] [32mBuilding CXX object src/modules/ekf2/test/sensor_simulator/CMakeFiles/ecl_sensor_sim.dir/range_finder.cpp.o[0m
[22.328s] [ 57%] Built target MecanumSpeedControl
[22.354s] [ 57%] [32mBuilding CXX object src/lib/drivers/gyroscope/CMakeFiles/drivers_gyroscope.dir/PX4Gyroscope.cpp.o[0m
[22.363s] [ 57%] [32m[1mLinking CXX static library libMecanumPosControl.a[0m
[22.372s] [ 57%] [32mBuilding CXX object src/modules/ekf2/test/sensor_simulator/CMakeFiles/ecl_sensor_sim.dir/vio.cpp.o[0m
[22.377s] [ 57%] [32mBuilding CXX object src/lib/drivers/magnetometer/CMakeFiles/drivers_magnetometer.dir/PX4Magnetometer.cpp.o[0m
[22.411s] [ 57%] [32m[1mLinking CXX static library libvehicle_gps_position.a[0m
[22.417s] [ 57%] Built target MecanumPosControl
[22.420s] [ 57%] [32m[1mLinking CXX static library libMecanumManualMode.a[0m
[22.444s] [ 57%] [32mBuilding CXX object src/lib/rate_control/CMakeFiles/RateControl.dir/rate_control.cpp.o[0m
[22.478s] [ 57%] [32mBuilding CXX object src/modules/ekf2/test/sensor_simulator/CMakeFiles/ecl_sensor_sim.dir/airspeed.cpp.o[0m
[22.478s] [ 57%] Built target MecanumManualMode
[22.490s] [ 57%] Built target vehicle_gps_position
[22.508s] [ 57%] [32mBuilding CXX object src/lib/rover_control/CMakeFiles/rover_control.dir/RoverControl.cpp.o[0m
[22.525s] [ 57%] [32m[1mLinking CXX static library libhealth_and_arming_checks.a[0m
[22.536s] [ 57%] [32mBuilding CXX object src/lib/sensor_calibration/CMakeFiles/sensor_calibration.dir/Accelerometer.cpp.o[0m
[22.538s] [ 57%] [32mBuilding CXX object src/lib/slew_rate/CMakeFiles/SlewRate.dir/dummy.cpp.o[0m
[22.549s] [ 57%] [32m[1mLinking CXX static library libActuatorEffectiveness.a[0m
[22.573s] [ 57%] [32m[1mLinking CXX static library libdrivers_magnetometer.a[0m
[22.581s] [ 57%] [32mBuilding CXX object src/lib/tunes/CMakeFiles/tunes.dir/default_tunes.cpp.o[0m
[22.597s] [ 57%] [32mBuilding CXX object src/lib/sensor_calibration/CMakeFiles/sensor_calibration.dir/Barometer.cpp.o[0m
[22.598s] [ 57%] Built target ActuatorEffectiveness
[22.603s] [ 57%] [32m[1mLinking CXX static library libSlewRate.a[0m
[22.610s] [ 57%] [32mBuilding CXX object src/lib/variable_length_ringbuffer/CMakeFiles/variable_length_ringbuffer.dir/VariableLengthRingbuffer.cpp.o[0m
[22.614s] [ 57%] [32m[1mLinking CXX static library libuORB.a[0m
[22.617s] [ 57%] Built target health_and_arming_checks
[22.623s] [ 57%] [32mBuilding CXX object src/modules/flight_mode_manager/tasks/Failsafe/CMakeFiles/FlightTaskFailsafe.dir/FlightTaskFailsafe.cpp.o[0m
[22.625s] [ 57%] [32mBuilding CXX object src/lib/tunes/CMakeFiles/tunes.dir/tunes.cpp.o[0m
[22.644s] [ 57%] [32mBuilding CXX object src/modules/control_allocator/VehicleActuatorEffectiveness/CMakeFiles/VehicleActuatorEffectiveness.dir/ActuatorEffectivenessUUV.cpp.o[0m
[22.645s] [ 57%] Built target SlewRate
[22.646s] [ 57%] Built target drivers_magnetometer
[22.647s] [ 57%] [32mBuilding CXX object src/modules/control_allocator/VehicleActuatorEffectiveness/CMakeFiles/VehicleActuatorEffectiveness.dir/ActuatorEffectivenessControlSurfaces.cpp.o[0m
[22.657s] [ 58%] [32mBuilding CXX object src/modules/control_allocator/VehicleActuatorEffectiveness/CMakeFiles/VehicleActuatorEffectiveness.dir/ActuatorEffectivenessCustom.cpp.o[0m
[22.659s] [ 60%] [32mBuilding CXX object src/lib/sensor_calibration/CMakeFiles/sensor_calibration.dir/Gyroscope.cpp.o[0m
[22.659s] [ 60%] [32mBuilding CXX object src/lib/sensor_calibration/CMakeFiles/sensor_calibration.dir/Magnetometer.cpp.o[0m
[22.670s] [ 60%] Built target uORB
[22.694s] [ 60%] [32m[1mLinking CXX static library libvariable_length_ringbuffer.a[0m
[22.700s] [ 60%] [32m[1mLinking CXX static library libdrivers_accelerometer.a[0m
[22.703s] [ 60%] [32mBuilding CXX object src/modules/flight_mode_manager/tasks/Utility/CMakeFiles/FlightTaskUtility.dir/StickAccelerationXY.cpp.o[0m
[22.707s] [ 60%] [32mBuilding CXX object src/lib/cdev/test/CMakeFiles/lib__cdev__test__cdev_test.dir/cdevtest_example.cpp.o[0m
[22.726s] [ 60%] [32mBuilding CXX object src/modules/flight_mode_manager/tasks/Utility/CMakeFiles/FlightTaskUtility.dir/StickTiltXY.cpp.o[0m
[22.727s] [ 60%] [32m[1mLinking CXX static library libRateControl.a[0m
[22.746s] [ 60%] [32mBuilding CXX object src/lib/controllib/controllib_test/CMakeFiles/lib__controllib__controllib_test.dir/controllib_test_main.cpp.o[0m
[22.747s] [ 60%] Built target drivers_accelerometer
[22.748s] [ 60%] Built target variable_length_ringbuffer
[22.756s] [ 60%] [32m[1mLinking CXX static library libdrivers_gyroscope.a[0m
[22.767s] [ 60%] Built target RateControl
[22.767s] [ 60%] [32m[1mLinking CXX shared library ../libMovingPlatformController.so[0m
[22.774s] [ 60%] [32mBuilding CXX object platforms/common/uORB/uORB_tests/CMakeFiles/modules__uORB__uORB_tests.dir/uORB_tests_main.cpp.o[0m
[22.775s] [ 60%] [32mBuilding CXX object src/lib/rc/rc_tests/CMakeFiles/lib__rc__rc_tests.dir/RCTest.cpp.o[0m
[22.782s] [ 60%] [32mBuilding CXX object platforms/common/px4_work_queue/test/CMakeFiles/lib__work_queue__test__wqueue_test.dir/wqueue_main.cpp.o[0m
[22.784s] [ 60%] [32mBuilding CXX object platforms/common/uORB/uORB_tests/CMakeFiles/modules__uORB__uORB_tests.dir/uORBTest_UnitTest.cpp.o[0m
[22.800s] [ 60%] Built target drivers_gyroscope
[22.814s] [ 60%] [32mBuilding CXX object src/lib/cdev/test/CMakeFiles/lib__cdev__test__cdev_test.dir/cdevtest_main.cpp.o[0m
[22.819s] [ 60%] [32mBuilding CXX object src/drivers/camera_trigger/CMakeFiles/drivers__camera_trigger.dir/camera_trigger.cpp.o[0m
[22.861s] [ 60%] [32m[1mLinking CXX static library librover_control.a[0m
[22.891s] [ 60%] [32mBuilding CXX object platforms/common/px4_work_queue/test/CMakeFiles/lib__work_queue__test__wqueue_test.dir/wqueue_scheduled_test.cpp.o[0m
[22.898s] [ 60%] [32mBuilding CXX object src/lib/cdev/test/CMakeFiles/lib__cdev__test__cdev_test.dir/cdevtest_start.cpp.o[0m
[22.898s] [ 60%] [32mBuilding CXX object src/modules/flight_mode_manager/tasks/Utility/CMakeFiles/FlightTaskUtility.dir/Gimbal.cpp.o[0m
[22.906s] [ 60%] Built target rover_control
[22.909s] [ 60%] [32m[1mLinking CXX static library libtunes.a[0m
[22.913s] [ 60%] [32mBuilding CXX object src/lib/sensor_calibration/CMakeFiles/sensor_calibration.dir/Utilities.cpp.o[0m
[22.914s] [ 60%] [32mBuilding CXX object src/drivers/camera_trigger/CMakeFiles/drivers__camera_trigger.dir/interfaces/src/camera_interface.cpp.o[0m
[22.917s] [ 60%] [32mBuilding CXX object platforms/common/px4_work_queue/test/CMakeFiles/lib__work_queue__test__wqueue_test.dir/wqueue_start.cpp.o[0m
[22.917s] [ 60%] [32mBuilding CXX object src/modules/control_allocator/VehicleActuatorEffectiveness/CMakeFiles/VehicleActuatorEffectiveness.dir/ActuatorEffectivenessFixedWing.cpp.o[0m
[22.923s] [ 60%] [32m[1mLinking CXX static library libvehicle_optical_flow.a[0m
[22.924s] [ 60%] [32m[1mLinking CXX static library libCollisionPrevention.a[0m
[22.935s] [ 60%] [32mBuilding CXX object src/drivers/gnss/septentrio/CMakeFiles/driver__septentrio.dir/septentrio.cpp.o[0m
[22.950s] [ 60%] Built target tunes
[22.964s] [ 60%] [32m[1mLinking CXX static library libFlightTaskFailsafe.a[0m
[22.967s] [ 60%] [32mBuilding CXX object src/drivers/camera_trigger/CMakeFiles/drivers__camera_trigger.dir/interfaces/src/pwm.cpp.o[0m
[22.968s] [ 62%] [32mBuilding CXX object platforms/common/px4_work_queue/test/CMakeFiles/lib__work_queue__test__wqueue_test.dir/wqueue_test.cpp.o[0m
[22.971s] [ 62%] Built target CollisionPrevention
[22.977s] [ 62%] Built target MovingPlatformController
[22.979s] [ 62%] Built target vehicle_optical_flow
[22.988s] [ 62%] [32mBuilding CXX object src/drivers/camera_trigger/CMakeFiles/drivers__camera_trigger.dir/interfaces/src/seagull_map2.cpp.o[0m
[22.988s] [ 62%] [32m[1mLinking CXX static library liblib__cdev__test__cdev_test.a[0m
[22.989s] [ 62%] [32mBuilding CXX object src/drivers/gnss/septentrio/CMakeFiles/driver__septentrio.dir/util.cpp.o[0m
[22.989s] [ 62%] [32mBuilding CXX object src/modules/control_allocator/VehicleActuatorEffectiveness/CMakeFiles/VehicleActuatorEffectiveness.dir/ActuatorEffectivenessHelicopter.cpp.o[0m
[22.991s] [ 62%] [32mBuilding CXX object src/modules/control_allocator/VehicleActuatorEffectiveness/CMakeFiles/VehicleActuatorEffectiveness.dir/ActuatorEffectivenessHelicopterCoaxial.cpp.o[0m
[22.991s] [ 62%] [32mBuilding CXX object src/drivers/gps/CMakeFiles/drivers__gps.dir/gps.cpp.o[0m
[23.004s] [ 62%] [32mBuilding CXX object src/drivers/osd/msp_osd/CMakeFiles/drivers__osd__msp_osd.dir/msp_osd.cpp.o[0m
[23.016s] [ 62%] Built target FlightTaskFailsafe
[23.022s] [ 62%] [32mBuilding CXX object src/drivers/osd/msp_osd/CMakeFiles/drivers__osd__msp_osd.dir/MspV1.cpp.o[0m
[23.024s] [ 62%] Built target lib__cdev__test__cdev_test
[23.031s] [ 62%] [32mBuilding CXX object src/drivers/osd/msp_osd/CMakeFiles/drivers__osd__msp_osd.dir/uorb_to_msp.cpp.o[0m
[23.035s] [ 62%] [32mBuilding CXX object src/drivers/camera_trigger/CMakeFiles/drivers__camera_trigger.dir/interfaces/src/gpio.cpp.o[0m
[23.035s] [ 62%] [32mBuilding CXX object src/drivers/tone_alarm/CMakeFiles/drivers__tone_alarm.dir/ToneAlarm.cpp.o[0m
[23.041s] [ 62%] [32mBuilding CXX object src/drivers/gps/CMakeFiles/drivers__gps.dir/devices/src/crc.cpp.o[0m
[23.044s] [ 62%] [32m[1mLinking CXX static library liblib__rc__rc_tests.a[0m
[23.057s] [ 62%] [32mBuilding CXX object src/modules/control_allocator/VehicleActuatorEffectiveness/CMakeFiles/VehicleActuatorEffectiveness.dir/ActuatorEffectivenessMCTilt.cpp.o[0m
[23.077s] [ 62%] [32mBuilding CXX object src/modules/control_allocator/VehicleActuatorEffectiveness/CMakeFiles/VehicleActuatorEffectiveness.dir/ActuatorEffectivenessMultirotor.cpp.o[0m
[23.088s] [ 62%] [32mBuilding CXX object src/modules/airship_att_control/CMakeFiles/modules__airship_att_control.dir/airship_att_control_main.cpp.o[0m
[23.096s] [ 62%] [32mBuilding CXX object src/modules/control_allocator/VehicleActuatorEffectiveness/CMakeFiles/VehicleActuatorEffectiveness.dir/ActuatorEffectivenessTilts.cpp.o[0m
[23.096s] [ 62%] [32mBuilding CXX object src/modules/airspeed_selector/CMakeFiles/modules__airspeed_selector.dir/airspeed_selector_main.cpp.o[0m
[23.104s] [ 62%] [32mBuilding CXX object src/modules/airspeed_selector/CMakeFiles/modules__airspeed_selector.dir/AirspeedValidator.cpp.o[0m
[23.104s] [ 62%] [32mBuilding CXX object src/drivers/gps/CMakeFiles/drivers__gps.dir/devices/src/gps_helper.cpp.o[0m
[23.106s] [ 62%] Built target lib__rc__rc_tests
[23.122s] [ 62%] [32mBuilding CXX object src/drivers/gps/CMakeFiles/drivers__gps.dir/devices/src/mtk.cpp.o[0m
[23.140s] [ 62%] [32mBuilding CXX object src/drivers/gps/CMakeFiles/drivers__gps.dir/devices/src/ashtech.cpp.o[0m
[23.141s] [ 64%] [32mBuilding CXX object src/drivers/gnss/septentrio/CMakeFiles/driver__septentrio.dir/rtcm.cpp.o[0m
[23.174s] [ 64%] [32m[1mLinking CXX static library liblib__work_queue__test__wqueue_test.a[0m
[23.180s] [ 64%] [32m[1mLinking CXX shared library ../libSpacecraftThrusterModelPlugin.so[0m
[23.221s] [ 64%] [32mBuilding CXX object src/modules/attitude_estimator_q/CMakeFiles/modules__attitude_estimator_q.dir/attitude_estimator_q_main.cpp.o[0m
[23.231s] [ 64%] Built target lib__work_queue__test__wqueue_test
[23.233s] [ 64%] [32m[1mLinking CXX static library libsensor_calibration.a[0m
[23.250s] [ 64%] [32mBuilding CXX object src/modules/control_allocator/VehicleActuatorEffectiveness/CMakeFiles/VehicleActuatorEffectiveness.dir/ActuatorEffectivenessRotors.cpp.o[0m
[23.269s] [ 64%] [32mBuilding CXX object src/drivers/gps/CMakeFiles/drivers__gps.dir/devices/src/ubx.cpp.o[0m
[23.314s] [ 64%] [32mBuilding CXX object src/modules/control_allocator/VehicleActuatorEffectiveness/CMakeFiles/VehicleActuatorEffectiveness.dir/ActuatorEffectivenessSpacecraft.cpp.o[0m
[23.321s] [ 64%] [32mBuilding CXX object src/drivers/gps/CMakeFiles/drivers__gps.dir/devices/src/rtcm.cpp.o[0m
[23.324s] [ 64%] Built target sensor_calibration
[23.344s] [ 64%] [32mBuilding CXX object src/modules/control_allocator/VehicleActuatorEffectiveness/CMakeFiles/VehicleActuatorEffectiveness.dir/ActuatorEffectivenessStandardVTOL.cpp.o[0m
[23.351s] [ 64%] [32m[1mLinking CXX static library libdrivers__camera_trigger.a[0m
[23.367s] [ 64%] [32mBuilding CXX object src/modules/control_allocator/VehicleActuatorEffectiveness/CMakeFiles/VehicleActuatorEffectiveness.dir/ActuatorEffectivenessTiltrotorVTOL.cpp.o[0m
[23.369s] [ 64%] [32mBuilding CXX object src/drivers/gps/CMakeFiles/drivers__gps.dir/devices/src/emlid_reach.cpp.o[0m
[23.382s] [ 64%] [32mBuilding CXX object src/modules/camera_feedback/CMakeFiles/modules__camera_feedback.dir/CameraFeedback.cpp.o[0m
[23.382s] [ 64%] [32m[1mLinking CXX static library libdrivers__tone_alarm.a[0m
[23.399s] [ 64%] [32m[1mLinking CXX static library libFlightTaskUtility.a[0m
[23.404s] [ 64%] [32m[1mLinking CXX static library libmodules__uORB__uORB_tests.a[0m
[23.413s] [ 64%] [32m[1mLinking CXX static library liblib__controllib__controllib_test.a[0m
[23.421s] [ 64%] Built target drivers__camera_trigger
[23.425s] [ 64%] [32mBuilding CXX object src/drivers/gps/CMakeFiles/drivers__gps.dir/devices/src/femtomes.cpp.o[0m
[23.430s] [ 64%] [32mBuilding CXX object src/modules/commander/CMakeFiles/modules__commander.dir/accelerometer_calibration.cpp.o[0m
[23.432s] [ 64%] [32mBuilding CXX object src/drivers/gnss/septentrio/CMakeFiles/driver__septentrio.dir/sbf/decoder.cpp.o[0m
[23.433s] [ 64%] Built target drivers__tone_alarm
[23.436s] [ 64%] [32mBuilding CXX object src/modules/dataman/CMakeFiles/modules__dataman.dir/dataman.cpp.o[0m
[23.439s] [ 64%] Built target SpacecraftThrusterModelPlugin
[23.442s] [ 64%] [32mBuilding CXX object src/modules/control_allocator/VehicleActuatorEffectiveness/CMakeFiles/VehicleActuatorEffectiveness.dir/ActuatorEffectivenessTailsitterVTOL.cpp.o[0m
[23.447s] [ 64%] [32mBuilding CXX object src/drivers/gps/CMakeFiles/drivers__gps.dir/devices/src/unicore.cpp.o[0m
[23.457s] [ 64%] [32mBuilding CXX object src/drivers/gps/CMakeFiles/drivers__gps.dir/devices/src/nmea.cpp.o[0m
[23.458s] [ 64%] Built target FlightTaskUtility
[23.460s] [ 64%] Built target modules__uORB__uORB_tests
[23.460s] [ 64%] [32m[1mLinking CXX static library libControlAllocation.a[0m
[23.468s] [ 64%] [32mBuilding CXX object src/modules/commander/CMakeFiles/modules__commander.dir/airspeed_calibration.cpp.o[0m
[23.474s] [ 64%] Built target lib__controllib__controllib_test
[23.490s] [ 64%] [32mBuilding CXX object src/modules/control_allocator/VehicleActuatorEffectiveness/CMakeFiles/VehicleActuatorEffectiveness.dir/ActuatorEffectivenessRoverAckermann.cpp.o[0m
[23.504s] [ 64%] Built target ControlAllocation
[23.507s] [ 64%] [32mBuilding CXX object src/modules/ekf2/CMakeFiles/modules__ekf2.dir/EKF/control.cpp.o[0m
[23.524s] [ 64%] [32mBuilding CXX object src/modules/control_allocator/VehicleActuatorEffectiveness/CMakeFiles/VehicleActuatorEffectiveness.dir/RpmControl.cpp.o[0m
[23.530s] [ 64%] [32mBuilding CXX object src/modules/commander/CMakeFiles/modules__commander.dir/baro_calibration.cpp.o[0m
[23.563s] [ 64%] [32mBuilding CXX object src/modules/events/CMakeFiles/modules__events.dir/rc_loss_alarm.cpp.o[0m
[23.570s] [ 66%] [32mBuilding CXX object src/modules/ekf2/CMakeFiles/modules__ekf2.dir/EKF/covariance.cpp.o[0m
[23.597s] [ 66%] [32m[1mLinking CXX static library libecl_sensor_sim.a[0m
[23.613s] [ 66%] [32mBuilding CXX object src/modules/events/CMakeFiles/modules__events.dir/send_event.cpp.o[0m
[23.618s] [ 66%] [32mBuilding CXX object src/modules/flight_mode_manager/tasks/Auto/CMakeFiles/FlightTaskAuto.dir/FlightTaskAuto.cpp.o[0m
[23.637s] [ 67%] [32mBuilding CXX object src/modules/commander/CMakeFiles/modules__commander.dir/calibration_routines.cpp.o[0m
[23.667s] [ 67%] Built target ecl_sensor_sim
[23.707s] [ 67%] [32mBuilding CXX object src/modules/ekf2/CMakeFiles/modules__ekf2.dir/EKF/ekf.cpp.o[0m
[23.711s] [ 67%] [32mBuilding CXX object src/modules/events/CMakeFiles/modules__events.dir/set_leds.cpp.o[0m
[23.713s] [ 67%] [32mBuilding CXX object src/modules/flight_mode_manager/tasks/Descend/CMakeFiles/FlightTaskDescend.dir/FlightTaskDescend.cpp.o[0m
[23.718s] [ 67%] [32m[1mLinking CXX static library libmodules__airship_att_control.a[0m
[23.727s] [ 67%] [32mBuilding CXX object src/modules/commander/CMakeFiles/modules__commander.dir/Commander.cpp.o[0m
[23.732s] [ 67%] [32mBuilding CXX object src/modules/flight_mode_manager/tasks/ManualAltitude/CMakeFiles/FlightTaskManualAltitude.dir/FlightTaskManualAltitude.cpp.o[0m
[23.739s] [ 67%] [32mBuilding CXX object src/modules/commander/CMakeFiles/modules__commander.dir/commander_helper.cpp.o[0m
[23.752s] [ 67%] [32m[1mLinking CXX static library libdrivers__osd__msp_osd.a[0m
[23.792s] [ 67%] Built target modules__airship_att_control
[23.793s] [ 67%] [32mBuilding CXX object src/modules/ekf2/CMakeFiles/modules__ekf2.dir/EKF/ekf_helper.cpp.o[0m
[23.822s] [ 67%] Built target drivers__osd__msp_osd
[23.840s] [ 67%] [32mBuilding CXX object src/modules/commander/CMakeFiles/modules__commander.dir/esc_calibration.cpp.o[0m
[23.840s] [ 67%] [32mBuilding CXX object src/modules/fw_att_control/CMakeFiles/modules__fw_att_control.dir/FixedwingAttitudeControl.cpp.o[0m
[23.847s] [ 67%] [32mBuilding CXX object src/modules/flight_mode_manager/tasks/Transition/CMakeFiles/FlightTaskTransition.dir/FlightTaskTransition.cpp.o[0m
[23.874s] [ 67%] [32mBuilding CXX object src/modules/fw_autotune_attitude_control/CMakeFiles/fw_autotune_attitude_control.dir/fw_autotune_attitude_control.cpp.o[0m
[23.882s] [ 67%] [32mBuilding CXX object src/modules/commander/CMakeFiles/modules__commander.dir/factory_calibration_storage.cpp.o[0m
[23.889s] [ 67%] [32mBuilding CXX object src/modules/commander/CMakeFiles/modules__commander.dir/gyro_calibration.cpp.o[0m
[23.899s] [ 67%] [32mBuilding CXX object src/modules/fw_att_control/CMakeFiles/modules__fw_att_control.dir/fw_pitch_controller.cpp.o[0m
[23.902s] [ 67%] [32mBuilding CXX object src/modules/ekf2/CMakeFiles/modules__ekf2.dir/EKF/estimator_interface.cpp.o[0m
[23.912s] [ 67%] [32mBuilding CXX object src/modules/ekf2/CMakeFiles/modules__ekf2.dir/EKF/height_control.cpp.o[0m
[23.929s] [ 67%] [32mBuilding CXX object src/modules/events/CMakeFiles/modules__events.dir/status_display.cpp.o[0m
[23.958s] [ 67%] [32m[1mLinking CXX static library libVehicleActuatorEffectiveness.a[0m
[23.962s] [ 69%] [32mBuilding CXX object src/modules/fw_lateral_longitudinal_control/CMakeFiles/modules__fw_lateral_longitudinal_control.dir/FwLateralLongitudinalControl.cpp.o[0m
[23.984s] [ 69%] [32m[1mLinking CXX static library libmodules__dataman.a[0m
[23.999s] [ 69%] [32mBuilding CXX object src/modules/fw_att_control/CMakeFiles/modules__fw_att_control.dir/fw_roll_controller.cpp.o[0m
[24.021s] [ 69%] Built target VehicleActuatorEffectiveness
[24.031s] [ 69%] [32mBuilding CXX object src/modules/ekf2/CMakeFiles/modules__ekf2.dir/EKF/velocity_fusion.cpp.o[0m
[24.040s] [ 69%] Built target modules__dataman
[24.049s] [ 69%] [32mBuilding CXX object src/modules/fw_att_control/CMakeFiles/modules__fw_att_control.dir/fw_wheel_controller.cpp.o[0m
[24.055s] [ 69%] [32m[1mLinking CXX static library libmodules__camera_feedback.a[0m
[24.055s] [ 69%] [32m[1mLinking CXX static library libdriver__septentrio.a[0m
[24.059s] [ 69%] [32mBuilding CXX object src/modules/commander/CMakeFiles/modules__commander.dir/HomePosition.cpp.o[0m
[24.062s] [ 69%] [32mBuilding CXX object src/modules/commander/CMakeFiles/modules__commander.dir/ModeManagement.cpp.o[0m
[24.091s] [ 69%] [32mBuilding CXX object src/modules/fw_att_control/CMakeFiles/modules__fw_att_control.dir/fw_yaw_controller.cpp.o[0m
[24.093s] [ 69%] [32mBuilding CXX object src/modules/fw_mode_manager/CMakeFiles/modules__fw_mode_manager.dir/FixedWingModeManager.cpp.o[0m
[24.093s] [ 69%] [32mBuilding CXX object src/modules/ekf2/CMakeFiles/modules__ekf2.dir/EKF/position_fusion.cpp.o[0m
[24.103s] [ 69%] Built target driver__septentrio
[24.114s] [ 69%] [32mBuilding CXX object src/modules/commander/CMakeFiles/modules__commander.dir/level_calibration.cpp.o[0m
[24.132s] [ 69%] Built target modules__camera_feedback
[24.147s] [ 69%] [32mBuilding CXX object src/modules/fw_rate_control/CMakeFiles/modules__fw_rate_control.dir/FixedwingRateControl.cpp.o[0m
[24.160s] [ 69%] [32mBuilding CXX object src/modules/gyro_calibration/CMakeFiles/modules__gyro_calibration.dir/GyroCalibration.cpp.o[0m
[24.167s] [ 69%] [32m[1mLinking CXX static library libFlightTaskDescend.a[0m
[24.168s] [ 69%] [32m[1mLinking CXX static library libmodules__airspeed_selector.a[0m
[24.183s] [ 69%] [32mBuilding CXX object src/modules/gimbal/CMakeFiles/drivers__gimbal.dir/input.cpp.o[0m
[24.198s] [ 69%] [32m[1mLinking CXX static library libmodules__events.a[0m
[24.225s] [ 69%] Built target FlightTaskDescend
[24.248s] [ 69%] [32mBuilding CXX object src/modules/commander/CMakeFiles/modules__commander.dir/lm_fit.cpp.o[0m
[24.249s] [ 69%] Built target modules__airspeed_selector
[24.269s] [ 69%] Built target modules__events
[24.282s] [ 69%] [32mBuilding CXX object src/modules/ekf2/CMakeFiles/modules__ekf2.dir/EKF/yaw_fusion.cpp.o[0m
[24.288s] [ 69%] [32mBuilding CXX object src/modules/commander/CMakeFiles/modules__commander.dir/mag_calibration.cpp.o[0m
[24.304s] [ 69%] [32mBuilding CXX object src/modules/gyro_fft/CMakeFiles/modules__gyro_fft.dir/GyroFFT.cpp.o[0m
[24.309s] [ 69%] [32mBuilding CXX object src/modules/gimbal/CMakeFiles/drivers__gimbal.dir/input_mavlink.cpp.o[0m
[24.331s] [ 69%] [32mBuilding CXX object src/modules/commander/CMakeFiles/modules__commander.dir/rc_calibration.cpp.o[0m
[24.343s] [ 69%] [32mBuilding C object src/modules/gyro_fft/CMakeFiles/modules__gyro_fft.dir/CMSIS_5/CMSIS/DSP/Source/BasicMathFunctions/arm_mult_q15.c.o[0m
[24.346s] [ 69%] [32mBuilding CXX object src/modules/ekf2/CMakeFiles/modules__ekf2.dir/EKF/imu_down_sampler/imu_down_sampler.cpp.o[0m
[24.404s] [ 69%] [32m[1mLinking CXX static library libFlightTaskManualAltitude.a[0m
[24.459s] [ 69%] [32mBuilding CXX object src/modules/fw_mode_manager/CMakeFiles/modules__fw_mode_manager.dir/ControllerConfigurationHandler.cpp.o[0m
[24.462s] [ 69%] [32m[1mLinking CXX static library libFlightTaskTransition.a[0m
[24.470s] [ 69%] Built target FlightTaskManualAltitude
[24.487s] [ 69%] [32m[1mLinking CXX static library libmodules__attitude_estimator_q.a[0m
[24.488s] [ 69%] [32m[1mLinking CXX static library libdrivers__gps.a[0m
[24.488s] [ 69%] [32mBuilding CXX object src/modules/gimbal/CMakeFiles/drivers__gimbal.dir/input_rc.cpp.o[0m
[24.494s] [ 69%] [32mBuilding CXX object src/modules/land_detector/CMakeFiles/modules__land_detector.dir/land_detector_main.cpp.o[0m
[24.498s] [ 69%] [32mBuilding CXX object src/modules/ekf2/CMakeFiles/modules__ekf2.dir/EKF/aid_sources/fake_height_control.cpp.o[0m
[24.540s] [ 69%] Built target modules__attitude_estimator_q
[24.540s] [ 69%] Built target FlightTaskTransition
[24.550s] [ 69%] [32mBuilding CXX object src/modules/commander/CMakeFiles/modules__commander.dir/Safety.cpp.o[0m
[24.551s] [ 69%] Built target drivers__gps
[24.556s] [ 69%] [32mBuilding C object src/modules/gyro_fft/CMakeFiles/modules__gyro_fft.dir/CMSIS_5/CMSIS/DSP/Source/CommonTables/arm_common_tables.c.o[0m
[24.561s] [ 69%] [32mBuilding CXX object src/modules/commander/CMakeFiles/modules__commander.dir/UserModeIntention.cpp.o[0m
[24.568s] [ 69%] [32mBuilding CXX object src/modules/gimbal/CMakeFiles/drivers__gimbal.dir/input_test.cpp.o[0m
[24.579s] [ 69%] [32mBuilding CXX object src/modules/landing_target_estimator/CMakeFiles/modules__landing_target_estimator.dir/landing_target_estimator_main.cpp.o[0m
[24.587s] [ 69%] [32mBuilding CXX object src/modules/load_mon/CMakeFiles/modules__load_mon.dir/LoadMon.cpp.o[0m
[24.690s] [ 71%] [32mBuilding CXX object src/modules/land_detector/CMakeFiles/modules__land_detector.dir/LandDetector.cpp.o[0m
[24.746s] [ 71%] [32mBuilding CXX object src/modules/ekf2/CMakeFiles/modules__ekf2.dir/EKF/aid_sources/fake_pos_control.cpp.o[0m
[24.746s] [ 71%] [32mBuilding CXX object src/modules/landing_target_estimator/CMakeFiles/modules__landing_target_estimator.dir/LandingTargetEstimator.cpp.o[0m
[24.766s] [ 71%] [32mBuilding C object src/modules/gyro_fft/CMakeFiles/modules__gyro_fft.dir/CMSIS_5/CMSIS/DSP/Source/CommonTables/arm_const_structs.c.o[0m
[24.773s] [ 71%] [32mBuilding CXX object src/modules/commander/CMakeFiles/modules__commander.dir/worker_thread.cpp.o[0m
[24.788s] [ 71%] [32mBuilding CXX object src/modules/local_position_estimator/CMakeFiles/modules__local_position_estimator.dir/BlockLocalPositionEstimator.cpp.o[0m
[24.802s] [ 71%] [32mBuilding CXX object src/modules/gimbal/CMakeFiles/drivers__gimbal.dir/output.cpp.o[0m
[24.816s] [ 71%] [32mBuilding CXX object src/modules/landing_target_estimator/CMakeFiles/modules__landing_target_estimator.dir/KalmanFilter.cpp.o[0m
[24.828s] [ 71%] [32m[1mLinking CXX static library libmodules__fw_att_control.a[0m
[24.858s] [ 71%] [32mBuilding CXX object src/modules/gimbal/CMakeFiles/drivers__gimbal.dir/output_mavlink.cpp.o[0m
[24.860s] [ 71%] [32mBuilding CXX object src/modules/ekf2/CMakeFiles/modules__ekf2.dir/EKF/aid_sources/ZeroGyroUpdate.cpp.o[0m
[24.868s] [ 71%] [32mBuilding CXX object src/modules/local_position_estimator/CMakeFiles/modules__local_position_estimator.dir/sensors/flow.cpp.o[0m
[24.877s] [ 71%] [32m[1mLinking CXX static library libFlightTaskAuto.a[0m
[24.889s] [ 71%] [32mBuilding CXX object src/modules/local_position_estimator/CMakeFiles/modules__local_position_estimator.dir/sensors/lidar.cpp.o[0m
[24.891s] [ 71%] [32mBuilding CXX object src/modules/logger/CMakeFiles/modules__logger.dir/logged_topics.cpp.o[0m
[24.891s] [ 71%] Built target modules__fw_att_control
[24.931s] [ 71%] [32mBuilding CXX object src/modules/mag_bias_estimator/CMakeFiles/modules__mag_bias_estimator.dir/MagBiasEstimator.cpp.o[0m
[24.942s] [ 71%] Built target FlightTaskAuto
[24.958s] [ 71%] [32mBuilding CXX object src/modules/logger/CMakeFiles/modules__logger.dir/logger.cpp.o[0m
[24.963s] [ 71%] [32mBuilding C object src/modules/gyro_fft/CMakeFiles/modules__gyro_fft.dir/CMSIS_5/CMSIS/DSP/Source/SupportFunctions/arm_float_to_q15.c.o[0m
[24.992s] [ 71%] [32mBuilding CXX object src/modules/land_detector/CMakeFiles/modules__land_detector.dir/MulticopterLandDetector.cpp.o[0m
[24.999s] [ 71%] [32mBuilding CXX object src/modules/land_detector/CMakeFiles/modules__land_detector.dir/FixedwingLandDetector.cpp.o[0m
[25.070s] [ 71%] [32mBuilding CXX object src/modules/gimbal/CMakeFiles/drivers__gimbal.dir/output_rc.cpp.o[0m
[25.073s] [ 71%] [32mBuilding CXX object src/modules/ekf2/CMakeFiles/modules__ekf2.dir/EKF/aid_sources/ZeroVelocityUpdate.cpp.o[0m
[25.081s] [ 71%] [32m[1mLinking CXX static library libmodules__gyro_calibration.a[0m
[25.137s] [ 71%] [32m[1mLinking CXX static library libmodules__load_mon.a[0m
[25.143s] [ 71%] Built target modules__gyro_calibration
[25.152s] [ 71%] [32m[1mLinking CXX static library libmodules__landing_target_estimator.a[0m
[25.153s] [ 71%] [32mBuilding CXX object src/modules/local_position_estimator/CMakeFiles/modules__local_position_estimator.dir/sensors/sonar.cpp.o[0m
[25.163s] [ 71%] [32m[1mLinking CXX static library libfw_autotune_attitude_control.a[0m
[25.176s] [ 71%] [32mBuilding CXX object src/modules/ekf2/CMakeFiles/modules__ekf2.dir/EKF/aid_sources/zero_innovation_heading_update.cpp.o[0m
[25.186s] [ 71%] Built target modules__load_mon
[25.199s] [ 71%] [32mBuilding CXX object src/modules/land_detector/CMakeFiles/modules__land_detector.dir/VtolLandDetector.cpp.o[0m
[25.206s] [ 71%] [32mBuilding C object src/modules/gyro_fft/CMakeFiles/modules__gyro_fft.dir/CMSIS_5/CMSIS/DSP/Source/TransformFunctions/arm_bitreversal2.c.o[0m
[25.211s] [ 71%] Built target fw_autotune_attitude_control
[25.211s] [ 71%] Built target modules__landing_target_estimator
[25.225s] [ 71%] [32mBuilding CXX object src/modules/gimbal/CMakeFiles/drivers__gimbal.dir/gimbal.cpp.o[0m
[25.237s] [ 71%] [32mBuilding CXX object src/modules/ekf2/CMakeFiles/modules__ekf2.dir/EKF/aid_sources/airspeed/airspeed_fusion.cpp.o[0m
[25.240s] [ 71%] [32mBuilding CXX object src/modules/local_position_estimator/CMakeFiles/modules__local_position_estimator.dir/sensors/gps.cpp.o[0m
[25.241s] [ 71%] [32mBuilding CXX object src/modules/logger/CMakeFiles/modules__logger.dir/log_writer.cpp.o[0m
[25.243s] [ 71%] [32mBuilding CXX object src/modules/logger/CMakeFiles/modules__logger.dir/log_writer_file.cpp.o[0m
[25.255s] [ 71%] [32m[1mLinking CXX static library libmodules__fw_rate_control.a[0m
[25.267s] [ 71%] [32m[1mLinking CXX static library libmodules__fw_lateral_longitudinal_control.a[0m
[25.284s] [ 71%] [32mBuilding CXX object src/modules/logger/CMakeFiles/modules__logger.dir/log_writer_mavlink.cpp.o[0m
[25.305s] [ 71%] [32mBuilding C object src/modules/gyro_fft/CMakeFiles/modules__gyro_fft.dir/CMSIS_5/CMSIS/DSP/Source/TransformFunctions/arm_cfft_q15.c.o[0m
[25.306s] [ 71%] [32mBuilding C object src/modules/gyro_fft/CMakeFiles/modules__gyro_fft.dir/CMSIS_5/CMSIS/DSP/Source/TransformFunctions/arm_cfft_radix4_q15.c.o[0m
[25.313s] [ 71%] [32mBuilding CXX object src/modules/logger/CMakeFiles/modules__logger.dir/util.cpp.o[0m
[25.315s] [ 71%] Built target modules__fw_rate_control
[25.319s] [ 71%] [32mBuilding CXX object src/modules/ekf2/CMakeFiles/modules__ekf2.dir/EKF/aid_sources/aux_global_position/aux_global_position.cpp.o[0m
[25.327s] [ 71%] [32mBuilding CXX object src/modules/local_position_estimator/CMakeFiles/modules__local_position_estimator.dir/sensors/baro.cpp.o[0m
[25.328s] [ 71%] Built target modules__fw_lateral_longitudinal_control
[25.336s] [ 71%] [32mBuilding CXX object src/modules/land_detector/CMakeFiles/modules__land_detector.dir/RoverLandDetector.cpp.o[0m
[25.337s] [ 71%] [32mBuilding C object src/modules/gyro_fft/CMakeFiles/modules__gyro_fft.dir/CMSIS_5/CMSIS/DSP/Source/TransformFunctions/arm_rfft_init_q15.c.o[0m
[25.337s] [ 71%] [32mBuilding CXX object src/modules/local_position_estimator/CMakeFiles/modules__local_position_estimator.dir/sensors/vision.cpp.o[0m
[25.375s] [ 71%] [32mBuilding CXX object src/modules/land_detector/CMakeFiles/modules__land_detector.dir/AirshipLandDetector.cpp.o[0m
[25.404s] [ 71%] [32mBuilding CXX object src/modules/ekf2/CMakeFiles/modules__ekf2.dir/EKF/aid_sources/auxvel/auxvel_fusion.cpp.o[0m
[25.416s] [ 71%] [32mBuilding CXX object src/modules/ekf2/CMakeFiles/modules__ekf2.dir/EKF/aid_sources/barometer/baro_height_control.cpp.o[0m
[25.424s] [ 71%] [32mBuilding CXX object src/modules/local_position_estimator/CMakeFiles/modules__local_position_estimator.dir/sensors/mocap.cpp.o[0m
[25.432s] [ 71%] [32mBuilding CXX object src/modules/ekf2/CMakeFiles/modules__ekf2.dir/EKF/aid_sources/drag/drag_fusion.cpp.o[0m
[25.432s] [ 71%] [32mBuilding CXX object src/modules/ekf2/CMakeFiles/modules__ekf2.dir/EKF/aid_sources/external_vision/ev_control.cpp.o[0m
[25.432s] [ 73%] [32mBuilding CXX object src/modules/local_position_estimator/CMakeFiles/modules__local_position_estimator.dir/sensors/land.cpp.o[0m
[25.454s] [ 73%] [32mBuilding CXX object src/modules/manual_control/CMakeFiles/modules__manual_control.dir/ManualControl.cpp.o[0m
[25.494s] [ 73%] [32mBuilding CXX object src/modules/manual_control/CMakeFiles/modules__manual_control.dir/ManualControlSelector.cpp.o[0m
[25.525s] [ 73%] [32mBuilding CXX object src/modules/logger/CMakeFiles/modules__logger.dir/watchdog.cpp.o[0m
[25.560s] [ 75%] [32mBuilding CXX object src/modules/ekf2/CMakeFiles/modules__ekf2.dir/EKF/aid_sources/external_vision/ev_height_control.cpp.o[0m
[25.570s] [ 75%] [32mBuilding CXX object src/modules/ekf2/CMakeFiles/modules__ekf2.dir/EKF/aid_sources/external_vision/ev_pos_control.cpp.o[0m
[25.608s] [ 75%] [32mBuilding C object src/modules/gyro_fft/CMakeFiles/modules__gyro_fft.dir/CMSIS_5/CMSIS/DSP/Source/TransformFunctions/arm_rfft_q15.c.o[0m
[25.616s] [ 75%] [32mBuilding C object src/modules/mavlink/CMakeFiles/modules__mavlink.dir/mavlink.c.o[0m
[25.634s] [ 75%] [32mBuilding CXX object src/modules/ekf2/CMakeFiles/modules__ekf2.dir/EKF/aid_sources/external_vision/ev_vel_control.cpp.o[0m
[25.642s] [ 75%] [32m[1mLinking CXX static library libmodules__mag_bias_estimator.a[0m
[25.669s] [ 75%] [32mBuilding CXX object src/modules/local_position_estimator/CMakeFiles/modules__local_position_estimator.dir/sensors/landing_target.cpp.o[0m
[25.683s] [ 75%] [32mBuilding CXX object src/modules/ekf2/CMakeFiles/modules__ekf2.dir/EKF/aid_sources/external_vision/ev_yaw_control.cpp.o[0m
[25.690s] [ 75%] [32mBuilding CXX object src/modules/mavlink/CMakeFiles/modules__mavlink.dir/mavlink_command_sender.cpp.o[0m
[25.690s] [ 75%] Built target modules__mag_bias_estimator
[25.691s] [ 76%] [32mBuilding CXX object src/modules/mavlink/CMakeFiles/modules__mavlink.dir/mavlink_events.cpp.o[0m
[25.702s] [ 78%] [32m[1mLinking CXX static library libdrivers__gimbal.a[0m
[25.702s] [ 78%] [32mBuilding CXX object src/modules/ekf2/CMakeFiles/modules__ekf2.dir/EKF/aid_sources/gnss/gnss_checks.cpp.o[0m
[25.713s] [ 78%] [32mBuilding CXX object src/modules/ekf2/CMakeFiles/modules__ekf2.dir/EKF/aid_sources/gnss/gnss_height_control.cpp.o[0m
[25.722s] [ 78%] [32mBuilding CXX object src/modules/mc_att_control/CMakeFiles/modules__mc_att_control.dir/mc_att_control_main.cpp.o[0m
[25.728s] [ 78%] [32m[1mLinking CXX static library libmodules__land_detector.a[0m
[25.746s] [ 78%] [32m[1mLinking CXX static library libmodules__gyro_fft.a[0m
[25.764s] [ 78%] Built target drivers__gimbal
[25.766s] [ 78%] [32mBuilding CXX object src/modules/mavlink/CMakeFiles/modules__mavlink.dir/mavlink_ftp.cpp.o[0m
[25.782s] [ 78%] Built target modules__land_detector
[25.791s] [ 78%] [32mBuilding CXX object src/modules/ekf2/CMakeFiles/modules__ekf2.dir/EKF/aid_sources/gnss/gps_control.cpp.o[0m
[25.796s] [ 78%] Built target modules__gyro_fft
[25.809s] [ 78%] [32mBuilding CXX object src/modules/mc_autotune_attitude_control/CMakeFiles/mc_autotune_attitude_control.dir/mc_autotune_attitude_control.cpp.o[0m
[25.812s] [ 78%] [32mBuilding CXX object src/modules/mavlink/CMakeFiles/modules__mavlink.dir/mavlink_log_handler.cpp.o[0m
[25.835s] [ 78%] [32mBuilding CXX object src/modules/ekf2/CMakeFiles/modules__ekf2.dir/EKF/aid_sources/gnss/gnss_yaw_control.cpp.o[0m
[25.839s] [ 78%] [32mBuilding CXX object src/modules/mavlink/CMakeFiles/modules__mavlink.dir/mavlink_main.cpp.o[0m
[25.841s] [ 78%] [32mBuilding CXX object src/modules/ekf2/CMakeFiles/modules__ekf2.dir/EKF/aid_sources/gravity/gravity_fusion.cpp.o[0m
[25.851s] [ 78%] [32m[1mLinking CXX static library libmodules__commander.a[0m
[25.892s] [ 78%] [32mBuilding CXX object src/modules/mc_hover_thrust_estimator/CMakeFiles/modules__mc_hover_thrust_estimator.dir/MulticopterHoverThrustEstimator.cpp.o[0m
[25.914s] [ 78%] Built target modules__commander
[25.925s] [ 78%] [32mBuilding CXX object src/modules/mavlink/CMakeFiles/modules__mavlink.dir/mavlink_messages.cpp.o[0m
[25.959s] [ 78%] [32mBuilding CXX object src/modules/ekf2/CMakeFiles/modules__ekf2.dir/EKF/aid_sources/magnetometer/mag_control.cpp.o[0m
[26.060s] [ 78%] [32mBuilding CXX object src/modules/mc_pos_control/CMakeFiles/modules__mc_pos_control.dir/MulticopterPositionControl.cpp.o[0m
[26.069s] [ 78%] [32mBuilding CXX object src/modules/mavlink/CMakeFiles/modules__mavlink.dir/mavlink_mission.cpp.o[0m
[26.081s] [ 78%] [32mBuilding CXX object src/modules/mc_rate_control/CMakeFiles/modules__mc_rate_control.dir/MulticopterRateControl.cpp.o[0m
[26.120s] [ 78%] [32mBuilding CXX object src/modules/navigator/MissionFeasibility/CMakeFiles/mission_feasibility_checker.dir/FeasibilityChecker.cpp.o[0m
[26.179s] [ 78%] [32mBuilding CXX object src/modules/ekf2/CMakeFiles/modules__ekf2.dir/EKF/aid_sources/magnetometer/mag_fusion.cpp.o[0m
[26.193s] [ 78%] [32mBuilding CXX object src/modules/mavlink/CMakeFiles/modules__mavlink.dir/mavlink_parameters.cpp.o[0m
[26.234s] [ 78%] [32mBuilding CXX object src/modules/payload_deliverer/CMakeFiles/modules__payload_deliverer.dir/payload_deliverer.cpp.o[0m
[26.244s] [ 78%] [32m[1mLinking CXX static library libmodules__manual_control.a[0m
[26.258s] [ 78%] [32mBuilding CXX object src/modules/ekf2/CMakeFiles/modules__ekf2.dir/EKF/aid_sources/optical_flow/optical_flow_control.cpp.o[0m
[26.271s] [ 78%] [32mBuilding CXX object src/modules/ekf2/CMakeFiles/modules__ekf2.dir/EKF/aid_sources/optical_flow/optical_flow_fusion.cpp.o[0m
[26.324s] [ 78%] Built target modules__manual_control
[26.346s] [ 78%] [32mBuilding CXX object src/modules/mavlink/CMakeFiles/modules__mavlink.dir/mavlink_rate_limiter.cpp.o[0m
[26.386s] [ 78%] [32mBuilding CXX object src/modules/mavlink/CMakeFiles/modules__mavlink.dir/mavlink_receiver.cpp.o[0m
[26.410s] [ 78%] [32mBuilding CXX object src/modules/payload_deliverer/CMakeFiles/modules__payload_deliverer.dir/gripper.cpp.o[0m
[26.425s] [ 78%] [32mBuilding CXX object src/modules/rc_update/CMakeFiles/modules__rc_update.dir/rc_update.cpp.o[0m
[26.430s] [ 78%] [32mBuilding CXX object src/modules/replay/CMakeFiles/modules__replay.dir/replay_main.cpp.o[0m
[26.446s] [ 78%] [32m[1mLinking CXX static library libmodules__logger.a[0m
[26.478s] [ 78%] [32mBuilding CXX object src/modules/mavlink/CMakeFiles/modules__mavlink.dir/mavlink_shell.cpp.o[0m
[26.485s] [ 78%] [32mBuilding CXX object src/modules/mavlink/CMakeFiles/modules__mavlink.dir/mavlink_simple_analyzer.cpp.o[0m
[26.500s] [ 80%] [32m[1mLinking CXX static library libmodules__mc_hover_thrust_estimator.a[0m
[26.500s] [ 80%] [32mBuilding CXX object src/modules/mavlink/CMakeFiles/modules__mavlink.dir/mavlink_stream.cpp.o[0m
[26.508s] [ 80%] Built target modules__logger
[26.522s] [ 80%] [32mBuilding CXX object src/modules/replay/CMakeFiles/modules__replay.dir/Replay.cpp.o[0m
[26.539s] [ 80%] Built target modules__mc_hover_thrust_estimator
[26.572s] [ 80%] [32mBuilding CXX object src/modules/rover_differential/CMakeFiles/modules__rover_differential.dir/RoverDifferential.cpp.o[0m
[26.573s] [ 80%] [32mBuilding CXX object src/modules/rover_ackermann/CMakeFiles/modules__rover_ackermann.dir/RoverAckermann.cpp.o[0m
[26.615s] [ 80%] [32mBuilding CXX object src/modules/mavlink/CMakeFiles/modules__mavlink.dir/mavlink_timesync.cpp.o[0m
[26.707s] [ 80%] [32mBuilding CXX object src/modules/ekf2/CMakeFiles/modules__ekf2.dir/EKF/aid_sources/range_finder/range_finder_consistency_check.cpp.o[0m
[26.782s] [ 80%] [32m[1mLinking CXX static library libmission_feasibility_checker.a[0m
[26.804s] [ 80%] [32mBuilding CXX object src/modules/replay/CMakeFiles/modules__replay.dir/ReplayEkf2.cpp.o[0m
[26.815s] [ 80%] [32mBuilding CXX object src/modules/rover_mecanum/CMakeFiles/modules__rover_mecanum.dir/RoverMecanum.cpp.o[0m
[26.836s] [ 80%] Built target mission_feasibility_checker
[26.850s] [ 80%] [32mBuilding CXX object src/modules/mavlink/CMakeFiles/modules__mavlink.dir/mavlink_ulog.cpp.o[0m
[26.863s] [ 80%] [32mBuilding CXX object src/modules/ekf2/CMakeFiles/modules__ekf2.dir/EKF/aid_sources/range_finder/range_height_control.cpp.o[0m
[26.876s] [ 80%] [32m[1mLinking CXX static library libmodules__payload_deliverer.a[0m
[26.894s] [ 80%] [32m[1mLinking CXX static library libmc_autotune_attitude_control.a[0m
[26.906s] [ 80%] [32m[1mLinking CXX static library libmodules__mc_att_control.a[0m
[26.914s] [ 80%] [32mBuilding CXX object src/modules/mavlink/CMakeFiles/modules__mavlink.dir/MavlinkStatustextHandler.cpp.o[0m
[26.916s] [ 80%] [32m[1mLinking CXX static library libmodules__mc_rate_control.a[0m
[26.918s] [ 80%] [32m[1mLinking CXX static library libmodules__fw_mode_manager.a[0m
[26.929s] [ 80%] [32mBuilding CXX object src/modules/ekf2/CMakeFiles/modules__ekf2.dir/EKF/aid_sources/range_finder/range_height_fusion.cpp.o[0m
[26.931s] [ 80%] Built target modules__payload_deliverer
[26.936s] [ 80%] Built target mc_autotune_attitude_control
[26.946s] [ 80%] [32mBuilding CXX object src/modules/mavlink/CMakeFiles/modules__mavlink.dir/open_drone_id_translations.cpp.o[0m
[26.948s] [ 80%] [32mBuilding CXX object src/modules/mavlink/CMakeFiles/modules__mavlink.dir/tune_publisher.cpp.o[0m
[26.963s] [ 80%] Built target modules__mc_att_control
[26.963s] [ 80%] Built target modules__mc_rate_control
[26.968s] [ 80%] Built target modules__fw_mode_manager
[26.982s] [ 80%] [32mBuilding CXX object src/modules/ekf2/CMakeFiles/modules__ekf2.dir/EKF/aid_sources/range_finder/sensor_range_finder.cpp.o[0m
[26.990s] [ 80%] [32mBuilding CXX object src/modules/sensors/vehicle_acceleration/CMakeFiles/vehicle_acceleration.dir/VehicleAcceleration.cpp.o[0m
[26.994s] [ 80%] [32mBuilding CXX object src/modules/sensors/vehicle_imu/CMakeFiles/vehicle_imu.dir/VehicleIMU.cpp.o[0m
[27.027s] [ 82%] [32mBuilding CXX object src/modules/sensors/vehicle_angular_velocity/CMakeFiles/vehicle_angular_velocity.dir/VehicleAngularVelocity.cpp.o[0m
[27.038s] [ 82%] [32mBuilding CXX object src/modules/sensors/vehicle_air_data/CMakeFiles/vehicle_air_data.dir/VehicleAirData.cpp.o[0m
[27.088s] [ 82%] [32mBuilding CXX object src/modules/sensors/vehicle_magnetometer/CMakeFiles/vehicle_magnetometer.dir/VehicleMagnetometer.cpp.o[0m
[27.123s] [ 82%] [32mBuilding CXX object src/modules/simulation/battery_simulator/CMakeFiles/modules__simulation__battery_simulator.dir/BatterySimulator.cpp.o[0m
[27.284s] [ 82%] [32mBuilding CXX object src/modules/ekf2/CMakeFiles/modules__ekf2.dir/EKF/aid_sources/sideslip/sideslip_fusion.cpp.o[0m
[27.293s] [ 82%] [32mBuilding CXX object src/modules/ekf2/CMakeFiles/modules__ekf2.dir/EKF/terrain_control.cpp.o[0m
[27.294s] [ 82%] [32m[1mLinking CXX static library libmodules__rover_differential.a[0m
[27.363s] [ 82%] Built target modules__rover_differential
[27.376s] [ 82%] [32mBuilding CXX object src/modules/simulation/gz_bridge/CMakeFiles/modules__simulation__gz_bridge.dir/GZBridge.cpp.o[0m
[27.388s] [ 82%] [32m[1mLinking CXX static library libmodules__rover_ackermann.a[0m
[27.398s] [ 82%] [32mBuilding CXX object src/modules/simulation/pwm_out_sim/CMakeFiles/modules__simulation__pwm_out_sim.dir/PWMSim.cpp.o[0m
[27.418s] [ 82%] [32m[1mLinking CXX static library libmodules__local_position_estimator.a[0m
[27.425s] [ 82%] [32m[1mLinking CXX static library libmodules__rc_update.a[0m
[27.435s] [ 82%] Built target modules__rover_ackermann
[27.440s] [ 82%] [32mBuilding CXX object src/modules/ekf2/CMakeFiles/modules__ekf2.dir/EKF/wind.cpp.o[0m
[27.451s] [ 82%] [32mBuilding CXX object src/modules/ekf2/CMakeFiles/modules__ekf2.dir/EKF2.cpp.o[0m
[27.462s] [ 82%] [32mBuilding CXX object src/modules/simulation/sensor_agp_sim/CMakeFiles/modules__simulation__sensor_agp_sim.dir/SensorAgpSim.cpp.o[0m
[27.470s] [ 82%] Built target modules__rc_update
[27.474s] [ 82%] Built target modules__local_position_estimator
[27.483s] [ 82%] [32mBuilding CXX object src/modules/simulation/gz_bridge/CMakeFiles/modules__simulation__gz_bridge.dir/GZMixingInterfaceESC.cpp.o[0m
[27.507s] [ 83%] [32mBuilding CXX object src/modules/ekf2/CMakeFiles/modules__ekf2.dir/EKF2Selector.cpp.o[0m
[27.533s] [ 83%] [32mBuilding CXX object src/modules/simulation/sensor_airspeed_sim/CMakeFiles/modules__simulation__sensor_airspeed_sim.dir/SensorAirspeedSim.cpp.o[0m
[27.533s] [ 83%] [32m[1mLinking CXX static library libmodules__mc_pos_control.a[0m
[27.557s] [ 83%] [32mBuilding CXX object src/modules/simulation/gz_bridge/CMakeFiles/modules__simulation__gz_bridge.dir/GZMixingInterfaceServo.cpp.o[0m
[27.595s] [ 83%] Built target modules__mc_pos_control
[27.615s] [ 85%] [32m[1mLinking CXX static library libmodules__simulation__battery_simulator.a[0m
[27.630s] [ 85%] [32mBuilding CXX object src/modules/simulation/sensor_baro_sim/CMakeFiles/modules__simulation__sensor_baro_sim.dir/SensorBaroSim.cpp.o[0m
[27.646s] [ 85%] [32m[1mLinking CXX static library libmodules__rover_mecanum.a[0m
[27.667s] [ 85%] Built target modules__simulation__battery_simulator
[27.677s] [ 85%] [32mBuilding CXX object src/modules/simulation/gz_bridge/CMakeFiles/modules__simulation__gz_bridge.dir/GZMixingInterfaceWheel.cpp.o[0m
[27.691s] [ 85%] [32mBuilding CXX object src/modules/simulation/gz_bridge/CMakeFiles/modules__simulation__gz_bridge.dir/GZGimbal.cpp.o[0m
[27.708s] [ 85%] Built target modules__rover_mecanum
[27.737s] [ 85%] [32m[1mLinking CXX static library libvehicle_acceleration.a[0m
[27.754s] [ 85%] [32mBuilding CXX object src/modules/simulation/sensor_gps_sim/CMakeFiles/modules__simulation__sensor_gps_sim.dir/SensorGpsSim.cpp.o[0m
[27.800s] [ 85%] [32mBuilding CXX object src/modules/simulation/sensor_mag_sim/CMakeFiles/modules__simulation__senosr_mag_sim.dir/SensorMagSim.cpp.o[0m
[27.815s] [ 85%] Built target vehicle_acceleration
[27.851s] [ 85%] [32mBuilding CXX object src/modules/simulation/simulator_mavlink/CMakeFiles/modules__simulation__simulator_mavlink.dir/SimulatorMavlink.cpp.o[0m
[27.864s] [ 85%] [32mBuilding CXX object src/modules/simulation/simulator_sih/CMakeFiles/modules__simulation__simulator_sih.dir/sih.cpp.o[0m
[27.875s] [ 85%] [32m[1mLinking CXX static library libmodules__simulation__pwm_out_sim.a[0m
[27.900s] [ 85%] [32mBuilding CXX object src/modules/simulation/system_power_simulator/CMakeFiles/modules__simulation__system_power_simulator.dir/SystemPowerSimulator.cpp.o[0m
[27.923s] [ 85%] [32mBuilding CXX object src/modules/temperature_compensation/CMakeFiles/modules__temperature_compensation.dir/TemperatureCompensationModule.cpp.o[0m
[27.935s] [ 85%] [32mBuilding CXX object src/modules/uuv_att_control/CMakeFiles/modules__uuv_att_control.dir/uuv_att_control.cpp.o[0m
[27.968s] [ 85%] Built target modules__simulation__pwm_out_sim
[27.991s] [ 85%] [32m[1mLinking CXX static library libvehicle_air_data.a[0m
[27.993s] [ 85%] [32m[1mLinking CXX static library libmodules__simulation__sensor_agp_sim.a[0m
[28.004s] [ 85%] [32mBuilding CXX object src/modules/uuv_pos_control/CMakeFiles/modules__uuv_pos_control.dir/uuv_pos_control.cpp.o[0m
[28.036s] [ 85%] Built target modules__simulation__sensor_agp_sim
[28.040s] [ 85%] Built target vehicle_air_data
[28.045s] [ 85%] [32mBuilding CXX object src/modules/temperature_compensation/CMakeFiles/modules__temperature_compensation.dir/TemperatureCompensation.cpp.o[0m
[28.055s] [ 85%] [32mBuilding CXX object src/modules/temperature_compensation/CMakeFiles/modules__temperature_compensation.dir/temperature_calibration/accel.cpp.o[0m
[28.158s] [ 85%] [32m[1mLinking CXX shared library ../libGenericMotorModelPlugin.so[0m
[28.208s] [ 87%] [32mBuilding CXX object src/modules/uxrce_dds_client/CMakeFiles/modules__uxrce_dds_client.dir/uxrce_dds_client.cpp.o[0m
[28.220s] [ 87%] [32m[1mLinking CXX static library libmodules__simulation__system_power_simulator.a[0m
[28.249s] [ 87%] [32m[1mLinking CXX static library libmodules__simulation__sensor_baro_sim.a[0m
[28.263s] [ 87%] Built target modules__simulation__system_power_simulator
[28.274s] [ 87%] [32mBuilding CXX object src/modules/uxrce_dds_client/CMakeFiles/modules__uxrce_dds_client.dir/vehicle_command_srv.cpp.o[0m
[28.305s] [ 87%] [32m[1mLinking CXX static library libmodules__simulation__sensor_airspeed_sim.a[0m
[28.311s] [ 87%] [32m[1mLinking CXX static library libmodules__simulation__sensor_gps_sim.a[0m
[28.321s] [ 87%] Built target modules__simulation__sensor_baro_sim
[28.334s] [ 87%] [32mBuilding CXX object src/modules/temperature_compensation/CMakeFiles/modules__temperature_compensation.dir/temperature_calibration/baro.cpp.o[0m
[28.358s] [ 87%] [32mBuilding CXX object src/modules/temperature_compensation/CMakeFiles/modules__temperature_compensation.dir/temperature_calibration/gyro.cpp.o[0m
[28.359s] [ 87%] Built target modules__simulation__sensor_gps_sim
[28.359s] [ 87%] Built target modules__simulation__sensor_airspeed_sim
[28.374s] [ 87%] [32mBuilding CXX object src/modules/uxrce_dds_client/CMakeFiles/modules__uxrce_dds_client.dir/srv_base.cpp.o[0m
[28.388s] [ 87%] [32mBuilding CXX object src/modules/vtol_att_control/CMakeFiles/modules__vtol_att_control.dir/vtol_att_control_main.cpp.o[0m
[28.389s] [ 87%] Built target GenericMotorModelPlugin
[28.442s] [ 87%] [32m[1mLinking CXX static library libvehicle_magnetometer.a[0m
[28.449s] [ 87%] [32mBuilding CXX object src/systemcmds/actuator_test/CMakeFiles/systemcmds__actuator_test.dir/actuator_test.cpp.o[0m
[28.451s] [ 87%] [32m[1mLinking CXX static library libmodules__simulation__senosr_mag_sim.a[0m
[28.511s] [ 87%] Built target modules__simulation__senosr_mag_sim
[28.518s] [ 87%] [32mBuilding CXX object src/modules/temperature_compensation/CMakeFiles/modules__temperature_compensation.dir/temperature_calibration/task.cpp.o[0m
[28.518s] [ 87%] [32mBuilding CXX object src/modules/temperature_compensation/CMakeFiles/modules__temperature_compensation.dir/temperature_calibration/mag.cpp.o[0m
[28.526s] [ 87%] Built target vehicle_magnetometer
[28.528s] [ 87%] [32mBuilding CXX object src/modules/vtol_att_control/CMakeFiles/modules__vtol_att_control.dir/tiltrotor.cpp.o[0m
[28.541s] [ 87%] [32m[1mLinking CXX static library libvehicle_imu.a[0m
[28.555s] [ 87%] [32mBuilding CXX object src/systemcmds/bsondump/CMakeFiles/systemcmds__bsondump.dir/bsondump.cpp.o[0m
[28.565s] [ 87%] [32mBuilding CXX object src/systemcmds/dyn/CMakeFiles/systemcmds__dyn.dir/dyn.cpp.o[0m
[28.574s] [ 87%] [32m[1mLinking CXX static library libvehicle_angular_velocity.a[0m
[28.593s] [ 87%] Built target vehicle_imu
[28.607s] [ 87%] [32mBuilding CXX object src/modules/vtol_att_control/CMakeFiles/modules__vtol_att_control.dir/tailsitter.cpp.o[0m
[28.609s] [ 87%] [32mBuilding CXX object src/modules/vtol_att_control/CMakeFiles/modules__vtol_att_control.dir/vtol_type.cpp.o[0m
[28.624s] [ 87%] Built target vehicle_angular_velocity
[28.634s] [ 87%] [32mBuilding CXX object src/systemcmds/failure/CMakeFiles/systemcmds__failure.dir/failure.cpp.o[0m
[28.635s] [ 87%] [32mBuilding CXX object src/modules/vtol_att_control/CMakeFiles/modules__vtol_att_control.dir/standard.cpp.o[0m
[28.639s] [ 87%] [32m[1mLinking CXX static library libsystemcmds__actuator_test.a[0m
[28.654s] [ 87%] [32m[1mLinking CXX static library libsystemcmds__dyn.a[0m
[28.671s] [ 87%] [32mBuilding CXX object src/systemcmds/led_control/CMakeFiles/systemcmds__led_control.dir/led_control.cpp.o[0m
[28.672s] [ 87%] [32mBuilding CXX object src/systemcmds/param/CMakeFiles/systemcmds__param.dir/param.cpp.o[0m
[28.688s] [ 89%] [32m[1mLinking CXX static library libsystemcmds__bsondump.a[0m
[28.705s] [ 89%] Built target systemcmds__dyn
[28.705s] [ 89%] Built target systemcmds__actuator_test
[28.733s] [ 89%] [32mBuilding CXX object src/systemcmds/perf/CMakeFiles/systemcmds__perf.dir/perf.cpp.o[0m
[28.739s] [ 89%] Built target systemcmds__bsondump
[28.740s] [ 89%] [32mBuilding CXX object src/systemcmds/sd_bench/CMakeFiles/systemcmds__sd_bench.dir/sd_bench.cpp.o[0m
[28.765s] [ 89%] [32mBuilding CXX object src/systemcmds/shutdown/CMakeFiles/systemcmds__shutdown.dir/shutdown.cpp.o[0m
[28.809s] [ 89%] [32mBuilding CXX object src/systemcmds/system_time/CMakeFiles/systemcmds__system_time.dir/system_time.cpp.o[0m
[28.829s] [ 89%] [32m[1mLinking CXX static library libmodules__uuv_att_control.a[0m
[28.833s] [ 89%] [32m[1mLinking CXX static library libsystemcmds__perf.a[0m
[28.839s] [ 89%] [32m[1mLinking CXX static library libsystemcmds__led_control.a[0m
[28.853s] [ 89%] [32m[1mLinking CXX static library libsystemcmds__shutdown.a[0m
[28.878s] [ 89%] Built target systemcmds__led_control
[28.879s] [ 89%] Built target modules__uuv_att_control
[28.885s] [ 89%] [32m[1mLinking CXX static library libmodules__uuv_pos_control.a[0m
[28.890s] [ 89%] [32m[1mLinking CXX static library libsystemcmds__failure.a[0m
[28.891s] [ 89%] Built target systemcmds__shutdown
[28.903s] [ 89%] [32mBuilding CXX object src/systemcmds/tests/CMakeFiles/systemcmds__tests.dir/test_atomic_bitset.cpp.o[0m
[28.905s] [ 89%] [32mBuilding CXX object src/systemcmds/tests/hrt_test/CMakeFiles/systemcmds__tests__hrt_test.dir/hrt_test_main.cpp.o[0m
[28.915s] [ 89%] [32m[1mLinking CXX static library libsystemcmds__system_time.a[0m
[28.916s] [ 89%] Built target systemcmds__perf
[28.916s] [ 89%] [32mBuilding CXX object src/systemcmds/topic_listener/CMakeFiles/systemcmds__topic_listener.dir/listener_main.cpp.o[0m
[28.927s] [ 89%] [32mBuilding CXX object src/systemcmds/tests/hrt_test/CMakeFiles/systemcmds__tests__hrt_test.dir/hrt_test_start.cpp.o[0m
[28.930s] [ 89%] Built target systemcmds__failure
[28.938s] [ 89%] Built target modules__uuv_pos_control
[28.942s] [ 89%] [32mBuilding CXX object src/systemcmds/tests/hrt_test/CMakeFiles/systemcmds__tests__hrt_test.dir/hrt_test.cpp.o[0m
[28.949s] [ 89%] Built target systemcmds__system_time
[28.949s] [ 89%] [32mBuilding CXX object src/systemcmds/tests/CMakeFiles/systemcmds__tests.dir/test_bson.cpp.o[0m
[28.954s] [ 89%] [32mBuilding CXX object src/systemcmds/tests/CMakeFiles/systemcmds__tests.dir/test_bitset.cpp.o[0m
[28.974s] [ 89%] [32mBuilding CXX object src/systemcmds/tune_control/CMakeFiles/systemcmds__tune_control.dir/tune_control.cpp.o[0m
[28.989s] [ 89%] [32mBuilding CXX object src/systemcmds/tests/CMakeFiles/systemcmds__tests.dir/test_dataman.cpp.o[0m
[29.000s] [ 89%] [32m[1mLinking CXX static library libsystemcmds__sd_bench.a[0m
[29.004s] [ 89%] [32mBuilding CXX object src/systemcmds/uorb/CMakeFiles/systemcmds__uorb.dir/uorb.cpp.o[0m
[29.021s] [ 89%] [32mBuilding C object src/systemcmds/tests/CMakeFiles/systemcmds__tests.dir/test_file2.c.o[0m
[29.032s] [ 91%] [32mBuilding C object src/systemcmds/tests/CMakeFiles/systemcmds__tests.dir/test_file.c.o[0m
[29.052s] [ 91%] Built target systemcmds__sd_bench
[29.062s] [ 91%] [32mBuilding CXX object src/systemcmds/tests/CMakeFiles/systemcmds__tests.dir/test_float.cpp.o[0m
[29.066s] [ 91%] [32m[1mLinking CXX static library libsystemcmds__topic_listener.a[0m
[29.073s] [ 91%] [32m[1mLinking CXX shared library ../libBuoyancySystemPlugin.so[0m
[29.087s] [ 91%] [32m[1mLinking CXX static library libsystemcmds__tests__hrt_test.a[0m
[29.120s] [ 91%] [32m[1mLinking CXX static library libsystemcmds__uorb.a[0m
[29.121s] [ 91%] [32m[1mLinking CXX static library libsystemcmds__tune_control.a[0m
[29.125s] [ 91%] Built target systemcmds__tests__hrt_test
[29.137s] [ 91%] Built target systemcmds__topic_listener
[29.146s] [ 91%] [32mBuilding C object src/systemcmds/tests/CMakeFiles/systemcmds__tests.dir/test_hott_telemetry.c.o[0m
[29.155s] [ 91%] [32mBuilding CXX object src/systemcmds/ver/CMakeFiles/systemcmds__ver.dir/ver.cpp.o[0m
[29.156s] [ 91%] [32mBuilding CXX object src/systemcmds/tests/CMakeFiles/systemcmds__tests.dir/test_hrt.cpp.o[0m
[29.166s] [ 91%] [32mBuilding CXX object src/systemcmds/work_queue/CMakeFiles/systemcmds__work_queue.dir/work_queue_main.cpp.o[0m
[29.175s] [ 91%] Built target systemcmds__tune_control
[29.187s] [ 91%] Built target systemcmds__uorb
[29.190s] [ 91%] [32mBuilding CXX object src/systemcmds/tests/CMakeFiles/systemcmds__tests.dir/test_int.cpp.o[0m
[29.197s] [ 91%] [32mBuilding CXX object src/examples/fake_gps/CMakeFiles/modules__fake_gps.dir/FakeGps.cpp.o[0m
[29.198s] [ 91%] [32mBuilding CXX object src/systemcmds/tests/CMakeFiles/systemcmds__tests.dir/test_i2c_spi_cli.cpp.o[0m
[29.237s] [ 91%] [32mBuilding CXX object src/systemcmds/tests/CMakeFiles/systemcmds__tests.dir/test_IntrusiveQueue.cpp.o[0m
[29.240s] [ 91%] [32mBuilding C object src/systemcmds/tests/CMakeFiles/systemcmds__tests.dir/test_led.c.o[0m
[29.241s] [ 91%] [32mBuilding CXX object src/examples/fake_imu/CMakeFiles/modules__fake_imu.dir/FakeImu.cpp.o[0m
[29.246s] [ 91%] [32mBuilding CXX object src/systemcmds/tests/CMakeFiles/systemcmds__tests.dir/test_List.cpp.o[0m
[29.247s] [ 91%] [32mBuilding CXX object src/systemcmds/tests/CMakeFiles/systemcmds__tests.dir/test_IntrusiveSortedList.cpp.o[0m
[29.257s] [ 91%] [32m[1mLinking CXX static library libmodules__temperature_compensation.a[0m
[29.261s] [ 91%] [32m[1mLinking CXX static library libsystemcmds__param.a[0m
[29.273s] [ 91%] [32mBuilding CXX object src/systemcmds/tests/CMakeFiles/systemcmds__tests.dir/test_mathlib.cpp.o[0m
[29.274s] [ 91%] [32m[1mLinking CXX static library libsystemcmds__work_queue.a[0m
[29.281s] [ 91%] Built target BuoyancySystemPlugin
[29.296s] [ 91%] [32mBuilding CXX object src/systemcmds/tests/CMakeFiles/systemcmds__tests.dir/test_matrix.cpp.o[0m
[29.296s] [ 91%] [32m[1mLinking CXX static library libsystemcmds__ver.a[0m
[29.302s] [ 91%] [32mBuilding C object src/systemcmds/tests/CMakeFiles/systemcmds__tests.dir/test_param.c.o[0m
[29.307s] [ 91%] Built target systemcmds__param
[29.317s] [ 91%] [32mBuilding CXX object src/systemcmds/tests/CMakeFiles/systemcmds__tests.dir/test_parameters.cpp.o[0m
[29.324s] [ 91%] Built target systemcmds__work_queue
[29.326s] [ 91%] [32mBuilding CXX object src/examples/fake_magnetometer/CMakeFiles/examples__fake_magnetometer.dir/FakeMagnetometer.cpp.o[0m
[29.331s] [ 91%] Built target systemcmds__ver
[29.335s] [ 91%] Built target modules__temperature_compensation
[29.335s] [ 91%] [32mBuilding C object src/systemcmds/tests/CMakeFiles/systemcmds__tests.dir/test_perf.c.o[0m
[29.342s] [ 91%] [32mBuilding CXX object src/systemcmds/tests/CMakeFiles/systemcmds__tests.dir/test_rc.cpp.o[0m
[29.343s] [ 91%] [32mBuilding CXX object src/systemcmds/tests/CMakeFiles/systemcmds__tests.dir/test_ppm.cpp.o[0m
[29.344s] [ 91%] [32mBuilding CXX object src/systemcmds/tests/CMakeFiles/systemcmds__tests.dir/test_search_min.cpp.o[0m
[29.371s] [ 91%] [32mBuilding CXX object src/examples/px4_mavlink_debug/CMakeFiles/examples__px4_mavlink_debug.dir/px4_mavlink_debug.cpp.o[0m
[29.376s] [ 91%] [32mBuilding CXX object src/examples/hello/CMakeFiles/examples__hello.dir/hello_main.cpp.o[0m
[29.415s] [ 91%] [32mBuilding C object src/examples/px4_simple_app/CMakeFiles/examples__px4_simple_app.dir/px4_simple_app.c.o[0m
[29.425s] [ 91%] [32mBuilding CXX object src/examples/hello/CMakeFiles/examples__hello.dir/hello_start.cpp.o[0m
[29.443s] [ 91%] [32mBuilding C object src/systemcmds/tests/CMakeFiles/systemcmds__tests.dir/test_sleep.c.o[0m
[29.478s] [ 91%] [32m[1mLinking CXX static library libexamples__px4_mavlink_debug.a[0m
[29.498s] [ 91%] [32mBuilding CXX object src/examples/work_item/CMakeFiles/examples__work_item.dir/WorkItemExample.cpp.o[0m
[29.515s] [ 91%] [32mBuilding C object src/systemcmds/tests/CMakeFiles/systemcmds__tests.dir/test_uart_baudchange.c.o[0m
[29.520s] [ 91%] [32mBuilding CXX object src/examples/hello/CMakeFiles/examples__hello.dir/hello_example.cpp.o[0m
[29.534s] [ 91%] [32m[1mLinking CXX static library libexamples__px4_simple_app.a[0m
[29.537s] [ 92%] [32mBuilding C object src/systemcmds/tests/CMakeFiles/systemcmds__tests.dir/test_uart_console.c.o[0m
[29.545s] [ 92%] Built target examples__px4_mavlink_debug
[29.572s] [ 92%] Built target px4_gz_plugins
[29.582s] [ 92%] [32m[1mLinking CXX static library libmodules__vtol_att_control.a[0m
[29.583s] [ 92%] [32mBuilding C object src/systemcmds/tests/CMakeFiles/systemcmds__tests.dir/test_uart_loopback.c.o[0m
[29.590s] [ 92%] Built target examples__px4_simple_app
[29.590s] [ 92%] [32mBuilding C object src/systemcmds/tests/CMakeFiles/systemcmds__tests.dir/test_uart_send.c.o[0m
[29.608s] [ 92%] [32mBuilding CXX object src/modules/control_allocator/CMakeFiles/modules__control_allocator.dir/ControlAllocator.cpp.o[0m
[29.612s] [ 92%] [32m[1mLinking CXX static library libexamples__hello.a[0m
[29.613s] [ 92%] [32mBuilding CXX object src/modules/flight_mode_manager/tasks/ManualAltitudeSmoothVel/CMakeFiles/FlightTaskManualAltitudeSmoothVel.dir/FlightTaskManualAltitudeSmoothVel.cpp.o[0m
[29.616s] [ 92%] [32mBuilding CXX object src/systemcmds/tests/CMakeFiles/systemcmds__tests.dir/test_versioning.cpp.o[0m
[29.625s] [ 92%] [32mBuilding CXX object src/modules/flight_mode_manager/tasks/ManualPosition/CMakeFiles/FlightTaskManualPosition.dir/FlightTaskManualPosition.cpp.o[0m
[29.634s] [ 92%] [32mBuilding CXX object src/modules/flight_mode_manager/tasks/AutoFollowTarget/CMakeFiles/FlightTaskAutoFollowTarget.dir/FlightTaskAutoFollowTarget.cpp.o[0m
[29.646s] [ 92%] Built target modules__vtol_att_control
[29.653s] [ 92%] [32mBuilding C object src/systemcmds/tests/CMakeFiles/systemcmds__tests.dir/test_cli.c.o[0m
[29.655s] [ 92%] [32m[1mLinking CXX static library libmodules__fake_gps.a[0m
[29.658s] [ 92%] [32mBuilding CXX object src/modules/navigator/CMakeFiles/modules__navigator.dir/navigator_mode.cpp.o[0m
[29.660s] [ 92%] Built target examples__hello
[29.662s] [ 92%] [32mBuilding CXX object src/modules/navigator/CMakeFiles/modules__navigator.dir/navigator_main.cpp.o[0m
[29.672s] [ 92%] [32mBuilding CXX object src/modules/navigator/CMakeFiles/modules__navigator.dir/mission_base.cpp.o[0m
[29.689s] [ 92%] [32m[1mLinking CXX static library libmodules__fake_imu.a[0m
[29.697s] [ 92%] Built target modules__fake_gps
[29.704s] [ 92%] [32mBuilding CXX object src/modules/sensors/CMakeFiles/modules__sensors.dir/sensors.cpp.o[0m
[29.709s] [ 92%] [32mBuilding CXX object src/modules/navigator/CMakeFiles/modules__navigator.dir/mission_block.cpp.o[0m
[29.710s] [ 92%] [32mBuilding C object src/systemcmds/tests/CMakeFiles/systemcmds__tests.dir/tests_main.c.o[0m
[29.723s] [ 92%] [32mBuilding CXX object src/modules/navigator/CMakeFiles/modules__navigator.dir/mission.cpp.o[0m
[29.734s] [ 92%] [32mBuilding CXX object src/modules/navigator/CMakeFiles/modules__navigator.dir/loiter.cpp.o[0m
[29.736s] [ 92%] Built target modules__fake_imu
[29.747s] [ 92%] [32mBuilding CXX object src/modules/sensors/CMakeFiles/modules__sensors.dir/voted_sensors_update.cpp.o[0m
[29.747s] [ 92%] [32mBuilding CXX object src/modules/navigator/CMakeFiles/modules__navigator.dir/rtl.cpp.o[0m
[29.777s] [ 92%] [32m[1mLinking CXX static library libmodules__replay.a[0m
[29.844s] [ 92%] Built target modules__replay
[29.865s] [ 92%] [32mBuilding CXX object src/modules/navigator/CMakeFiles/modules__navigator.dir/rtl_direct.cpp.o[0m
[29.911s] [ 92%] [32mBuilding CXX object src/modules/navigator/CMakeFiles/modules__navigator.dir/rtl_direct_mission_land.cpp.o[0m
[29.960s] [ 92%] [32mBuilding CXX object src/modules/navigator/CMakeFiles/modules__navigator.dir/rtl_mission_fast.cpp.o[0m
[30.020s] [ 92%] [32mBuilding CXX object src/modules/navigator/CMakeFiles/modules__navigator.dir/rtl_mission_fast_reverse.cpp.o[0m
[30.039s] [ 92%] [32m[1mLinking CXX static library libexamples__fake_magnetometer.a[0m
[30.151s] [ 92%] [32m[1mLinking CXX static library libFlightTaskManualAltitudeSmoothVel.a[0m
[30.152s] [ 92%] Built target examples__fake_magnetometer
[30.167s] [ 92%] [32mBuilding CXX object src/modules/navigator/CMakeFiles/modules__navigator.dir/takeoff.cpp.o[0m
[30.254s] [ 92%] Built target FlightTaskManualAltitudeSmoothVel
[30.280s] [ 92%] [32m[1mLinking CXX static library libexamples__work_item.a[0m
[30.304s] [ 92%] [32mBuilding CXX object src/modules/flight_mode_manager/tasks/ManualAcceleration/CMakeFiles/FlightTaskManualAcceleration.dir/FlightTaskManualAcceleration.cpp.o[0m
[30.343s] [ 92%] [32mBuilding CXX object src/modules/navigator/CMakeFiles/modules__navigator.dir/land.cpp.o[0m
[30.410s] [ 92%] [32m[1mLinking CXX static library libFlightTaskManualPosition.a[0m
[30.411s] [ 92%] Built target examples__work_item
[30.431s] [ 92%] [32mBuilding CXX object src/modules/navigator/CMakeFiles/modules__navigator.dir/mission_feasibility_checker.cpp.o[0m
[30.435s] [ 92%] [32mBuilding CXX object src/modules/navigator/CMakeFiles/modules__navigator.dir/precland.cpp.o[0m
[30.479s] [ 92%] [32mBuilding CXX object src/modules/navigator/CMakeFiles/modules__navigator.dir/geofence.cpp.o[0m
[30.514s] [ 92%] Built target FlightTaskManualPosition
[30.529s] [ 94%] [32mBuilding CXX object src/modules/navigator/CMakeFiles/modules__navigator.dir/vtol_takeoff.cpp.o[0m
[30.578s] [ 94%] [32m[1mLinking CXX static library libmodules__simulation__simulator_sih.a[0m
[30.587s] [ 94%] [32mBuilding CXX object src/modules/flight_mode_manager/tasks/AltitudeCruise/CMakeFiles/FlightTaskAltitudeCruise.dir/FlightTaskAltitudeCruise.cpp.o[0m
[30.664s] [ 94%] [32mBuilding CXX object src/modules/flight_mode_manager/tasks/Orbit/CMakeFiles/FlightTaskOrbit.dir/FlightTaskOrbit.cpp.o[0m
[30.687s] [ 94%] Built target modules__simulation__simulator_sih
[30.952s] [ 94%] [32m[1mLinking CXX static library libFlightTaskAutoFollowTarget.a[0m
[30.987s] [ 94%] Built target FlightTaskAutoFollowTarget
[31.001s] [ 94%] [32m[1mLinking CXX static library libmodules__sensors.a[0m
[31.042s] [ 94%] Built target modules__sensors
[31.087s] [ 94%] [32m[1mLinking CXX static library libmodules__uxrce_dds_client.a[0m
[31.101s] [ 94%] [32m[1mLinking CXX static library libFlightTaskManualAcceleration.a[0m
[31.131s] [ 94%] Built target modules__uxrce_dds_client
[31.138s] [ 94%] Built target FlightTaskManualAcceleration
[31.158s] [ 94%] [32mBuilding CXX object src/modules/flight_mode_manager/tasks/ManualAccelerationSlow/CMakeFiles/FlightTaskManualAccelerationSlow.dir/FlightTaskManualAccelerationSlow.cpp.o[0m
[31.240s] [ 94%] [32m[1mLinking CXX static library libFlightTaskAltitudeCruise.a[0m
[31.276s] [ 94%] Built target FlightTaskAltitudeCruise
[31.424s] [ 94%] [32m[1mLinking CXX static library libmodules__navigator.a[0m
[31.461s] [ 94%] [32m[1mLinking CXX static library libmodules__control_allocator.a[0m
[31.471s] [ 94%] [32m[1mLinking CXX static library libFlightTaskOrbit.a[0m
[31.475s] [ 94%] Built target modules__navigator
[31.490s] [ 94%] Built target modules__control_allocator
[31.507s] [ 94%] Built target FlightTaskOrbit
[31.516s] [ 96%] [32m[1mLinking CXX static library libmodules__simulation__simulator_mavlink.a[0m
[31.555s] [ 96%] Built target modules__simulation__simulator_mavlink
[31.567s] [ 98%] [32m[1mLinking CXX static library libFlightTaskManualAccelerationSlow.a[0m
[31.604s] [ 98%] Built target FlightTaskManualAccelerationSlow
[31.626s] [ 98%] [32mBuilding CXX object src/modules/flight_mode_manager/CMakeFiles/modules__flight_mode_manager.dir/FlightTasks_generated.cpp.o[0m
[31.626s] [ 98%] [32mBuilding CXX object src/modules/flight_mode_manager/CMakeFiles/modules__flight_mode_manager.dir/FlightModeManager.cpp.o[0m
[32.043s] [ 98%] [32m[1mLinking CXX static library libsystemcmds__tests.a[0m
[32.110s] [ 98%] Built target systemcmds__tests
[32.148s] [ 98%] [32m[1mLinking CXX static library libmodules__mavlink.a[0m
[32.225s] [ 98%] Built target modules__mavlink
[32.265s] [ 98%] [32m[1mLinking CXX static library libmodules__flight_mode_manager.a[0m
[32.309s] [ 98%] Built target modules__flight_mode_manager
[32.361s] [ 98%] [32m[1mLinking CXX static library libmodules__ekf2.a[0m
[32.445s] [ 98%] Built target modules__ekf2
[35.015s] [ 98%] [32m[1mLinking CXX static library libmodules__simulation__gz_bridge.a[0m
[35.073s] [ 98%] Built target modules__simulation__gz_bridge
[35.090s] [ 98%] [32mBuilding CXX object platforms/posix/CMakeFiles/px4.dir/src/px4/common/main.cpp.o[0m
[35.091s] [ 98%] [32mBuilding CXX object platforms/posix/CMakeFiles/px4.dir/apps.cpp.o[0m
[35.607s] [ 98%] [32m[1mLinking CXX executable ../../bin/px4[0m
[36.819s] [ 98%] Built target px4
[36.837s] [ 98%] [32mBuilding CXX object src/examples/dyn_hello/CMakeFiles/examples__dyn_hello.dir/hello.cpp.o[0m
[36.882s] [100%] [32m[1mLinking CXX shared library examples__dyn_hello.px4mod[0m
[36.916s] [100%] Built target examples__dyn_hello
[36.927s] Invoked command in '/home/adamgb/phd/gazebo_ws/build/px4' returned '0': /usr/bin/cmake --build /home/adamgb/phd/gazebo_ws/build/px4 -- -j32 -l32
[36.938s] Invoking command in '/home/adamgb/phd/gazebo_ws/build/px4': /usr/bin/cmake --install /home/adamgb/phd/gazebo_ws/build/px4
[36.945s] -- Install configuration: "Release"
[36.945s] -- Installing: /home/adamgb/phd/gazebo_ws/install/px4/share/ament_index/resource_index/package_run_dependencies/px4
[36.945s] -- Installing: /home/adamgb/phd/gazebo_ws/install/px4/share/ament_index/resource_index/parent_prefix_path/px4
[36.946s] -- Installing: /home/adamgb/phd/gazebo_ws/install/px4/share/px4/environment/ament_prefix_path.sh
[36.946s] -- Installing: /home/adamgb/phd/gazebo_ws/install/px4/share/px4/environment/ament_prefix_path.dsv
[36.946s] -- Installing: /home/adamgb/phd/gazebo_ws/install/px4/share/px4/environment/path.sh
[36.946s] -- Installing: /home/adamgb/phd/gazebo_ws/install/px4/share/px4/environment/path.dsv
[36.946s] -- Installing: /home/adamgb/phd/gazebo_ws/install/px4/share/px4/local_setup.bash
[36.946s] -- Installing: /home/adamgb/phd/gazebo_ws/install/px4/share/px4/local_setup.sh
[36.946s] -- Installing: /home/adamgb/phd/gazebo_ws/install/px4/share/px4/local_setup.zsh
[36.946s] -- Installing: /home/adamgb/phd/gazebo_ws/install/px4/share/px4/local_setup.dsv
[36.946s] -- Installing: /home/adamgb/phd/gazebo_ws/install/px4/share/px4/package.dsv
[36.946s] -- Installing: /home/adamgb/phd/gazebo_ws/install/px4/share/ament_index/resource_index/packages/px4
[36.947s] -- Installing: /home/adamgb/phd/gazebo_ws/install/px4/share/px4/cmake/px4Config.cmake
[36.947s] -- Installing: /home/adamgb/phd/gazebo_ws/install/px4/share/px4/cmake/px4Config-version.cmake
[36.947s] -- Installing: /home/adamgb/phd/gazebo_ws/install/px4/share/px4/package.xml
[36.958s] -- Installing: /home/adamgb/phd/gazebo_ws/install/px4/share/px4/etc
[36.958s] -- Installing: /home/adamgb/phd/gazebo_ws/install/px4/share/px4/etc/init.d-posix
[36.958s] -- Installing: /home/adamgb/phd/gazebo_ws/install/px4/share/px4/etc/init.d-posix/rc.replay
[36.958s] -- Installing: /home/adamgb/phd/gazebo_ws/install/px4/share/px4/etc/init.d-posix/airframes
[36.958s] -- Installing: /home/adamgb/phd/gazebo_ws/install/px4/share/px4/etc/init.d-posix/airframes/10017_jmavsim_iris
[36.958s] -- Installing: /home/adamgb/phd/gazebo_ws/install/px4/share/px4/etc/init.d-posix/airframes/51000_gz_rover_ackermann
[36.958s] -- Installing: /home/adamgb/phd/gazebo_ws/install/px4/share/px4/etc/init.d-posix/airframes/3011_jsbsim_hexarotor_x
[36.958s] -- Installing: /home/adamgb/phd/gazebo_ws/install/px4/share/px4/etc/init.d-posix/airframes/10040_sihsim_quadx
[36.958s] -- Installing: /home/adamgb/phd/gazebo_ws/install/px4/share/px4/etc/init.d-posix/airframes/10016_none_iris
[36.958s] -- Installing: /home/adamgb/phd/gazebo_ws/install/px4/share/px4/etc/init.d-posix/airframes/1036_jsbsim_malolo
[36.958s] -- Installing: /home/adamgb/phd/gazebo_ws/install/px4/share/px4/etc/init.d-posix/airframes/1013_gazebo-classic_iris_vision.post
[36.958s] -- Installing: /home/adamgb/phd/gazebo_ws/install/px4/share/px4/etc/init.d-posix/airframes/10015_gazebo-classic_iris
[36.958s] -- Installing: /home/adamgb/phd/gazebo_ws/install/px4/share/px4/etc/init.d-posix/airframes/1016_gazebo-classic_iris_downward_depth_camera
[36.958s] -- Installing: /home/adamgb/phd/gazebo_ws/install/px4/share/px4/etc/init.d-posix/airframes/1033_jsbsim_rascal
[36.958s] -- Installing: /home/adamgb/phd/gazebo_ws/install/px4/share/px4/etc/init.d-posix/airframes/52000_gz_rover_mecanum
[36.958s] -- Installing: /home/adamgb/phd/gazebo_ws/install/px4/share/px4/etc/init.d-posix/airframes/1042_gazebo-classic_tiltrotor
[36.958s] -- Installing: /home/adamgb/phd/gazebo_ws/install/px4/share/px4/etc/init.d-posix/airframes/1022_gazebo-classic_uuv_bluerov2_heavy
[36.958s] -- Installing: /home/adamgb/phd/gazebo_ws/install/px4/share/px4/etc/init.d-posix/airframes/4010_gz_x500_mono_cam
[36.958s] -- Installing: /home/adamgb/phd/gazebo_ws/install/px4/share/px4/etc/init.d-posix/airframes/10045_sihsim_rover_ackermann
[36.958s] -- Installing: /home/adamgb/phd/gazebo_ws/install/px4/share/px4/etc/init.d-posix/airframes/6011_gazebo-classic_typhoon_h480
[36.958s] -- Installing: /home/adamgb/phd/gazebo_ws/install/px4/share/px4/etc/init.d-posix/airframes/1037_gazebo-classic_believer
[36.959s] -- Installing: /home/adamgb/phd/gazebo_ws/install/px4/share/px4/etc/init.d-posix/airframes/8011_gz_omnicopter
[36.959s] -- Installing: /home/adamgb/phd/gazebo_ws/install/px4/share/px4/etc/init.d-posix/airframes/1010_gazebo-classic_iris_opt_flow.post
[36.959s] -- Installing: /home/adamgb/phd/gazebo_ws/install/px4/share/px4/etc/init.d-posix/airframes/4011_gz_lawnmower
[36.959s] -- Installing: /home/adamgb/phd/gazebo_ws/install/px4/share/px4/etc/init.d-posix/airframes/1032_gazebo-classic_plane_catapult
[36.959s] -- Installing: /home/adamgb/phd/gazebo_ws/install/px4/share/px4/etc/init.d-posix/airframes/17001_flightgear_tf-g1
[36.959s] -- Installing: /home/adamgb/phd/gazebo_ws/install/px4/share/px4/etc/init.d-posix/airframes/1040_gazebo-classic_standard_vtol
[36.959s] -- Installing: /home/adamgb/phd/gazebo_ws/install/px4/share/px4/etc/init.d-posix/airframes/6011_gazebo-classic_typhoon_h480.post
[36.959s] -- Installing: /home/adamgb/phd/gazebo_ws/install/px4/share/px4/etc/init.d-posix/airframes/4013_gz_x500_lidar_2d
[36.959s] -- Installing: /home/adamgb/phd/gazebo_ws/install/px4/share/px4/etc/init.d-posix/airframes/1013_gazebo-classic_iris_vision
[36.959s] -- Installing: /home/adamgb/phd/gazebo_ws/install/px4/share/px4/etc/init.d-posix/airframes/1034_flightgear_rascal-electric
[36.959s] -- Installing: /home/adamgb/phd/gazebo_ws/install/px4/share/px4/etc/init.d-posix/airframes/1031_gazebo-classic_plane_cam.post
[36.959s] -- Installing: /home/adamgb/phd/gazebo_ws/install/px4/share/px4/etc/init.d-posix/airframes/1010_gazebo-classic_iris_opt_flow
[36.959s] -- Installing: /home/adamgb/phd/gazebo_ws/install/px4/share/px4/etc/init.d-posix/airframes/4020_gz_tiltrotor
[36.959s] -- Installing: /home/adamgb/phd/gazebo_ws/install/px4/share/px4/etc/init.d-posix/airframes/50000_gz_rover_differential
[36.959s] -- Installing: /home/adamgb/phd/gazebo_ws/install/px4/share/px4/etc/init.d-posix/airframes/1031_gazebo-classic_plane_cam
[36.959s] -- Installing: /home/adamgb/phd/gazebo_ws/install/px4/share/px4/etc/init.d-posix/airframes/4005_gz_x500_vision
[36.959s] -- Installing: /home/adamgb/phd/gazebo_ws/install/px4/share/px4/etc/init.d-posix/airframes/4001_gz_x500
[36.959s] -- Installing: /home/adamgb/phd/gazebo_ws/install/px4/share/px4/etc/init.d-posix/airframes/4004_gz_standard_vtol
[36.959s] -- Installing: /home/adamgb/phd/gazebo_ws/install/px4/share/px4/etc/init.d-posix/airframes/1041_gazebo-classic_tailsitter
[36.959s] -- Installing: /home/adamgb/phd/gazebo_ws/install/px4/share/px4/etc/init.d-posix/airframes/1039_gazebo-classic_advanced_plane
[36.959s] -- Installing: /home/adamgb/phd/gazebo_ws/install/px4/share/px4/etc/init.d-posix/airframes/10044_sihsim_hex
[36.959s] -- Installing: /home/adamgb/phd/gazebo_ws/install/px4/share/px4/etc/init.d-posix/airframes/4014_gz_x500_mono_cam_down
[36.959s] -- Installing: /home/adamgb/phd/gazebo_ws/install/px4/share/px4/etc/init.d-posix/airframes/1035_gazebo-classic_techpod
[36.959s] -- Installing: /home/adamgb/phd/gazebo_ws/install/px4/share/px4/etc/init.d-posix/airframes/10043_sihsim_standard_vtol
[36.959s] -- Installing: /home/adamgb/phd/gazebo_ws/install/px4/share/px4/etc/init.d-posix/airframes/1011_gazebo-classic_iris_irlock
[36.959s] -- Installing: /home/adamgb/phd/gazebo_ws/install/px4/share/px4/etc/init.d-posix/airframes/2507_gazebo-classic_cloudship
[36.960s] -- Installing: /home/adamgb/phd/gazebo_ws/install/px4/share/px4/etc/init.d-posix/airframes/1044_gazebo-classic_plane_lidar
[36.960s] -- Installing: /home/adamgb/phd/gazebo_ws/install/px4/share/px4/etc/init.d-posix/airframes/4002_gz_x500_depth
[36.960s] -- Installing: /home/adamgb/phd/gazebo_ws/install/px4/share/px4/etc/init.d-posix/airframes/1043_gazebo-classic_standard_vtol_drop
[36.960s] -- Installing: /home/adamgb/phd/gazebo_ws/install/px4/share/px4/etc/init.d-posix/airframes/10041_sihsim_airplane
[36.960s] -- Installing: /home/adamgb/phd/gazebo_ws/install/px4/share/px4/etc/init.d-posix/airframes/4019_gz_x500_gimbal
[36.960s] -- Installing: /home/adamgb/phd/gazebo_ws/install/px4/share/px4/etc/init.d-posix/airframes/10019_gazebo-classic_omnicopter
[36.960s] -- Installing: /home/adamgb/phd/gazebo_ws/install/px4/share/px4/etc/init.d-posix/airframes/4008_gz_advanced_plane
[36.960s] -- Installing: /home/adamgb/phd/gazebo_ws/install/px4/share/px4/etc/init.d-posix/airframes/1038_gazebo-classic_glider
[36.960s] -- Installing: /home/adamgb/phd/gazebo_ws/install/px4/share/px4/etc/init.d-posix/airframes/70000_gz_atmos
[36.960s] -- Installing: /home/adamgb/phd/gazebo_ws/install/px4/share/px4/etc/init.d-posix/airframes/4009_gz_r1_rover
[36.960s] -- Installing: /home/adamgb/phd/gazebo_ws/install/px4/share/px4/etc/init.d-posix/airframes/10018_gazebo-classic_iris_foggy_lidar
[36.960s] -- Installing: /home/adamgb/phd/gazebo_ws/install/px4/share/px4/etc/init.d-posix/airframes/4017_gz_x500_lidar_front
[36.960s] -- Installing: /home/adamgb/phd/gazebo_ws/install/px4/share/px4/etc/init.d-posix/airframes/17002_flightgear_tf-g2
[36.960s] -- Installing: /home/adamgb/phd/gazebo_ws/install/px4/share/px4/etc/init.d-posix/airframes/1021_gazebo-classic_uuv_hippocampus
[36.960s] -- Installing: /home/adamgb/phd/gazebo_ws/install/px4/share/px4/etc/init.d-posix/airframes/1030_gazebo-classic_plane
[36.960s] -- Installing: /home/adamgb/phd/gazebo_ws/install/px4/share/px4/etc/init.d-posix/airframes/60002_gz_uuv_bluerov2_heavy
[36.960s] -- Installing: /home/adamgb/phd/gazebo_ws/install/px4/share/px4/etc/init.d-posix/airframes/4018_gz_quadtailsitter
[36.960s] -- Installing: /home/adamgb/phd/gazebo_ws/install/px4/share/px4/etc/init.d-posix/airframes/1019_gazebo-classic_iris_dual_gps
[36.960s] -- Installing: /home/adamgb/phd/gazebo_ws/install/px4/share/px4/etc/init.d-posix/airframes/4016_gz_x500_lidar_down
[36.960s] -- Installing: /home/adamgb/phd/gazebo_ws/install/px4/share/px4/etc/init.d-posix/airframes/4021_gz_x500_flow
[36.960s] -- Installing: /home/adamgb/phd/gazebo_ws/install/px4/share/px4/etc/init.d-posix/airframes/1017_gazebo-classic_iris_opt_flow_mockup
[36.960s] -- Installing: /home/adamgb/phd/gazebo_ws/install/px4/share/px4/etc/init.d-posix/airframes/4003_gz_rc_cessna
[36.960s] -- Installing: /home/adamgb/phd/gazebo_ws/install/px4/share/px4/etc/init.d-posix/airframes/3010_jsbsim_quadrotor_x
[36.960s] -- Installing: /home/adamgb/phd/gazebo_ws/install/px4/share/px4/etc/init.d-posix/airframes/1015_gazebo-classic_iris_depth_camera
[36.960s] -- Installing: /home/adamgb/phd/gazebo_ws/install/px4/share/px4/etc/init.d-posix/airframes/1070_gazebo-classic_boat
[36.960s] -- Installing: /home/adamgb/phd/gazebo_ws/install/px4/share/px4/etc/init.d-posix/airframes/1012_gazebo-classic_iris_rplidar
[36.961s] -- Installing: /home/adamgb/phd/gazebo_ws/install/px4/share/px4/etc/init.d-posix/airframes/1045_gazebo-classic_quadtailsitter
[36.961s] -- Installing: /home/adamgb/phd/gazebo_ws/install/px4/share/px4/etc/init.d-posix/airframes/4006_gz_px4vision
[36.961s] -- Installing: /home/adamgb/phd/gazebo_ws/install/px4/share/px4/etc/init.d-posix/airframes/10030_gazebo-classic_px4vision
[36.961s] -- Installing: /home/adamgb/phd/gazebo_ws/install/px4/share/px4/etc/init.d-posix/airframes/1062_flightgear_tf-r1
[36.961s] -- Installing: /home/adamgb/phd/gazebo_ws/install/px4/share/px4/etc/init.d-posix/airframes/10042_sihsim_xvert
[36.961s] -- Installing: /home/adamgb/phd/gazebo_ws/install/px4/share/px4/etc/init.d-posix/px4-rc.gzsim
[36.961s] -- Installing: /home/adamgb/phd/gazebo_ws/install/px4/share/px4/etc/init.d-posix/px4-rc.mavlink
[36.961s] -- Installing: /home/adamgb/phd/gazebo_ws/install/px4/share/px4/etc/init.d-posix/px4-rc.simulator
[36.961s] -- Installing: /home/adamgb/phd/gazebo_ws/install/px4/share/px4/etc/init.d-posix/rcS
[36.961s] -- Installing: /home/adamgb/phd/gazebo_ws/install/px4/share/px4/etc/init.d-posix/px4-rc.mavlinksim
[36.961s] -- Installing: /home/adamgb/phd/gazebo_ws/install/px4/share/px4/etc/init.d-posix/px4-rc.jmavsim
[36.961s] -- Installing: /home/adamgb/phd/gazebo_ws/install/px4/share/px4/etc/init.d-posix/px4-rc.sihsim
[36.961s] -- Installing: /home/adamgb/phd/gazebo_ws/install/px4/share/px4/etc/extras
[36.961s] -- Installing: /home/adamgb/phd/gazebo_ws/install/px4/share/px4/etc/extras/component_general.json.xz
[36.961s] -- Installing: /home/adamgb/phd/gazebo_ws/install/px4/share/px4/etc/extras/parameters.json.xz
[36.961s] -- Installing: /home/adamgb/phd/gazebo_ws/install/px4/share/px4/etc/extras/actuators.json.xz
[36.961s] -- Installing: /home/adamgb/phd/gazebo_ws/install/px4/share/px4/etc/extras/all_events.json.xz
[36.961s] -- Installing: /home/adamgb/phd/gazebo_ws/install/px4/share/px4/etc/init.d
[36.961s] -- Installing: /home/adamgb/phd/gazebo_ws/install/px4/share/px4/etc/init.d/rc.uuv_defaults
[36.961s] -- Installing: /home/adamgb/phd/gazebo_ws/install/px4/share/px4/etc/init.d/rc.serial
[36.961s] -- Installing: /home/adamgb/phd/gazebo_ws/install/px4/share/px4/etc/init.d/rc.airship_apps
[36.961s] -- Installing: /home/adamgb/phd/gazebo_ws/install/px4/share/px4/etc/init.d/rc.mc_apps
[36.962s] -- Installing: /home/adamgb/phd/gazebo_ws/install/px4/share/px4/etc/init.d/rc.balloon_apps
[36.962s] -- Installing: /home/adamgb/phd/gazebo_ws/install/px4/share/px4/etc/init.d/rc.rover_mecanum_defaults
[36.962s] -- Installing: /home/adamgb/phd/gazebo_ws/install/px4/share/px4/etc/init.d/airframes
[36.962s] -- Installing: /home/adamgb/phd/gazebo_ws/install/px4/share/px4/etc/init.d/airframes/4001_quad_x
[36.962s] -- Installing: /home/adamgb/phd/gazebo_ws/install/px4/share/px4/etc/init.d/airframes/1100_rc_quad_x_sih.hil
[36.962s] -- Installing: /home/adamgb/phd/gazebo_ws/install/px4/share/px4/etc/init.d/airframes/14001_generic_mc_with_tilt
[36.962s] -- Installing: /home/adamgb/phd/gazebo_ws/install/px4/share/px4/etc/init.d/airframes/4019_x500_v2
[36.962s] -- Installing: /home/adamgb/phd/gazebo_ws/install/px4/share/px4/etc/init.d/airframes/16001_helicopter
[36.962s] -- Installing: /home/adamgb/phd/gazebo_ws/install/px4/share/px4/etc/init.d/airframes/13200_generic_vtol_tailsitter
[36.962s] -- Installing: /home/adamgb/phd/gazebo_ws/install/px4/share/px4/etc/init.d/airframes/2106_albatross
[36.962s] -- Installing: /home/adamgb/phd/gazebo_ws/install/px4/share/px4/etc/init.d/airframes/12001_octo_cox
[36.962s] -- Installing: /home/adamgb/phd/gazebo_ws/install/px4/share/px4/etc/init.d/airframes/2100_standard_plane
[36.962s] -- Installing: /home/adamgb/phd/gazebo_ws/install/px4/share/px4/etc/init.d/airframes/4050_generic_250
[36.962s] -- Installing: /home/adamgb/phd/gazebo_ws/install/px4/share/px4/etc/init.d/airframes/52000_generic_rover_mecanum
[36.962s] -- Installing: /home/adamgb/phd/gazebo_ws/install/px4/share/px4/etc/init.d/airframes/4053_holybro_kopis2
[36.962s] -- Installing: /home/adamgb/phd/gazebo_ws/install/px4/share/px4/etc/init.d/airframes/1002_standard_vtol.hil
[36.962s] -- Installing: /home/adamgb/phd/gazebo_ws/install/px4/share/px4/etc/init.d/airframes/4041_beta75x
[36.962s] -- Installing: /home/adamgb/phd/gazebo_ws/install/px4/share/px4/etc/init.d/airframes/17003_TF-G2
[36.962s] -- Installing: /home/adamgb/phd/gazebo_ws/install/px4/share/px4/etc/init.d/airframes/4061_atl_mantis_edu
[36.962s] -- Installing: /home/adamgb/phd/gazebo_ws/install/px4/share/px4/etc/init.d/airframes/51002_nxp_b3rb
[36.962s] -- Installing: /home/adamgb/phd/gazebo_ws/install/px4/share/px4/etc/init.d/airframes/3000_generic_wing
[36.962s] -- Installing: /home/adamgb/phd/gazebo_ws/install/px4/share/px4/etc/init.d/airframes/51001_axial_scx10_2_trail_honcho
[36.962s] -- Installing: /home/adamgb/phd/gazebo_ws/install/px4/share/px4/etc/init.d/airframes/60002_uuv_bluerov2_heavy
[36.962s] -- Installing: /home/adamgb/phd/gazebo_ws/install/px4/share/px4/etc/init.d/airframes/1103_standard_vtol_sih.hil
[36.962s] -- Installing: /home/adamgb/phd/gazebo_ws/install/px4/share/px4/etc/init.d/airframes/13000_generic_vtol_standard
[36.962s] -- Installing: /home/adamgb/phd/gazebo_ws/install/px4/share/px4/etc/init.d/airframes/60000_uuv_generic
[36.962s] -- Installing: /home/adamgb/phd/gazebo_ws/install/px4/share/px4/etc/init.d/airframes/1104_standard_ackermann_sih.hil
[36.963s] -- Installing: /home/adamgb/phd/gazebo_ws/install/px4/share/px4/etc/init.d/airframes/51000_generic_rover_ackermann
[36.963s] -- Installing: /home/adamgb/phd/gazebo_ws/install/px4/share/px4/etc/init.d/airframes/1102_tailsitter_duo_sih.hil
[36.963s] -- Installing: /home/adamgb/phd/gazebo_ws/install/px4/share/px4/etc/init.d/airframes/5001_quad_+
[36.963s] -- Installing: /home/adamgb/phd/gazebo_ws/install/px4/share/px4/etc/init.d/airframes/18001_TF-B1
[36.963s] -- Installing: /home/adamgb/phd/gazebo_ws/install/px4/share/px4/etc/init.d/airframes/4601_droneblocks_dexi_5
[36.963s] -- Installing: /home/adamgb/phd/gazebo_ws/install/px4/share/px4/etc/init.d/airframes/6002_draco_r
[36.963s] -- Installing: /home/adamgb/phd/gazebo_ws/install/px4/share/px4/etc/init.d/airframes/8001_octo_x
[36.963s] -- Installing: /home/adamgb/phd/gazebo_ws/install/px4/share/px4/etc/init.d/airframes/17002_TF-AutoG2
[36.963s] -- Installing: /home/adamgb/phd/gazebo_ws/install/px4/share/px4/etc/init.d/airframes/7001_hexa_+
[36.963s] -- Installing: /home/adamgb/phd/gazebo_ws/install/px4/share/px4/etc/init.d/airframes/4901_crazyflie21
[36.963s] -- Installing: /home/adamgb/phd/gazebo_ws/install/px4/share/px4/etc/init.d/airframes/4052_holybro_qav250
[36.963s] -- Installing: /home/adamgb/phd/gazebo_ws/install/px4/share/px4/etc/init.d/airframes/11001_hexa_cox
[36.963s] -- Installing: /home/adamgb/phd/gazebo_ws/install/px4/share/px4/etc/init.d/airframes/24001_dodeca_cox
[36.963s] -- Installing: /home/adamgb/phd/gazebo_ws/install/px4/share/px4/etc/init.d/airframes/4020_holybro_px4vision_v1_5
[36.963s] -- Installing: /home/adamgb/phd/gazebo_ws/install/px4/share/px4/etc/init.d/airframes/1101_rc_plane_sih.hil
[36.963s] -- Installing: /home/adamgb/phd/gazebo_ws/install/px4/share/px4/etc/init.d/airframes/9001_octo_+
[36.963s] -- Installing: /home/adamgb/phd/gazebo_ws/install/px4/share/px4/etc/init.d/airframes/4015_holybro_s500
[36.963s] -- Installing: /home/adamgb/phd/gazebo_ws/install/px4/share/px4/etc/init.d/airframes/50001_aion_robotics_r1_rover
[36.963s] -- Installing: /home/adamgb/phd/gazebo_ws/install/px4/share/px4/etc/init.d/airframes/50000_generic_rover_differential
[36.963s] -- Installing: /home/adamgb/phd/gazebo_ws/install/px4/share/px4/etc/init.d/airframes/4017_nxp_hovergames
[36.963s] -- Installing: /home/adamgb/phd/gazebo_ws/install/px4/share/px4/etc/init.d/airframes/4500_clover4
[36.963s] -- Installing: /home/adamgb/phd/gazebo_ws/install/px4/share/px4/etc/init.d/airframes/4073_ifo-s
[36.963s] -- Installing: /home/adamgb/phd/gazebo_ws/install/px4/share/px4/etc/init.d/airframes/1001_rc_quad_x.hil
[36.963s] -- Installing: /home/adamgb/phd/gazebo_ws/install/px4/share/px4/etc/init.d/airframes/4016_holybro_px4vision
[36.963s] -- Installing: /home/adamgb/phd/gazebo_ws/install/px4/share/px4/etc/init.d/airframes/4071_ifo
[36.964s] -- Installing: /home/adamgb/phd/gazebo_ws/install/px4/share/px4/etc/init.d/airframes/13030_generic_vtol_quad_tiltrotor
[36.964s] -- Installing: /home/adamgb/phd/gazebo_ws/install/px4/share/px4/etc/init.d/airframes/13100_generic_vtol_tiltrotor
[36.964s] -- Installing: /home/adamgb/phd/gazebo_ws/install/px4/share/px4/etc/init.d/airframes/60001_uuv_hippocampus
[36.964s] -- Installing: /home/adamgb/phd/gazebo_ws/install/px4/share/px4/etc/init.d/airframes/6001_hexa_x
[36.964s] -- Installing: /home/adamgb/phd/gazebo_ws/install/px4/share/px4/etc/init.d/airframes/2507_cloudship
[36.964s] -- Installing: /home/adamgb/phd/gazebo_ws/install/px4/share/px4/etc/init.d/airframes/4014_s500
[36.964s] -- Installing: /home/adamgb/phd/gazebo_ws/install/px4/share/px4/etc/init.d/rc.sensors
[36.964s] -- Installing: /home/adamgb/phd/gazebo_ws/install/px4/share/px4/etc/init.d/rc.vtol_defaults
[36.964s] -- Installing: /home/adamgb/phd/gazebo_ws/install/px4/share/px4/etc/init.d/rc.thermal_cal
[36.964s] -- Installing: /home/adamgb/phd/gazebo_ws/install/px4/share/px4/etc/init.d/rc.rover_ackermann_defaults
[36.964s] -- Installing: /home/adamgb/phd/gazebo_ws/install/px4/share/px4/etc/init.d/rc.rover_differential_apps
[36.964s] -- Installing: /home/adamgb/phd/gazebo_ws/install/px4/share/px4/etc/init.d/rc.rover_differential_defaults
[36.964s] -- Installing: /home/adamgb/phd/gazebo_ws/install/px4/share/px4/etc/init.d/rc.mc_defaults
[36.964s] -- Installing: /home/adamgb/phd/gazebo_ws/install/px4/share/px4/etc/init.d/rc.sysinit
[36.964s] -- Installing: /home/adamgb/phd/gazebo_ws/install/px4/share/px4/etc/init.d/rc.autostart.post
[36.964s] -- Installing: /home/adamgb/phd/gazebo_ws/install/px4/share/px4/etc/init.d/rc.filepaths
[36.964s] -- Installing: /home/adamgb/phd/gazebo_ws/install/px4/share/px4/etc/init.d/rc.autostart_ext
[36.964s] -- Installing: /home/adamgb/phd/gazebo_ws/install/px4/share/px4/etc/init.d/rcS
[36.964s] -- Installing: /home/adamgb/phd/gazebo_ws/install/px4/share/px4/etc/init.d/rc.autostart
[36.964s] -- Installing: /home/adamgb/phd/gazebo_ws/install/px4/share/px4/etc/init.d/rc.fw_defaults
[36.964s] -- Installing: /home/adamgb/phd/gazebo_ws/install/px4/share/px4/etc/init.d/rc.uuv_apps
[36.964s] -- Installing: /home/adamgb/phd/gazebo_ws/install/px4/share/px4/etc/init.d/rc.balloon_defaults
[36.964s] -- Installing: /home/adamgb/phd/gazebo_ws/install/px4/share/px4/etc/init.d/rc.rover_ackermann_apps
[36.964s] -- Installing: /home/adamgb/phd/gazebo_ws/install/px4/share/px4/etc/init.d/rc.vtol_apps
[36.965s] -- Installing: /home/adamgb/phd/gazebo_ws/install/px4/share/px4/etc/init.d/rc.airship_defaults
[36.965s] -- Installing: /home/adamgb/phd/gazebo_ws/install/px4/share/px4/etc/init.d/rc.logging
[36.965s] -- Installing: /home/adamgb/phd/gazebo_ws/install/px4/share/px4/etc/init.d/rc.fw_apps
[36.965s] -- Installing: /home/adamgb/phd/gazebo_ws/install/px4/share/px4/etc/init.d/rc.vehicle_setup
[36.965s] -- Installing: /home/adamgb/phd/gazebo_ws/install/px4/share/px4/etc/init.d/rc.rover_mecanum_apps
[36.965s] -- Installing: /home/adamgb/phd/gazebo_ws/install/px4/share/px4/etc/init.d/rc.heli_defaults
[36.965s] -- Installing: /home/adamgb/phd/gazebo_ws/install/px4/lib/px4
[36.965s] -- Installing: /home/adamgb/phd/gazebo_ws/install/px4/lib/px4/px4-rover_mecanum
[36.965s] -- Installing: /home/adamgb/phd/gazebo_ws/install/px4/lib/px4/px4-rover_differential
[36.965s] -- Installing: /home/adamgb/phd/gazebo_ws/install/px4/lib/px4/px4-airship_att_control
[36.965s] -- Installing: /home/adamgb/phd/gazebo_ws/install/px4/lib/px4/px4-tests
[36.965s] -- Installing: /home/adamgb/phd/gazebo_ws/install/px4/lib/px4/px4-hello
[36.965s] -- Installing: /home/adamgb/phd/gazebo_ws/install/px4/lib/px4/px4-airspeed_selector
[36.965s] -- Installing: /home/adamgb/phd/gazebo_ws/install/px4/lib/px4/px4-failure
[36.965s] -- Installing: /home/adamgb/phd/gazebo_ws/install/px4/lib/px4/px4-fw_autotune_attitude_control
[36.965s] -- Installing: /home/adamgb/phd/gazebo_ws/install/px4/lib/px4/px4-flight_mode_manager
[36.965s] -- Installing: /home/adamgb/phd/gazebo_ws/install/px4/lib/px4/px4-gyro_calibration
[36.965s] -- Installing: /home/adamgb/phd/gazebo_ws/install/px4/lib/px4/px4-dataman
[36.965s] -- Installing: /home/adamgb/phd/gazebo_ws/install/px4/lib/px4/px4-sensors
[36.965s] -- Installing: /home/adamgb/phd/gazebo_ws/install/px4/lib/px4/px4-fake_gps
[36.965s] -- Installing: /home/adamgb/phd/gazebo_ws/install/px4/lib/px4/px4-sd_bench
[36.965s] -- Installing: /home/adamgb/phd/gazebo_ws/install/px4/lib/px4/px4-mc_hover_thrust_estimator
[36.965s] -- Installing: /home/adamgb/phd/gazebo_ws/install/px4/lib/px4/px4-battery_simulator
[36.966s] -- Installing: /home/adamgb/phd/gazebo_ws/install/px4/lib/px4/px4-vtol_att_control
[36.966s] -- Installing: /home/adamgb/phd/gazebo_ws/install/px4/lib/px4/px4-mag_bias_estimator
[36.966s] -- Installing: /home/adamgb/phd/gazebo_ws/install/px4/lib/px4/px4-mc_pos_control
[36.966s] -- Installing: /home/adamgb/phd/gazebo_ws/install/px4/lib/px4/px4-sensor_mag_sim
[36.966s] -- Installing: /home/adamgb/phd/gazebo_ws/install/px4/lib/px4/px4-camera_trigger
[36.966s] -- Installing: /home/adamgb/phd/gazebo_ws/install/px4/lib/px4/px4-uuv_pos_control
[36.966s] -- Installing: /home/adamgb/phd/gazebo_ws/install/px4/lib/px4/px4-sensor_airspeed_sim
[36.966s] -- Installing: /home/adamgb/phd/gazebo_ws/install/px4/lib/px4/px4-work_item_example
[36.966s] -- Installing: /home/adamgb/phd/gazebo_ws/install/px4/lib/px4/px4-work_queue
[36.966s] -- Installing: /home/adamgb/phd/gazebo_ws/install/px4/lib/px4/px4-rc_update
[36.966s] -- Installing: /home/adamgb/phd/gazebo_ws/install/px4/lib/px4/px4-landing_target_estimator
[36.966s] -- Installing: /home/adamgb/phd/gazebo_ws/install/px4/lib/px4/px4-navigator
[36.966s] -- Installing: /home/adamgb/phd/gazebo_ws/install/px4/lib/px4/px4-actuator_test
[36.966s] -- Installing: /home/adamgb/phd/gazebo_ws/install/px4/lib/px4/px4-land_detector
[36.966s] -- Installing: /home/adamgb/phd/gazebo_ws/install/px4/lib/px4/px4-msp_osd
[36.966s] -- Installing: /home/adamgb/phd/gazebo_ws/install/px4/lib/px4/px4-px4_mavlink_debug
[36.966s] -- Installing: /home/adamgb/phd/gazebo_ws/install/px4/lib/px4/px4-load_mon
[36.966s] -- Installing: /home/adamgb/phd/gazebo_ws/install/px4/lib/px4/px4-controllib_test
[36.966s] -- Installing: /home/adamgb/phd/gazebo_ws/install/px4/lib/px4/px4-rc_tests
[36.966s] -- Installing: /home/adamgb/phd/gazebo_ws/install/px4/lib/px4/px4-send_event
[36.966s] -- Installing: /home/adamgb/phd/gazebo_ws/install/px4/lib/px4/px4-led_control
[36.966s] -- Installing: /home/adamgb/phd/gazebo_ws/install/px4/lib/px4/px4-temperature_compensation
[36.966s] -- Installing: /home/adamgb/phd/gazebo_ws/install/px4/lib/px4/px4-fw_lat_lon_control
[36.966s] -- Installing: /home/adamgb/phd/gazebo_ws/install/px4/lib/px4/px4-wqueue_test
[36.966s] -- Installing: /home/adamgb/phd/gazebo_ws/install/px4/lib/px4/px4-logger
[36.966s] -- Installing: /home/adamgb/phd/gazebo_ws/install/px4/lib/px4/px4-septentrio
[36.966s] -- Installing: /home/adamgb/phd/gazebo_ws/install/px4/lib/px4/px4-tune_control
[36.966s] -- Installing: /home/adamgb/phd/gazebo_ws/install/px4/lib/px4/px4-cdev_test
[36.966s] -- Installing: /home/adamgb/phd/gazebo_ws/install/px4/lib/px4/px4-commander
[36.966s] -- Installing: /home/adamgb/phd/gazebo_ws/install/px4/lib/px4/px4-tone_alarm
[36.966s] -- Installing: /home/adamgb/phd/gazebo_ws/install/px4/lib/px4/px4-fake_imu
[36.966s] -- Installing: /home/adamgb/phd/gazebo_ws/install/px4/lib/px4/px4-simulator_sih
[36.966s] -- Installing: /home/adamgb/phd/gazebo_ws/install/px4/lib/px4/px4-sensor_baro_sim
[36.967s] -- Installing: /home/adamgb/phd/gazebo_ws/install/px4/lib/px4/px4-camera_feedback
[36.967s] -- Installing: /home/adamgb/phd/gazebo_ws/install/px4/lib/px4/px4
[36.988s] -- Installing: /home/adamgb/phd/gazebo_ws/install/px4/lib/px4/px4-system_time
[36.988s] -- Installing: /home/adamgb/phd/gazebo_ws/install/px4/lib/px4/px4-replay
[36.988s] -- Installing: /home/adamgb/phd/gazebo_ws/install/px4/lib/px4/px4-gyro_fft
[36.988s] -- Installing: /home/adamgb/phd/gazebo_ws/install/px4/lib/px4/px4-pwm_out_sim
[36.988s] -- Installing: /home/adamgb/phd/gazebo_ws/install/px4/lib/px4/px4-gimbal
[36.988s] -- Installing: /home/adamgb/phd/gazebo_ws/install/px4/lib/px4/px4-uorb_tests
[36.988s] -- Installing: /home/adamgb/phd/gazebo_ws/install/px4/lib/px4/px4-fw_mode_manager
[36.988s] -- Installing: /home/adamgb/phd/gazebo_ws/install/px4/lib/px4/px4-fw_att_control
[36.988s] -- Installing: /home/adamgb/phd/gazebo_ws/install/px4/lib/px4/px4-perf
[36.988s] -- Installing: /home/adamgb/phd/gazebo_ws/install/px4/lib/px4/px4-px4_simple_app
[36.989s] -- Installing: /home/adamgb/phd/gazebo_ws/install/px4/lib/px4/px4-local_position_estimator
[36.989s] -- Installing: /home/adamgb/phd/gazebo_ws/install/px4/lib/px4/px4-gps
[36.989s] -- Installing: /home/adamgb/phd/gazebo_ws/install/px4/lib/px4/px4-sensor_gps_sim
[36.989s] -- Installing: /home/adamgb/phd/gazebo_ws/install/px4/lib/px4/px4-shutdown
[36.989s] -- Installing: /home/adamgb/phd/gazebo_ws/install/px4/lib/px4/px4-payload_deliverer
[36.989s] -- Installing: /home/adamgb/phd/gazebo_ws/install/px4/lib/px4/px4-system_power_simulator
[36.989s] -- Installing: /home/adamgb/phd/gazebo_ws/install/px4/lib/px4/px4-dyn
[36.989s] -- Installing: /home/adamgb/phd/gazebo_ws/install/px4/lib/px4/px4-attitude_estimator_q
[36.989s] -- Installing: /home/adamgb/phd/gazebo_ws/install/px4/lib/px4/px4-listener
[36.989s] -- Installing: /home/adamgb/phd/gazebo_ws/install/px4/lib/px4/px4-fw_rate_control
[36.989s] -- Installing: /home/adamgb/phd/gazebo_ws/install/px4/lib/px4/px4-rover_ackermann
[36.989s] -- Installing: /home/adamgb/phd/gazebo_ws/install/px4/lib/px4/px4-ekf2
[36.989s] -- Installing: /home/adamgb/phd/gazebo_ws/install/px4/lib/px4/px4-uorb
[36.989s] -- Installing: /home/adamgb/phd/gazebo_ws/install/px4/lib/px4/px4-mavlink
[36.989s] -- Installing: /home/adamgb/phd/gazebo_ws/install/px4/lib/px4/px4-fake_magnetometer
[36.989s] -- Installing: /home/adamgb/phd/gazebo_ws/install/px4/lib/px4/px4-alias.sh
[36.989s] -- Installing: /home/adamgb/phd/gazebo_ws/install/px4/lib/px4/px4-mc_att_control
[36.989s] -- Installing: /home/adamgb/phd/gazebo_ws/install/px4/lib/px4/px4-uuv_att_control
[36.989s] -- Installing: /home/adamgb/phd/gazebo_ws/install/px4/lib/px4/px4-uxrce_dds_client
[36.989s] -- Installing: /home/adamgb/phd/gazebo_ws/install/px4/lib/px4/px4-sensor_agp_sim
[36.989s] -- Installing: /home/adamgb/phd/gazebo_ws/install/px4/lib/px4/px4-bsondump
[36.989s] -- Installing: /home/adamgb/phd/gazebo_ws/install/px4/lib/px4/px4-ver
[36.989s] -- Installing: /home/adamgb/phd/gazebo_ws/install/px4/lib/px4/px4-gz_bridge
[36.989s] -- Installing: /home/adamgb/phd/gazebo_ws/install/px4/lib/px4/px4-mc_autotune_attitude_control
[36.989s] -- Installing: /home/adamgb/phd/gazebo_ws/install/px4/lib/px4/px4-hrt_test
[36.989s] -- Installing: /home/adamgb/phd/gazebo_ws/install/px4/lib/px4/px4-control_allocator
[36.989s] -- Installing: /home/adamgb/phd/gazebo_ws/install/px4/lib/px4/px4-manual_control
[36.989s] -- Installing: /home/adamgb/phd/gazebo_ws/install/px4/lib/px4/px4-param
[36.990s] -- Installing: /home/adamgb/phd/gazebo_ws/install/px4/lib/px4/px4-mc_rate_control
[36.990s] -- Installing: /home/adamgb/phd/gazebo_ws/install/px4/lib/px4/px4-simulator_mavlink
[36.990s] -- Installing: /home/adamgb/phd/gazebo_ws/install/px4/share/px4/Tools/simulation/gz/models
[36.990s] -- Installing: /home/adamgb/phd/gazebo_ws/install/px4/share/px4/Tools/simulation/gz/models/x500_vision
[36.990s] -- Installing: /home/adamgb/phd/gazebo_ws/install/px4/share/px4/Tools/simulation/gz/models/x500_vision/model.sdf
[36.990s] -- Installing: /home/adamgb/phd/gazebo_ws/install/px4/share/px4/Tools/simulation/gz/models/x500_vision/model.config
[36.990s] -- Installing: /home/adamgb/phd/gazebo_ws/install/px4/share/px4/Tools/simulation/gz/models/px4vision
[36.990s] -- Installing: /home/adamgb/phd/gazebo_ws/install/px4/share/px4/Tools/simulation/gz/models/px4vision/model.sdf
[36.990s] -- Installing: /home/adamgb/phd/gazebo_ws/install/px4/share/px4/Tools/simulation/gz/models/px4vision/thumbnails
[36.990s] -- Installing: /home/adamgb/phd/gazebo_ws/install/px4/share/px4/Tools/simulation/gz/models/px4vision/thumbnails/px4_vision_top.png
[36.990s] -- Installing: /home/adamgb/phd/gazebo_ws/install/px4/share/px4/Tools/simulation/gz/models/px4vision/thumbnails/px4vision_diagonal.png
[36.990s] -- Installing: /home/adamgb/phd/gazebo_ws/install/px4/share/px4/Tools/simulation/gz/models/px4vision/thumbnails/px4_vision_front.png
[36.990s] -- Installing: /home/adamgb/phd/gazebo_ws/install/px4/share/px4/Tools/simulation/gz/models/px4vision/meshes
[36.990s] -- Installing: /home/adamgb/phd/gazebo_ws/install/px4/share/px4/Tools/simulation/gz/models/px4vision/meshes/body.dae
[36.991s] -- Installing: /home/adamgb/phd/gazebo_ws/install/px4/share/px4/Tools/simulation/gz/models/px4vision/meshes/iris_prop_ccw.dae
[36.992s] -- Installing: /home/adamgb/phd/gazebo_ws/install/px4/share/px4/Tools/simulation/gz/models/px4vision/meshes/iris_prop_cw.dae
[36.992s] -- Installing: /home/adamgb/phd/gazebo_ws/install/px4/share/px4/Tools/simulation/gz/models/px4vision/model.config
[36.992s] -- Installing: /home/adamgb/phd/gazebo_ws/install/px4/share/px4/Tools/simulation/gz/models/rc_cessna
[36.992s] -- Installing: /home/adamgb/phd/gazebo_ws/install/px4/share/px4/Tools/simulation/gz/models/rc_cessna/model.sdf
[36.992s] -- Installing: /home/adamgb/phd/gazebo_ws/install/px4/share/px4/Tools/simulation/gz/models/rc_cessna/meshes
[36.992s] -- Installing: /home/adamgb/phd/gazebo_ws/install/px4/share/px4/Tools/simulation/gz/models/rc_cessna/meshes/propeller_cw.dae
[36.992s] -- Installing: /home/adamgb/phd/gazebo_ws/install/px4/share/px4/Tools/simulation/gz/models/rc_cessna/meshes/right_flap.dae
[36.992s] -- Installing: /home/adamgb/phd/gazebo_ws/install/px4/share/px4/Tools/simulation/gz/models/rc_cessna/meshes/body.dae
[36.992s] -- Installing: /home/adamgb/phd/gazebo_ws/install/px4/share/px4/Tools/simulation/gz/models/rc_cessna/meshes/left_flap.dae
[36.992s] -- Installing: /home/adamgb/phd/gazebo_ws/install/px4/share/px4/Tools/simulation/gz/models/rc_cessna/meshes/elevators.dae
[36.993s] -- Installing: /home/adamgb/phd/gazebo_ws/install/px4/share/px4/Tools/simulation/gz/models/rc_cessna/meshes/propeller_ccw.dae
[36.993s] -- Installing: /home/adamgb/phd/gazebo_ws/install/px4/share/px4/Tools/simulation/gz/models/rc_cessna/meshes/rudder.dae
[36.993s] -- Installing: /home/adamgb/phd/gazebo_ws/install/px4/share/px4/Tools/simulation/gz/models/rc_cessna/meshes/iris_prop_ccw.dae
[36.993s] -- Installing: /home/adamgb/phd/gazebo_ws/install/px4/share/px4/Tools/simulation/gz/models/rc_cessna/meshes/right_aileron.dae
[36.993s] -- Installing: /home/adamgb/phd/gazebo_ws/install/px4/share/px4/Tools/simulation/gz/models/rc_cessna/meshes/left_aileron.dae
[36.993s] -- Installing: /home/adamgb/phd/gazebo_ws/install/px4/share/px4/Tools/simulation/gz/models/rc_cessna/meshes/iris_prop_cw.dae
[36.993s] -- Installing: /home/adamgb/phd/gazebo_ws/install/px4/share/px4/Tools/simulation/gz/models/rc_cessna/model.config
[36.993s] -- Installing: /home/adamgb/phd/gazebo_ws/install/px4/share/px4/Tools/simulation/gz/models/standard_vtol
[36.993s] -- Installing: /home/adamgb/phd/gazebo_ws/install/px4/share/px4/Tools/simulation/gz/models/standard_vtol/model.sdf
[36.993s] -- Installing: /home/adamgb/phd/gazebo_ws/install/px4/share/px4/Tools/simulation/gz/models/standard_vtol/meshes
[36.993s] -- Installing: /home/adamgb/phd/gazebo_ws/install/px4/share/px4/Tools/simulation/gz/models/standard_vtol/meshes/x8_elevon_right.dae
[36.993s] -- Installing: /home/adamgb/phd/gazebo_ws/install/px4/share/px4/Tools/simulation/gz/models/standard_vtol/meshes/x8_wing.dae
[36.994s] -- Installing: /home/adamgb/phd/gazebo_ws/install/px4/share/px4/Tools/simulation/gz/models/standard_vtol/meshes/x8_elevon_left.dae
[36.994s] -- Installing: /home/adamgb/phd/gazebo_ws/install/px4/share/px4/Tools/simulation/gz/models/standard_vtol/meshes/iris_prop_ccw.dae
[36.994s] -- Installing: /home/adamgb/phd/gazebo_ws/install/px4/share/px4/Tools/simulation/gz/models/standard_vtol/meshes/iris_prop_cw.dae
[36.994s] -- Installing: /home/adamgb/phd/gazebo_ws/install/px4/share/px4/Tools/simulation/gz/models/standard_vtol/model.config
[36.994s] -- Installing: /home/adamgb/phd/gazebo_ws/install/px4/share/px4/Tools/simulation/gz/models/arucotag
[36.994s] -- Installing: /home/adamgb/phd/gazebo_ws/install/px4/share/px4/Tools/simulation/gz/models/arucotag/arucotag.png
[36.994s] -- Installing: /home/adamgb/phd/gazebo_ws/install/px4/share/px4/Tools/simulation/gz/models/arucotag/model.sdf
[36.995s] -- Installing: /home/adamgb/phd/gazebo_ws/install/px4/share/px4/Tools/simulation/gz/models/arucotag/model.config
[36.995s] -- Installing: /home/adamgb/phd/gazebo_ws/install/px4/share/px4/Tools/simulation/gz/models/x500_lidar_down
[36.995s] -- Installing: /home/adamgb/phd/gazebo_ws/install/px4/share/px4/Tools/simulation/gz/models/x500_lidar_down/model.sdf
[36.995s] -- Installing: /home/adamgb/phd/gazebo_ws/install/px4/share/px4/Tools/simulation/gz/models/x500_lidar_down/model.config
[36.995s] -- Installing: /home/adamgb/phd/gazebo_ws/install/px4/share/px4/Tools/simulation/gz/models/x500_lidar_2d
[36.995s] -- Installing: /home/adamgb/phd/gazebo_ws/install/px4/share/px4/Tools/simulation/gz/models/x500_lidar_2d/model.sdf
[36.995s] -- Installing: /home/adamgb/phd/gazebo_ws/install/px4/share/px4/Tools/simulation/gz/models/x500_lidar_2d/model.config
[36.995s] -- Installing: /home/adamgb/phd/gazebo_ws/install/px4/share/px4/Tools/simulation/gz/models/rover_ackermann
[36.995s] -- Installing: /home/adamgb/phd/gazebo_ws/install/px4/share/px4/Tools/simulation/gz/models/rover_ackermann/model.sdf
[36.995s] -- Installing: /home/adamgb/phd/gazebo_ws/install/px4/share/px4/Tools/simulation/gz/models/rover_ackermann/meshes
[36.995s] -- Installing: /home/adamgb/phd/gazebo_ws/install/px4/share/px4/Tools/simulation/gz/models/rover_ackermann/meshes/rover_ackermann_base.dae
[36.995s] -- Installing: /home/adamgb/phd/gazebo_ws/install/px4/share/px4/Tools/simulation/gz/models/rover_ackermann/meshes/rover_ackermann_wheel.dae
[36.995s] -- Installing: /home/adamgb/phd/gazebo_ws/install/px4/share/px4/Tools/simulation/gz/models/rover_ackermann/model.config
[36.995s] -- Installing: /home/adamgb/phd/gazebo_ws/install/px4/share/px4/Tools/simulation/gz/models/airspeed
[36.995s] -- Installing: /home/adamgb/phd/gazebo_ws/install/px4/share/px4/Tools/simulation/gz/models/airspeed/model.sdf
[36.996s] -- Installing: /home/adamgb/phd/gazebo_ws/install/px4/share/px4/Tools/simulation/gz/models/airspeed/model.config
[36.996s] -- Installing: /home/adamgb/phd/gazebo_ws/install/px4/share/px4/Tools/simulation/gz/models/lidar_2d_v2
[36.996s] -- Installing: /home/adamgb/phd/gazebo_ws/install/px4/share/px4/Tools/simulation/gz/models/lidar_2d_v2/model.sdf
[36.996s] -- Installing: /home/adamgb/phd/gazebo_ws/install/px4/share/px4/Tools/simulation/gz/models/lidar_2d_v2/thumbnails
[36.996s] -- Installing: /home/adamgb/phd/gazebo_ws/install/px4/share/px4/Tools/simulation/gz/models/lidar_2d_v2/thumbnails/5.jpg
[36.996s] -- Installing: /home/adamgb/phd/gazebo_ws/install/px4/share/px4/Tools/simulation/gz/models/lidar_2d_v2/thumbnails/2.jpg
[36.996s] -- Installing: /home/adamgb/phd/gazebo_ws/install/px4/share/px4/Tools/simulation/gz/models/lidar_2d_v2/thumbnails/4.jpg
[36.996s] -- Installing: /home/adamgb/phd/gazebo_ws/install/px4/share/px4/Tools/simulation/gz/models/lidar_2d_v2/thumbnails/1.jpg
[36.996s] -- Installing: /home/adamgb/phd/gazebo_ws/install/px4/share/px4/Tools/simulation/gz/models/lidar_2d_v2/thumbnails/3.jpg
[36.996s] -- Installing: /home/adamgb/phd/gazebo_ws/install/px4/share/px4/Tools/simulation/gz/models/lidar_2d_v2/meshes
[36.996s] -- Installing: /home/adamgb/phd/gazebo_ws/install/px4/share/px4/Tools/simulation/gz/models/lidar_2d_v2/meshes/lidar_2d_v2.jpg
[36.996s] -- Installing: /home/adamgb/phd/gazebo_ws/install/px4/share/px4/Tools/simulation/gz/models/lidar_2d_v2/meshes/lidar_2d_v2.dae
[36.996s] -- Installing: /home/adamgb/phd/gazebo_ws/install/px4/share/px4/Tools/simulation/gz/models/lidar_2d_v2/model.config
[36.996s] -- Installing: /home/adamgb/phd/gazebo_ws/install/px4/share/px4/Tools/simulation/gz/models/rover_differential
[36.996s] -- Installing: /home/adamgb/phd/gazebo_ws/install/px4/share/px4/Tools/simulation/gz/models/rover_differential/model.sdf
[36.996s] -- Installing: /home/adamgb/phd/gazebo_ws/install/px4/share/px4/Tools/simulation/gz/models/rover_differential/meshes
[36.996s] -- Installing: /home/adamgb/phd/gazebo_ws/install/px4/share/px4/Tools/simulation/gz/models/rover_differential/meshes/rover_differential_wheel.dae
[36.997s] -- Installing: /home/adamgb/phd/gazebo_ws/install/px4/share/px4/Tools/simulation/gz/models/rover_differential/meshes/rover_differential_base.dae
[36.997s] -- Installing: /home/adamgb/phd/gazebo_ws/install/px4/share/px4/Tools/simulation/gz/models/rover_differential/model.config
[36.997s] -- Installing: /home/adamgb/phd/gazebo_ws/install/px4/share/px4/Tools/simulation/gz/models/x500_mono_cam
[36.997s] -- Installing: /home/adamgb/phd/gazebo_ws/install/px4/share/px4/Tools/simulation/gz/models/x500_mono_cam/model.sdf
[36.997s] -- Installing: /home/adamgb/phd/gazebo_ws/install/px4/share/px4/Tools/simulation/gz/models/x500_mono_cam/model.config
[36.997s] -- Installing: /home/adamgb/phd/gazebo_ws/install/px4/share/px4/Tools/simulation/gz/models/x500_gimbal
[36.997s] -- Installing: /home/adamgb/phd/gazebo_ws/install/px4/share/px4/Tools/simulation/gz/models/x500_gimbal/model.sdf
[36.997s] -- Installing: /home/adamgb/phd/gazebo_ws/install/px4/share/px4/Tools/simulation/gz/models/x500_gimbal/model.config
[36.997s] -- Installing: /home/adamgb/phd/gazebo_ws/install/px4/share/px4/Tools/simulation/gz/models/rover_mecanum
[36.997s] -- Installing: /home/adamgb/phd/gazebo_ws/install/px4/share/px4/Tools/simulation/gz/models/rover_mecanum/model.sdf
[36.997s] -- Installing: /home/adamgb/phd/gazebo_ws/install/px4/share/px4/Tools/simulation/gz/models/rover_mecanum/meshes
[36.997s] -- Installing: /home/adamgb/phd/gazebo_ws/install/px4/share/px4/Tools/simulation/gz/models/rover_mecanum/meshes/rover_mec_base.dae
[36.998s] -- Installing: /home/adamgb/phd/gazebo_ws/install/px4/share/px4/Tools/simulation/gz/models/rover_mecanum/model.config
[36.998s] -- Installing: /home/adamgb/phd/gazebo_ws/install/px4/share/px4/Tools/simulation/gz/models/advanced_plane
[36.998s] -- Installing: /home/adamgb/phd/gazebo_ws/install/px4/share/px4/Tools/simulation/gz/models/advanced_plane/model.sdf
[36.998s] -- Installing: /home/adamgb/phd/gazebo_ws/install/px4/share/px4/Tools/simulation/gz/models/advanced_plane/model.config
[36.998s] -- Installing: /home/adamgb/phd/gazebo_ws/install/px4/share/px4/Tools/simulation/gz/models/mono_cam
[36.998s] -- Installing: /home/adamgb/phd/gazebo_ws/install/px4/share/px4/Tools/simulation/gz/models/mono_cam/model.sdf
[36.998s] -- Installing: /home/adamgb/phd/gazebo_ws/install/px4/share/px4/Tools/simulation/gz/models/mono_cam/model.config
[36.998s] -- Installing: /home/adamgb/phd/gazebo_ws/install/px4/share/px4/Tools/simulation/gz/models/x500_mono_cam_down
[36.998s] -- Installing: /home/adamgb/phd/gazebo_ws/install/px4/share/px4/Tools/simulation/gz/models/x500_mono_cam_down/model.sdf
[36.998s] -- Installing: /home/adamgb/phd/gazebo_ws/install/px4/share/px4/Tools/simulation/gz/models/x500_mono_cam_down/model.config
[36.998s] -- Installing: /home/adamgb/phd/gazebo_ws/install/px4/share/px4/Tools/simulation/gz/models/lawnmower
[36.998s] -- Installing: /home/adamgb/phd/gazebo_ws/install/px4/share/px4/Tools/simulation/gz/models/lawnmower/model.sdf
[36.998s] -- Installing: /home/adamgb/phd/gazebo_ws/install/px4/share/px4/Tools/simulation/gz/models/lawnmower/meshes
[36.998s] -- Installing: /home/adamgb/phd/gazebo_ws/install/px4/share/px4/Tools/simulation/gz/models/lawnmower/meshes/wheel_link.STL
[36.998s] -- Installing: /home/adamgb/phd/gazebo_ws/install/px4/share/px4/Tools/simulation/gz/models/lawnmower/model.config
[36.998s] -- Installing: /home/adamgb/phd/gazebo_ws/install/px4/share/px4/Tools/simulation/gz/models/x500_depth
[36.998s] -- Installing: /home/adamgb/phd/gazebo_ws/install/px4/share/px4/Tools/simulation/gz/models/x500_depth/LICENSE
[36.998s] -- Installing: /home/adamgb/phd/gazebo_ws/install/px4/share/px4/Tools/simulation/gz/models/x500_depth/model.sdf
[36.998s] -- Installing: /home/adamgb/phd/gazebo_ws/install/px4/share/px4/Tools/simulation/gz/models/x500_depth/thumbnails
[36.999s] -- Installing: /home/adamgb/phd/gazebo_ws/install/px4/share/px4/Tools/simulation/gz/models/x500_depth/thumbnails/4.png
[36.999s] -- Installing: /home/adamgb/phd/gazebo_ws/install/px4/share/px4/Tools/simulation/gz/models/x500_depth/thumbnails/5.png
[36.999s] -- Installing: /home/adamgb/phd/gazebo_ws/install/px4/share/px4/Tools/simulation/gz/models/x500_depth/thumbnails/3.png
[36.999s] -- Installing: /home/adamgb/phd/gazebo_ws/install/px4/share/px4/Tools/simulation/gz/models/x500_depth/thumbnails/2.png
[36.999s] -- Installing: /home/adamgb/phd/gazebo_ws/install/px4/share/px4/Tools/simulation/gz/models/x500_depth/thumbnails/1.png
[36.999s] -- Installing: /home/adamgb/phd/gazebo_ws/install/px4/share/px4/Tools/simulation/gz/models/x500_depth/model.config
[36.999s] -- Installing: /home/adamgb/phd/gazebo_ws/install/px4/share/px4/Tools/simulation/gz/models/atmos
[36.999s] -- Installing: /home/adamgb/phd/gazebo_ws/install/px4/share/px4/Tools/simulation/gz/models/atmos/model.sdf
[36.999s] -- Installing: /home/adamgb/phd/gazebo_ws/install/px4/share/px4/Tools/simulation/gz/models/omnicopter
[36.999s] -- Installing: /home/adamgb/phd/gazebo_ws/install/px4/share/px4/Tools/simulation/gz/models/omnicopter/model.sdf
[36.999s] -- Installing: /home/adamgb/phd/gazebo_ws/install/px4/share/px4/Tools/simulation/gz/models/omnicopter/thumbnails
[36.999s] -- Installing: /home/adamgb/phd/gazebo_ws/install/px4/share/px4/Tools/simulation/gz/models/omnicopter/thumbnails/omnicopter.png
[36.999s] -- Installing: /home/adamgb/phd/gazebo_ws/install/px4/share/px4/Tools/simulation/gz/models/omnicopter/meshes
[36.999s] -- Installing: /home/adamgb/phd/gazebo_ws/install/px4/share/px4/Tools/simulation/gz/models/omnicopter/meshes/omnicopter.stl
[37.000s] -- Installing: /home/adamgb/phd/gazebo_ws/install/px4/share/px4/Tools/simulation/gz/models/omnicopter/meshes/iris_prop_ccw.dae
[37.000s] -- Installing: /home/adamgb/phd/gazebo_ws/install/px4/share/px4/Tools/simulation/gz/models/omnicopter/meshes/iris_prop_cw.dae
[37.000s] -- Installing: /home/adamgb/phd/gazebo_ws/install/px4/share/px4/Tools/simulation/gz/models/omnicopter/model.config
[37.000s] -- Installing: /home/adamgb/phd/gazebo_ws/install/px4/share/px4/Tools/simulation/gz/models/tiltrotor
[37.000s] -- Installing: /home/adamgb/phd/gazebo_ws/install/px4/share/px4/Tools/simulation/gz/models/tiltrotor/model.sdf
[37.000s] -- Installing: /home/adamgb/phd/gazebo_ws/install/px4/share/px4/Tools/simulation/gz/models/tiltrotor/model.config
[37.000s] -- Installing: /home/adamgb/phd/gazebo_ws/install/px4/share/px4/Tools/simulation/gz/models/x500_lidar_front
[37.000s] -- Installing: /home/adamgb/phd/gazebo_ws/install/px4/share/px4/Tools/simulation/gz/models/x500_lidar_front/model.sdf
[37.000s] -- Installing: /home/adamgb/phd/gazebo_ws/install/px4/share/px4/Tools/simulation/gz/models/x500_lidar_front/model.config
[37.000s] -- Installing: /home/adamgb/phd/gazebo_ws/install/px4/share/px4/Tools/simulation/gz/models/x500_base
[37.000s] -- Installing: /home/adamgb/phd/gazebo_ws/install/px4/share/px4/Tools/simulation/gz/models/x500_base/LICENSE
[37.000s] -- Installing: /home/adamgb/phd/gazebo_ws/install/px4/share/px4/Tools/simulation/gz/models/x500_base/model.sdf
[37.000s] -- Installing: /home/adamgb/phd/gazebo_ws/install/px4/share/px4/Tools/simulation/gz/models/x500_base/thumbnails
[37.000s] -- Installing: /home/adamgb/phd/gazebo_ws/install/px4/share/px4/Tools/simulation/gz/models/x500_base/thumbnails/4.png
[37.000s] -- Installing: /home/adamgb/phd/gazebo_ws/install/px4/share/px4/Tools/simulation/gz/models/x500_base/thumbnails/5.png
[37.000s] -- Installing: /home/adamgb/phd/gazebo_ws/install/px4/share/px4/Tools/simulation/gz/models/x500_base/thumbnails/3.png
[37.001s] -- Installing: /home/adamgb/phd/gazebo_ws/install/px4/share/px4/Tools/simulation/gz/models/x500_base/thumbnails/2.png
[37.001s] -- Installing: /home/adamgb/phd/gazebo_ws/install/px4/share/px4/Tools/simulation/gz/models/x500_base/thumbnails/1.png
[37.001s] -- Installing: /home/adamgb/phd/gazebo_ws/install/px4/share/px4/Tools/simulation/gz/models/x500_base/materials
[37.001s] -- Installing: /home/adamgb/phd/gazebo_ws/install/px4/share/px4/Tools/simulation/gz/models/x500_base/materials/textures
[37.001s] -- Installing: /home/adamgb/phd/gazebo_ws/install/px4/share/px4/Tools/simulation/gz/models/x500_base/materials/textures/nxp.png
[37.001s] -- Installing: /home/adamgb/phd/gazebo_ws/install/px4/share/px4/Tools/simulation/gz/models/x500_base/materials/textures/rd.png
[37.001s] -- Installing: /home/adamgb/phd/gazebo_ws/install/px4/share/px4/Tools/simulation/gz/models/x500_base/materials/textures/CF.png
[37.002s] -- Installing: /home/adamgb/phd/gazebo_ws/install/px4/share/px4/Tools/simulation/gz/models/x500_base/meshes
[37.002s] -- Installing: /home/adamgb/phd/gazebo_ws/install/px4/share/px4/Tools/simulation/gz/models/x500_base/meshes/1345_prop_cw.stl
[37.002s] -- Installing: /home/adamgb/phd/gazebo_ws/install/px4/share/px4/Tools/simulation/gz/models/x500_base/meshes/1345_prop_ccw.stl
[37.002s] -- Installing: /home/adamgb/phd/gazebo_ws/install/px4/share/px4/Tools/simulation/gz/models/x500_base/meshes/NXP-HGD-CF.dae
[37.010s] -- Installing: /home/adamgb/phd/gazebo_ws/install/px4/share/px4/Tools/simulation/gz/models/x500_base/meshes/5010Bell.dae
[37.010s] -- Installing: /home/adamgb/phd/gazebo_ws/install/px4/share/px4/Tools/simulation/gz/models/x500_base/meshes/5010Base.dae
[37.010s] -- Installing: /home/adamgb/phd/gazebo_ws/install/px4/share/px4/Tools/simulation/gz/models/x500_base/meshes/CF.png
[37.011s] -- Installing: /home/adamgb/phd/gazebo_ws/install/px4/share/px4/Tools/simulation/gz/models/x500_base/model.config
[37.011s] -- Installing: /home/adamgb/phd/gazebo_ws/install/px4/share/px4/Tools/simulation/gz/models/gimbal
[37.011s] -- Installing: /home/adamgb/phd/gazebo_ws/install/px4/share/px4/Tools/simulation/gz/models/gimbal/model.sdf
[37.011s] -- Installing: /home/adamgb/phd/gazebo_ws/install/px4/share/px4/Tools/simulation/gz/models/gimbal/meshes
[37.011s] -- Installing: /home/adamgb/phd/gazebo_ws/install/px4/share/px4/Tools/simulation/gz/models/gimbal/meshes/cgo3_camera_remeshed_v1.stl
[37.011s] -- Installing: /home/adamgb/phd/gazebo_ws/install/px4/share/px4/Tools/simulation/gz/models/gimbal/meshes/cgo3_vertical_arm_remeshed_v1.stl
[37.011s] -- Installing: /home/adamgb/phd/gazebo_ws/install/px4/share/px4/Tools/simulation/gz/models/gimbal/meshes/cgo3_horizontal_arm_remeshed_v1.stl
[37.012s] -- Installing: /home/adamgb/phd/gazebo_ws/install/px4/share/px4/Tools/simulation/gz/models/gimbal/meshes/cgo3_mount_remeshed_v1.stl
[37.012s] -- Installing: /home/adamgb/phd/gazebo_ws/install/px4/share/px4/Tools/simulation/gz/models/gimbal/model.config
[37.012s] -- Installing: /home/adamgb/phd/gazebo_ws/install/px4/share/px4/Tools/simulation/gz/models/moving_platform
[37.012s] -- Installing: /home/adamgb/phd/gazebo_ws/install/px4/share/px4/Tools/simulation/gz/models/moving_platform/model.sdf
[37.012s] -- Installing: /home/adamgb/phd/gazebo_ws/install/px4/share/px4/Tools/simulation/gz/models/moving_platform/model.config
[37.012s] -- Installing: /home/adamgb/phd/gazebo_ws/install/px4/share/px4/Tools/simulation/gz/models/uuv_bluerov2_heavy
[37.012s] -- Installing: /home/adamgb/phd/gazebo_ws/install/px4/share/px4/Tools/simulation/gz/models/uuv_bluerov2_heavy/model.sdf
[37.012s] -- Installing: /home/adamgb/phd/gazebo_ws/install/px4/share/px4/Tools/simulation/gz/models/uuv_bluerov2_heavy/meshes
[37.012s] -- Installing: /home/adamgb/phd/gazebo_ws/install/px4/share/px4/Tools/simulation/gz/models/uuv_bluerov2_heavy/meshes/prop.dae
[37.012s] -- Installing: /home/adamgb/phd/gazebo_ws/install/px4/share/px4/Tools/simulation/gz/models/uuv_bluerov2_heavy/meshes/BlueROV2heavy.dae
[37.013s] -- Installing: /home/adamgb/phd/gazebo_ws/install/px4/share/px4/Tools/simulation/gz/models/uuv_bluerov2_heavy/model.config
[37.013s] -- Installing: /home/adamgb/phd/gazebo_ws/install/px4/share/px4/Tools/simulation/gz/models/OakD-Lite
[37.013s] -- Installing: /home/adamgb/phd/gazebo_ws/install/px4/share/px4/Tools/simulation/gz/models/OakD-Lite/LICENSE
[37.013s] -- Installing: /home/adamgb/phd/gazebo_ws/install/px4/share/px4/Tools/simulation/gz/models/OakD-Lite/model.sdf
[37.013s] -- Installing: /home/adamgb/phd/gazebo_ws/install/px4/share/px4/Tools/simulation/gz/models/OakD-Lite/thumbnails
[37.013s] -- Installing: /home/adamgb/phd/gazebo_ws/install/px4/share/px4/Tools/simulation/gz/models/OakD-Lite/thumbnails/4.png
[37.013s] -- Installing: /home/adamgb/phd/gazebo_ws/install/px4/share/px4/Tools/simulation/gz/models/OakD-Lite/thumbnails/5.png
[37.013s] -- Installing: /home/adamgb/phd/gazebo_ws/install/px4/share/px4/Tools/simulation/gz/models/OakD-Lite/thumbnails/3.png
[37.013s] -- Installing: /home/adamgb/phd/gazebo_ws/install/px4/share/px4/Tools/simulation/gz/models/OakD-Lite/thumbnails/2.png
[37.013s] -- Installing: /home/adamgb/phd/gazebo_ws/install/px4/share/px4/Tools/simulation/gz/models/OakD-Lite/thumbnails/1.png
[37.013s] -- Installing: /home/adamgb/phd/gazebo_ws/install/px4/share/px4/Tools/simulation/gz/models/OakD-Lite/meshes
[37.013s] -- Installing: /home/adamgb/phd/gazebo_ws/install/px4/share/px4/Tools/simulation/gz/models/OakD-Lite/meshes/OakDLite.dae
[37.016s] -- Installing: /home/adamgb/phd/gazebo_ws/install/px4/share/px4/Tools/simulation/gz/models/OakD-Lite/model.config
[37.016s] -- Installing: /home/adamgb/phd/gazebo_ws/install/px4/share/px4/Tools/simulation/gz/models/LW20
[37.016s] -- Installing: /home/adamgb/phd/gazebo_ws/install/px4/share/px4/Tools/simulation/gz/models/LW20/model.sdf
[37.016s] -- Installing: /home/adamgb/phd/gazebo_ws/install/px4/share/px4/Tools/simulation/gz/models/LW20/meshes
[37.016s] -- Installing: /home/adamgb/phd/gazebo_ws/install/px4/share/px4/Tools/simulation/gz/models/LW20/meshes/LW20.dae
[37.016s] -- Installing: /home/adamgb/phd/gazebo_ws/install/px4/share/px4/Tools/simulation/gz/models/LW20/model.config
[37.016s] -- Installing: /home/adamgb/phd/gazebo_ws/install/px4/share/px4/Tools/simulation/gz/models/helipad
[37.016s] -- Installing: /home/adamgb/phd/gazebo_ws/install/px4/share/px4/Tools/simulation/gz/models/helipad/model.sdf
[37.016s] -- Installing: /home/adamgb/phd/gazebo_ws/install/px4/share/px4/Tools/simulation/gz/models/helipad/helipad.jpg
[37.016s] -- Installing: /home/adamgb/phd/gazebo_ws/install/px4/share/px4/Tools/simulation/gz/models/helipad/model.config
[37.016s] -- Installing: /home/adamgb/phd/gazebo_ws/install/px4/share/px4/Tools/simulation/gz/models/r1_rover
[37.016s] -- Installing: /home/adamgb/phd/gazebo_ws/install/px4/share/px4/Tools/simulation/gz/models/r1_rover/model.sdf
[37.016s] -- Installing: /home/adamgb/phd/gazebo_ws/install/px4/share/px4/Tools/simulation/gz/models/r1_rover/meshes
[37.016s] -- Installing: /home/adamgb/phd/gazebo_ws/install/px4/share/px4/Tools/simulation/gz/models/r1_rover/meshes/wheel_link_simple.STL
[37.016s] -- Installing: /home/adamgb/phd/gazebo_ws/install/px4/share/px4/Tools/simulation/gz/models/r1_rover/meshes/top_link.STL
[37.016s] -- Installing: /home/adamgb/phd/gazebo_ws/install/px4/share/px4/Tools/simulation/gz/models/r1_rover/meshes/antenna_link.STL
[37.017s] -- Installing: /home/adamgb/phd/gazebo_ws/install/px4/share/px4/Tools/simulation/gz/models/r1_rover/meshes/battery_link.STL
[37.017s] -- Installing: /home/adamgb/phd/gazebo_ws/install/px4/share/px4/Tools/simulation/gz/models/r1_rover/meshes/wheel_link.STL
[37.017s] -- Installing: /home/adamgb/phd/gazebo_ws/install/px4/share/px4/Tools/simulation/gz/models/r1_rover/meshes/housing_link.STL
[37.017s] -- Installing: /home/adamgb/phd/gazebo_ws/install/px4/share/px4/Tools/simulation/gz/models/r1_rover/meshes/chassis_link.STL
[37.017s] -- Installing: /home/adamgb/phd/gazebo_ws/install/px4/share/px4/Tools/simulation/gz/models/r1_rover/model.config
[37.017s] -- Installing: /home/adamgb/phd/gazebo_ws/install/px4/share/px4/Tools/simulation/gz/models/spacecraft_2d
[37.017s] -- Installing: /home/adamgb/phd/gazebo_ws/install/px4/share/px4/Tools/simulation/gz/models/spacecraft_2d/model.sdf
[37.017s] -- Installing: /home/adamgb/phd/gazebo_ws/install/px4/share/px4/Tools/simulation/gz/models/x500_flow
[37.017s] -- Installing: /home/adamgb/phd/gazebo_ws/install/px4/share/px4/Tools/simulation/gz/models/x500_flow/model.sdf
[37.017s] -- Installing: /home/adamgb/phd/gazebo_ws/install/px4/share/px4/Tools/simulation/gz/models/x500_flow/model.config
[37.017s] -- Installing: /home/adamgb/phd/gazebo_ws/install/px4/share/px4/Tools/simulation/gz/models/x500
[37.017s] -- Installing: /home/adamgb/phd/gazebo_ws/install/px4/share/px4/Tools/simulation/gz/models/x500/LICENSE
[37.017s] -- Installing: /home/adamgb/phd/gazebo_ws/install/px4/share/px4/Tools/simulation/gz/models/x500/model.sdf
[37.017s] -- Installing: /home/adamgb/phd/gazebo_ws/install/px4/share/px4/Tools/simulation/gz/models/x500/thumbnails
[37.017s] -- Installing: /home/adamgb/phd/gazebo_ws/install/px4/share/px4/Tools/simulation/gz/models/x500/thumbnails/4.png
[37.017s] -- Installing: /home/adamgb/phd/gazebo_ws/install/px4/share/px4/Tools/simulation/gz/models/x500/thumbnails/5.png
[37.017s] -- Installing: /home/adamgb/phd/gazebo_ws/install/px4/share/px4/Tools/simulation/gz/models/x500/thumbnails/3.png
[37.018s] -- Installing: /home/adamgb/phd/gazebo_ws/install/px4/share/px4/Tools/simulation/gz/models/x500/thumbnails/2.png
[37.018s] -- Installing: /home/adamgb/phd/gazebo_ws/install/px4/share/px4/Tools/simulation/gz/models/x500/thumbnails/1.png
[37.018s] -- Installing: /home/adamgb/phd/gazebo_ws/install/px4/share/px4/Tools/simulation/gz/models/x500/model.config
[37.018s] -- Installing: /home/adamgb/phd/gazebo_ws/install/px4/share/px4/Tools/simulation/gz/models/optical_flow
[37.018s] -- Installing: /home/adamgb/phd/gazebo_ws/install/px4/share/px4/Tools/simulation/gz/models/optical_flow/model.sdf
[37.018s] -- Installing: /home/adamgb/phd/gazebo_ws/install/px4/share/px4/Tools/simulation/gz/models/optical_flow/model.config
[37.018s] -- Installing: /home/adamgb/phd/gazebo_ws/install/px4/share/px4/Tools/simulation/gz/models/quadtailsitter
[37.018s] -- Installing: /home/adamgb/phd/gazebo_ws/install/px4/share/px4/Tools/simulation/gz/models/quadtailsitter/model.sdf
[37.018s] -- Installing: /home/adamgb/phd/gazebo_ws/install/px4/share/px4/Tools/simulation/gz/models/quadtailsitter/meshes
[37.018s] -- Installing: /home/adamgb/phd/gazebo_ws/install/px4/share/px4/Tools/simulation/gz/models/quadtailsitter/meshes/body.dae
[37.018s] -- Installing: /home/adamgb/phd/gazebo_ws/install/px4/share/px4/Tools/simulation/gz/models/quadtailsitter/meshes/iris_prop_ccw.dae
[37.018s] -- Installing: /home/adamgb/phd/gazebo_ws/install/px4/share/px4/Tools/simulation/gz/models/quadtailsitter/meshes/iris_prop_cw.dae
[37.018s] -- Installing: /home/adamgb/phd/gazebo_ws/install/px4/share/px4/Tools/simulation/gz/models/quadtailsitter/model.config
[37.019s] -- Installing: /home/adamgb/phd/gazebo_ws/install/px4/share/px4/Tools/simulation/gz/worlds
[37.019s] -- Installing: /home/adamgb/phd/gazebo_ws/install/px4/share/px4/Tools/simulation/gz/worlds/forest.sdf
[37.019s] -- Installing: /home/adamgb/phd/gazebo_ws/install/px4/share/px4/Tools/simulation/gz/worlds/windy.sdf
[37.019s] -- Installing: /home/adamgb/phd/gazebo_ws/install/px4/share/px4/Tools/simulation/gz/worlds/kthspacelab.sdf
[37.019s] -- Installing: /home/adamgb/phd/gazebo_ws/install/px4/share/px4/Tools/simulation/gz/worlds/lawn.sdf
[37.019s] -- Installing: /home/adamgb/phd/gazebo_ws/install/px4/share/px4/Tools/simulation/gz/worlds/moving_platform.sdf
[37.019s] -- Installing: /home/adamgb/phd/gazebo_ws/install/px4/share/px4/Tools/simulation/gz/worlds/rover.sdf
[37.019s] -- Installing: /home/adamgb/phd/gazebo_ws/install/px4/share/px4/Tools/simulation/gz/worlds/walls.sdf
[37.019s] -- Installing: /home/adamgb/phd/gazebo_ws/install/px4/share/px4/Tools/simulation/gz/worlds/aruco.sdf
[37.019s] -- Installing: /home/adamgb/phd/gazebo_ws/install/px4/share/px4/Tools/simulation/gz/worlds/default.sdf
[37.019s] -- Installing: /home/adamgb/phd/gazebo_ws/install/px4/share/px4/Tools/simulation/gz/worlds/frictionless.sdf
[37.019s] -- Installing: /home/adamgb/phd/gazebo_ws/install/px4/share/px4/Tools/simulation/gz/worlds/baylands.sdf
[37.019s] -- Installing: /home/adamgb/phd/gazebo_ws/install/px4/share/px4/Tools/simulation/gz/worlds/underwater.sdf
[37.021s] Invoked command in '/home/adamgb/phd/gazebo_ws/build/px4' returned '0': /usr/bin/cmake --install /home/adamgb/phd/gazebo_ws/build/px4
